<?xml version="1.0" encoding="UTF-8"?>
<kml xmlns="http://www.opengis.net/kml/2.2">
  <Document>
    <name>ALIDRIVER COBERTURA PERÚ CONTRA ENTREGA</name>
    <description/>
    <Style id="poly-01579B-1200-77-normal">
      <LineStyle>
        <color>ff9b5701</color>
        <width>1.2</width>
      </LineStyle>
      <PolyStyle>
        <color>4d9b5701</color>
        <fill>1</fill>
        <outline>1</outline>
      </PolyStyle>
    </Style>
    <Style id="poly-01579B-1200-77-highlight">
      <LineStyle>
        <color>ff9b5701</color>
        <width>1.8</width>
      </LineStyle>
      <PolyStyle>
        <color>4d9b5701</color>
        <fill>1</fill>
        <outline>1</outline>
      </PolyStyle>
    </Style>
    <StyleMap id="poly-01579B-1200-77">
      <Pair>
        <key>normal</key>
        <styleUrl>#poly-01579B-1200-77-normal</styleUrl>
      </Pair>
      <Pair>
        <key>highlight</key>
        <styleUrl>#poly-01579B-1200-77-highlight</styleUrl>
      </Pair>
    </StyleMap>
    <Style id="poly-01579B-1200-77-nodesc-normal">
      <LineStyle>
        <color>ff9b5701</color>
        <width>1.2</width>
      </LineStyle>
      <PolyStyle>
        <color>4d9b5701</color>
        <fill>1</fill>
        <outline>1</outline>
      </PolyStyle>
      <BalloonStyle>
        <text><![CDATA[<h3>$[name]</h3>]]></text>
      </BalloonStyle>
    </Style>
    <Style id="poly-01579B-1200-77-nodesc-highlight">
      <LineStyle>
        <color>ff9b5701</color>
        <width>1.8</width>
      </LineStyle>
      <PolyStyle>
        <color>4d9b5701</color>
        <fill>1</fill>
        <outline>1</outline>
      </PolyStyle>
      <BalloonStyle>
        <text><![CDATA[<h3>$[name]</h3>]]></text>
      </BalloonStyle>
    </Style>
    <StyleMap id="poly-01579B-1200-77-nodesc">
      <Pair>
        <key>normal</key>
        <styleUrl>#poly-01579B-1200-77-nodesc-normal</styleUrl>
      </Pair>
      <Pair>
        <key>highlight</key>
        <styleUrl>#poly-01579B-1200-77-nodesc-highlight</styleUrl>
      </Pair>
    </StyleMap>
    <Style id="poly-01579B-2000-77-normal">
      <LineStyle>
        <color>ff9b5701</color>
        <width>2</width>
      </LineStyle>
      <PolyStyle>
        <color>4d9b5701</color>
        <fill>1</fill>
        <outline>1</outline>
      </PolyStyle>
    </Style>
    <Style id="poly-01579B-2000-77-highlight">
      <LineStyle>
        <color>ff9b5701</color>
        <width>3</width>
      </LineStyle>
      <PolyStyle>
        <color>4d9b5701</color>
        <fill>1</fill>
        <outline>1</outline>
      </PolyStyle>
    </Style>
    <StyleMap id="poly-01579B-2000-77">
      <Pair>
        <key>normal</key>
        <styleUrl>#poly-01579B-2000-77-normal</styleUrl>
      </Pair>
      <Pair>
        <key>highlight</key>
        <styleUrl>#poly-01579B-2000-77-highlight</styleUrl>
      </Pair>
    </StyleMap>
    <Style id="poly-1A237E-2000-77-nodesc-normal">
      <LineStyle>
        <color>ff7e231a</color>
        <width>2</width>
      </LineStyle>
      <PolyStyle>
        <color>4d7e231a</color>
        <fill>1</fill>
        <outline>1</outline>
      </PolyStyle>
      <BalloonStyle>
        <text><![CDATA[<h3>$[name]</h3>]]></text>
      </BalloonStyle>
    </Style>
    <Style id="poly-1A237E-2000-77-nodesc-highlight">
      <LineStyle>
        <color>ff7e231a</color>
        <width>3</width>
      </LineStyle>
      <PolyStyle>
        <color>4d7e231a</color>
        <fill>1</fill>
        <outline>1</outline>
      </PolyStyle>
      <BalloonStyle>
        <text><![CDATA[<h3>$[name]</h3>]]></text>
      </BalloonStyle>
    </Style>
    <StyleMap id="poly-1A237E-2000-77-nodesc">
      <Pair>
        <key>normal</key>
        <styleUrl>#poly-1A237E-2000-77-nodesc-normal</styleUrl>
      </Pair>
      <Pair>
        <key>highlight</key>
        <styleUrl>#poly-1A237E-2000-77-nodesc-highlight</styleUrl>
      </Pair>
    </StyleMap>
    <Style id="poly-880E4F-1000-76-normal">
      <LineStyle>
        <color>ff4f0e88</color>
        <width>1</width>
      </LineStyle>
      <PolyStyle>
        <color>4c4f0e88</color>
        <fill>1</fill>
        <outline>1</outline>
      </PolyStyle>
    </Style>
    <Style id="poly-880E4F-1000-76-highlight">
      <LineStyle>
        <color>ff4f0e88</color>
        <width>1.5</width>
      </LineStyle>
      <PolyStyle>
        <color>4c4f0e88</color>
        <fill>1</fill>
        <outline>1</outline>
      </PolyStyle>
    </Style>
    <StyleMap id="poly-880E4F-1000-76">
      <Pair>
        <key>normal</key>
        <styleUrl>#poly-880E4F-1000-76-normal</styleUrl>
      </Pair>
      <Pair>
        <key>highlight</key>
        <styleUrl>#poly-880E4F-1000-76-highlight</styleUrl>
      </Pair>
    </StyleMap>
    <Style id="poly-880E4F-1200-77-normal">
      <LineStyle>
        <color>ff4f0e88</color>
        <width>1.2</width>
      </LineStyle>
      <PolyStyle>
        <color>4d4f0e88</color>
        <fill>1</fill>
        <outline>1</outline>
      </PolyStyle>
    </Style>
    <Style id="poly-880E4F-1200-77-highlight">
      <LineStyle>
        <color>ff4f0e88</color>
        <width>1.8</width>
      </LineStyle>
      <PolyStyle>
        <color>4d4f0e88</color>
        <fill>1</fill>
        <outline>1</outline>
      </PolyStyle>
    </Style>
    <StyleMap id="poly-880E4F-1200-77">
      <Pair>
        <key>normal</key>
        <styleUrl>#poly-880E4F-1200-77-normal</styleUrl>
      </Pair>
      <Pair>
        <key>highlight</key>
        <styleUrl>#poly-880E4F-1200-77-highlight</styleUrl>
      </Pair>
    </StyleMap>
    <Style id="poly-880E4F-1200-77-nodesc-normal">
      <LineStyle>
        <color>ff4f0e88</color>
        <width>1.2</width>
      </LineStyle>
      <PolyStyle>
        <color>4d4f0e88</color>
        <fill>1</fill>
        <outline>1</outline>
      </PolyStyle>
      <BalloonStyle>
        <text><![CDATA[<h3>$[name]</h3>]]></text>
      </BalloonStyle>
    </Style>
    <Style id="poly-880E4F-1200-77-nodesc-highlight">
      <LineStyle>
        <color>ff4f0e88</color>
        <width>1.8</width>
      </LineStyle>
      <PolyStyle>
        <color>4d4f0e88</color>
        <fill>1</fill>
        <outline>1</outline>
      </PolyStyle>
      <BalloonStyle>
        <text><![CDATA[<h3>$[name]</h3>]]></text>
      </BalloonStyle>
    </Style>
    <StyleMap id="poly-880E4F-1200-77-nodesc">
      <Pair>
        <key>normal</key>
        <styleUrl>#poly-880E4F-1200-77-nodesc-normal</styleUrl>
      </Pair>
      <Pair>
        <key>highlight</key>
        <styleUrl>#poly-880E4F-1200-77-nodesc-highlight</styleUrl>
      </Pair>
    </StyleMap>
    <Style id="poly-880E4F-2000-77-nodesc-normal">
      <LineStyle>
        <color>ff4f0e88</color>
        <width>2</width>
      </LineStyle>
      <PolyStyle>
        <color>4d4f0e88</color>
        <fill>1</fill>
        <outline>1</outline>
      </PolyStyle>
      <BalloonStyle>
        <text><![CDATA[<h3>$[name]</h3>]]></text>
      </BalloonStyle>
    </Style>
    <Style id="poly-880E4F-2000-77-nodesc-highlight">
      <LineStyle>
        <color>ff4f0e88</color>
        <width>3</width>
      </LineStyle>
      <PolyStyle>
        <color>4d4f0e88</color>
        <fill>1</fill>
        <outline>1</outline>
      </PolyStyle>
      <BalloonStyle>
        <text><![CDATA[<h3>$[name]</h3>]]></text>
      </BalloonStyle>
    </Style>
    <StyleMap id="poly-880E4F-2000-77-nodesc">
      <Pair>
        <key>normal</key>
        <styleUrl>#poly-880E4F-2000-77-nodesc-normal</styleUrl>
      </Pair>
      <Pair>
        <key>highlight</key>
        <styleUrl>#poly-880E4F-2000-77-nodesc-highlight</styleUrl>
      </Pair>
    </StyleMap>
    <Style id="poly-C2185B-1200-61-normal">
      <LineStyle>
        <color>ff5b18c2</color>
        <width>1.2</width>
      </LineStyle>
      <PolyStyle>
        <color>3d5b18c2</color>
        <fill>1</fill>
        <outline>1</outline>
      </PolyStyle>
    </Style>
    <Style id="poly-C2185B-1200-61-highlight">
      <LineStyle>
        <color>ff5b18c2</color>
        <width>1.8</width>
      </LineStyle>
      <PolyStyle>
        <color>3d5b18c2</color>
        <fill>1</fill>
        <outline>1</outline>
      </PolyStyle>
    </Style>
    <StyleMap id="poly-C2185B-1200-61">
      <Pair>
        <key>normal</key>
        <styleUrl>#poly-C2185B-1200-61-normal</styleUrl>
      </Pair>
      <Pair>
        <key>highlight</key>
        <styleUrl>#poly-C2185B-1200-61-highlight</styleUrl>
      </Pair>
    </StyleMap>
    <Style id="poly-C2185B-1200-77-nodesc-normal">
      <LineStyle>
        <color>ff5b18c2</color>
        <width>1.2</width>
      </LineStyle>
      <PolyStyle>
        <color>4d5b18c2</color>
        <fill>1</fill>
        <outline>1</outline>
      </PolyStyle>
      <BalloonStyle>
        <text><![CDATA[<h3>$[name]</h3>]]></text>
      </BalloonStyle>
    </Style>
    <Style id="poly-C2185B-1200-77-nodesc-highlight">
      <LineStyle>
        <color>ff5b18c2</color>
        <width>1.8</width>
      </LineStyle>
      <PolyStyle>
        <color>4d5b18c2</color>
        <fill>1</fill>
        <outline>1</outline>
      </PolyStyle>
      <BalloonStyle>
        <text><![CDATA[<h3>$[name]</h3>]]></text>
      </BalloonStyle>
    </Style>
    <StyleMap id="poly-C2185B-1200-77-nodesc">
      <Pair>
        <key>normal</key>
        <styleUrl>#poly-C2185B-1200-77-nodesc-normal</styleUrl>
      </Pair>
      <Pair>
        <key>highlight</key>
        <styleUrl>#poly-C2185B-1200-77-nodesc-highlight</styleUrl>
      </Pair>
    </StyleMap>
    <Style id="poly-E65100-1200-77-normal">
      <LineStyle>
        <color>ff0051e6</color>
        <width>1.2</width>
      </LineStyle>
      <PolyStyle>
        <color>4d0051e6</color>
        <fill>1</fill>
        <outline>1</outline>
      </PolyStyle>
    </Style>
    <Style id="poly-E65100-1200-77-highlight">
      <LineStyle>
        <color>ff0051e6</color>
        <width>1.8</width>
      </LineStyle>
      <PolyStyle>
        <color>4d0051e6</color>
        <fill>1</fill>
        <outline>1</outline>
      </PolyStyle>
    </Style>
    <StyleMap id="poly-E65100-1200-77">
      <Pair>
        <key>normal</key>
        <styleUrl>#poly-E65100-1200-77-normal</styleUrl>
      </Pair>
      <Pair>
        <key>highlight</key>
        <styleUrl>#poly-E65100-1200-77-highlight</styleUrl>
      </Pair>
    </StyleMap>
    <Style id="poly-E65100-1200-77-nodesc-normal">
      <LineStyle>
        <color>ff0051e6</color>
        <width>1.2</width>
      </LineStyle>
      <PolyStyle>
        <color>4d0051e6</color>
        <fill>1</fill>
        <outline>1</outline>
      </PolyStyle>
      <BalloonStyle>
        <text><![CDATA[<h3>$[name]</h3>]]></text>
      </BalloonStyle>
    </Style>
    <Style id="poly-E65100-1200-77-nodesc-highlight">
      <LineStyle>
        <color>ff0051e6</color>
        <width>1.8</width>
      </LineStyle>
      <PolyStyle>
        <color>4d0051e6</color>
        <fill>1</fill>
        <outline>1</outline>
      </PolyStyle>
      <BalloonStyle>
        <text><![CDATA[<h3>$[name]</h3>]]></text>
      </BalloonStyle>
    </Style>
    <StyleMap id="poly-E65100-1200-77-nodesc">
      <Pair>
        <key>normal</key>
        <styleUrl>#poly-E65100-1200-77-nodesc-normal</styleUrl>
      </Pair>
      <Pair>
        <key>highlight</key>
        <styleUrl>#poly-E65100-1200-77-nodesc-highlight</styleUrl>
      </Pair>
    </StyleMap>
    <Style id="poly-E65100-2000-77-normal">
      <LineStyle>
        <color>ff0051e6</color>
        <width>2</width>
      </LineStyle>
      <PolyStyle>
        <color>4d0051e6</color>
        <fill>1</fill>
        <outline>1</outline>
      </PolyStyle>
    </Style>
    <Style id="poly-E65100-2000-77-highlight">
      <LineStyle>
        <color>ff0051e6</color>
        <width>3</width>
      </LineStyle>
      <PolyStyle>
        <color>4d0051e6</color>
        <fill>1</fill>
        <outline>1</outline>
      </PolyStyle>
    </Style>
    <StyleMap id="poly-E65100-2000-77">
      <Pair>
        <key>normal</key>
        <styleUrl>#poly-E65100-2000-77-normal</styleUrl>
      </Pair>
      <Pair>
        <key>highlight</key>
        <styleUrl>#poly-E65100-2000-77-highlight</styleUrl>
      </Pair>
    </StyleMap>
    <Style id="poly-F9A825-2000-77-nodesc-normal">
      <LineStyle>
        <color>ff25a8f9</color>
        <width>2</width>
      </LineStyle>
      <PolyStyle>
        <color>4d25a8f9</color>
        <fill>1</fill>
        <outline>1</outline>
      </PolyStyle>
      <BalloonStyle>
        <text><![CDATA[<h3>$[name]</h3>]]></text>
      </BalloonStyle>
    </Style>
    <Style id="poly-F9A825-2000-77-nodesc-highlight">
      <LineStyle>
        <color>ff25a8f9</color>
        <width>3</width>
      </LineStyle>
      <PolyStyle>
        <color>4d25a8f9</color>
        <fill>1</fill>
        <outline>1</outline>
      </PolyStyle>
      <BalloonStyle>
        <text><![CDATA[<h3>$[name]</h3>]]></text>
      </BalloonStyle>
    </Style>
    <StyleMap id="poly-F9A825-2000-77-nodesc">
      <Pair>
        <key>normal</key>
        <styleUrl>#poly-F9A825-2000-77-nodesc-normal</styleUrl>
      </Pair>
      <Pair>
        <key>highlight</key>
        <styleUrl>#poly-F9A825-2000-77-nodesc-highlight</styleUrl>
      </Pair>
    </StyleMap>
    <Style id="poly-F9A825-4000-54-nodesc-normal">
      <LineStyle>
        <color>ff25a8f9</color>
        <width>4</width>
      </LineStyle>
      <PolyStyle>
        <color>3625a8f9</color>
        <fill>1</fill>
        <outline>1</outline>
      </PolyStyle>
      <BalloonStyle>
        <text><![CDATA[<h3>$[name]</h3>]]></text>
      </BalloonStyle>
    </Style>
    <Style id="poly-F9A825-4000-54-nodesc-highlight">
      <LineStyle>
        <color>ff25a8f9</color>
        <width>6</width>
      </LineStyle>
      <PolyStyle>
        <color>3625a8f9</color>
        <fill>1</fill>
        <outline>1</outline>
      </PolyStyle>
      <BalloonStyle>
        <text><![CDATA[<h3>$[name]</h3>]]></text>
      </BalloonStyle>
    </Style>
    <StyleMap id="poly-F9A825-4000-54-nodesc">
      <Pair>
        <key>normal</key>
        <styleUrl>#poly-F9A825-4000-54-nodesc-normal</styleUrl>
      </Pair>
      <Pair>
        <key>highlight</key>
        <styleUrl>#poly-F9A825-4000-54-nodesc-highlight</styleUrl>
      </Pair>
    </StyleMap>
    <Style id="poly-FBC02D-2000-77-normal">
      <LineStyle>
        <color>ff2dc0fb</color>
        <width>2</width>
      </LineStyle>
      <PolyStyle>
        <color>4d2dc0fb</color>
        <fill>1</fill>
        <outline>1</outline>
      </PolyStyle>
    </Style>
    <Style id="poly-FBC02D-2000-77-highlight">
      <LineStyle>
        <color>ff2dc0fb</color>
        <width>3</width>
      </LineStyle>
      <PolyStyle>
        <color>4d2dc0fb</color>
        <fill>1</fill>
        <outline>1</outline>
      </PolyStyle>
    </Style>
    <StyleMap id="poly-FBC02D-2000-77">
      <Pair>
        <key>normal</key>
        <styleUrl>#poly-FBC02D-2000-77-normal</styleUrl>
      </Pair>
      <Pair>
        <key>highlight</key>
        <styleUrl>#poly-FBC02D-2000-77-highlight</styleUrl>
      </Pair>
    </StyleMap>
    <Style id="poly-FBC02D-2000-77-nodesc-normal">
      <LineStyle>
        <color>ff2dc0fb</color>
        <width>2</width>
      </LineStyle>
      <PolyStyle>
        <color>4d2dc0fb</color>
        <fill>1</fill>
        <outline>1</outline>
      </PolyStyle>
      <BalloonStyle>
        <text><![CDATA[<h3>$[name]</h3>]]></text>
      </BalloonStyle>
    </Style>
    <Style id="poly-FBC02D-2000-77-nodesc-highlight">
      <LineStyle>
        <color>ff2dc0fb</color>
        <width>3</width>
      </LineStyle>
      <PolyStyle>
        <color>4d2dc0fb</color>
        <fill>1</fill>
        <outline>1</outline>
      </PolyStyle>
      <BalloonStyle>
        <text><![CDATA[<h3>$[name]</h3>]]></text>
      </BalloonStyle>
    </Style>
    <StyleMap id="poly-FBC02D-2000-77-nodesc">
      <Pair>
        <key>normal</key>
        <styleUrl>#poly-FBC02D-2000-77-nodesc-normal</styleUrl>
      </Pair>
      <Pair>
        <key>highlight</key>
        <styleUrl>#poly-FBC02D-2000-77-nodesc-highlight</styleUrl>
      </Pair>
    </StyleMap>
    <Style id="poly-FF5252-1200-77-normal">
      <LineStyle>
        <color>ff5252ff</color>
        <width>1.2</width>
      </LineStyle>
      <PolyStyle>
        <color>4d5252ff</color>
        <fill>1</fill>
        <outline>1</outline>
      </PolyStyle>
    </Style>
    <Style id="poly-FF5252-1200-77-highlight">
      <LineStyle>
        <color>ff5252ff</color>
        <width>1.8</width>
      </LineStyle>
      <PolyStyle>
        <color>4d5252ff</color>
        <fill>1</fill>
        <outline>1</outline>
      </PolyStyle>
    </Style>
    <StyleMap id="poly-FF5252-1200-77">
      <Pair>
        <key>normal</key>
        <styleUrl>#poly-FF5252-1200-77-normal</styleUrl>
      </Pair>
      <Pair>
        <key>highlight</key>
        <styleUrl>#poly-FF5252-1200-77-highlight</styleUrl>
      </Pair>
    </StyleMap>
    <Style id="poly-FF5252-2000-77-nodesc-normal">
      <LineStyle>
        <color>ff5252ff</color>
        <width>2</width>
      </LineStyle>
      <PolyStyle>
        <color>4d5252ff</color>
        <fill>1</fill>
        <outline>1</outline>
      </PolyStyle>
      <BalloonStyle>
        <text><![CDATA[<h3>$[name]</h3>]]></text>
      </BalloonStyle>
    </Style>
    <Style id="poly-FF5252-2000-77-nodesc-highlight">
      <LineStyle>
        <color>ff5252ff</color>
        <width>3</width>
      </LineStyle>
      <PolyStyle>
        <color>4d5252ff</color>
        <fill>1</fill>
        <outline>1</outline>
      </PolyStyle>
      <BalloonStyle>
        <text><![CDATA[<h3>$[name]</h3>]]></text>
      </BalloonStyle>
    </Style>
    <StyleMap id="poly-FF5252-2000-77-nodesc">
      <Pair>
        <key>normal</key>
        <styleUrl>#poly-FF5252-2000-77-nodesc-normal</styleUrl>
      </Pair>
      <Pair>
        <key>highlight</key>
        <styleUrl>#poly-FF5252-2000-77-nodesc-highlight</styleUrl>
      </Pair>
    </StyleMap>
    <Style id="poly-FFD600-1000-76-nodesc-normal">
      <LineStyle>
        <color>ff00d6ff</color>
        <width>1</width>
      </LineStyle>
      <PolyStyle>
        <color>4c00d6ff</color>
        <fill>1</fill>
        <outline>1</outline>
      </PolyStyle>
      <BalloonStyle>
        <text><![CDATA[<h3>$[name]</h3>]]></text>
      </BalloonStyle>
    </Style>
    <Style id="poly-FFD600-1000-76-nodesc-highlight">
      <LineStyle>
        <color>ff00d6ff</color>
        <width>1.5</width>
      </LineStyle>
      <PolyStyle>
        <color>4c00d6ff</color>
        <fill>1</fill>
        <outline>1</outline>
      </PolyStyle>
      <BalloonStyle>
        <text><![CDATA[<h3>$[name]</h3>]]></text>
      </BalloonStyle>
    </Style>
    <StyleMap id="poly-FFD600-1000-76-nodesc">
      <Pair>
        <key>normal</key>
        <styleUrl>#poly-FFD600-1000-76-nodesc-normal</styleUrl>
      </Pair>
      <Pair>
        <key>highlight</key>
        <styleUrl>#poly-FFD600-1000-76-nodesc-highlight</styleUrl>
      </Pair>
    </StyleMap>
    <Style id="poly-FFD600-1200-77-normal">
      <LineStyle>
        <color>ff00d6ff</color>
        <width>1.2</width>
      </LineStyle>
      <PolyStyle>
        <color>4d00d6ff</color>
        <fill>1</fill>
        <outline>1</outline>
      </PolyStyle>
    </Style>
    <Style id="poly-FFD600-1200-77-highlight">
      <LineStyle>
        <color>ff00d6ff</color>
        <width>1.8</width>
      </LineStyle>
      <PolyStyle>
        <color>4d00d6ff</color>
        <fill>1</fill>
        <outline>1</outline>
      </PolyStyle>
    </Style>
    <StyleMap id="poly-FFD600-1200-77">
      <Pair>
        <key>normal</key>
        <styleUrl>#poly-FFD600-1200-77-normal</styleUrl>
      </Pair>
      <Pair>
        <key>highlight</key>
        <styleUrl>#poly-FFD600-1200-77-highlight</styleUrl>
      </Pair>
    </StyleMap>
    <Style id="poly-FFD600-1200-77-nodesc-normal">
      <LineStyle>
        <color>ff00d6ff</color>
        <width>1.2</width>
      </LineStyle>
      <PolyStyle>
        <color>4d00d6ff</color>
        <fill>1</fill>
        <outline>1</outline>
      </PolyStyle>
      <BalloonStyle>
        <text><![CDATA[<h3>$[name]</h3>]]></text>
      </BalloonStyle>
    </Style>
    <Style id="poly-FFD600-1200-77-nodesc-highlight">
      <LineStyle>
        <color>ff00d6ff</color>
        <width>1.8</width>
      </LineStyle>
      <PolyStyle>
        <color>4d00d6ff</color>
        <fill>1</fill>
        <outline>1</outline>
      </PolyStyle>
      <BalloonStyle>
        <text><![CDATA[<h3>$[name]</h3>]]></text>
      </BalloonStyle>
    </Style>
    <StyleMap id="poly-FFD600-1200-77-nodesc">
      <Pair>
        <key>normal</key>
        <styleUrl>#poly-FFD600-1200-77-nodesc-normal</styleUrl>
      </Pair>
      <Pair>
        <key>highlight</key>
        <styleUrl>#poly-FFD600-1200-77-nodesc-highlight</styleUrl>
      </Pair>
    </StyleMap>
    <Style id="poly-FFD600-2000-77-nodesc-normal">
      <LineStyle>
        <color>ff00d6ff</color>
        <width>2</width>
      </LineStyle>
      <PolyStyle>
        <color>4d00d6ff</color>
        <fill>1</fill>
        <outline>1</outline>
      </PolyStyle>
      <BalloonStyle>
        <text><![CDATA[<h3>$[name]</h3>]]></text>
      </BalloonStyle>
    </Style>
    <Style id="poly-FFD600-2000-77-nodesc-highlight">
      <LineStyle>
        <color>ff00d6ff</color>
        <width>3</width>
      </LineStyle>
      <PolyStyle>
        <color>4d00d6ff</color>
        <fill>1</fill>
        <outline>1</outline>
      </PolyStyle>
      <BalloonStyle>
        <text><![CDATA[<h3>$[name]</h3>]]></text>
      </BalloonStyle>
    </Style>
    <StyleMap id="poly-FFD600-2000-77-nodesc">
      <Pair>
        <key>normal</key>
        <styleUrl>#poly-FFD600-2000-77-nodesc-normal</styleUrl>
      </Pair>
      <Pair>
        <key>highlight</key>
        <styleUrl>#poly-FFD600-2000-77-nodesc-highlight</styleUrl>
      </Pair>
    </StyleMap>
    <Style id="poly-FFEA00-1200-77-nodesc-normal">
      <LineStyle>
        <color>ff00eaff</color>
        <width>1.2</width>
      </LineStyle>
      <PolyStyle>
        <color>4d00eaff</color>
        <fill>1</fill>
        <outline>1</outline>
      </PolyStyle>
      <BalloonStyle>
        <text><![CDATA[<h3>$[name]</h3>]]></text>
      </BalloonStyle>
    </Style>
    <Style id="poly-FFEA00-1200-77-nodesc-highlight">
      <LineStyle>
        <color>ff00eaff</color>
        <width>1.8</width>
      </LineStyle>
      <PolyStyle>
        <color>4d00eaff</color>
        <fill>1</fill>
        <outline>1</outline>
      </PolyStyle>
      <BalloonStyle>
        <text><![CDATA[<h3>$[name]</h3>]]></text>
      </BalloonStyle>
    </Style>
    <StyleMap id="poly-FFEA00-1200-77-nodesc">
      <Pair>
        <key>normal</key>
        <styleUrl>#poly-FFEA00-1200-77-nodesc-normal</styleUrl>
      </Pair>
      <Pair>
        <key>highlight</key>
        <styleUrl>#poly-FFEA00-1200-77-nodesc-highlight</styleUrl>
      </Pair>
    </StyleMap>
    <Folder>
      <name>PROVINCIAS</name>
      <Placemark>
        <name>TRUJILLO</name>
        <styleUrl>#poly-F9A825-2000-77-nodesc</styleUrl>
        <Polygon>
          <outerBoundaryIs>
            <LinearRing>
              <tessellate>1</tessellate>
              <coordinates>
                -79.0169909,-8.0620753,0
                -79.0219316,-8.0611884,0
                -79.0220658,-8.0619161,0
                -79.023965,-8.0626067,0
                -79.0262193,-8.0671784,0
                -79.0295466,-8.0681385,0
                -79.032768,-8.0682739,0
                -79.0355201,-8.0687148,0
                -79.0383204,-8.067472,0
                -79.0428264,-8.0646358,0
                -79.0443713,-8.0622244,0
                -79.0454388,-8.0604556,0
                -79.0462917,-8.0588994,0
                -79.0485124,-8.0555745,0
                -79.0492312,-8.054236,0
                -79.0528253,-8.0487971,0
                -79.0564307,-8.0503473,0
                -79.0602716,-8.0575926,0
                -79.0584476,-8.058549,0
                -79.0618808,-8.0640728,0
                -79.0743268,-8.0692136,0
                -79.0735373,-8.0704232,0
                -79.0681559,-8.0728225,0
                -79.0714488,-8.0820279,0
                -79.0759144,-8.0933759,0
                -79.0809326,-8.097621,0
                -79.048877,-8.106349,0
                -79.0512806,-8.1156108,0
                -79.047161,-8.117565,0
                -79.050251,-8.126742,0
                -79.058834,-8.13252,0
                -79.0684473,-8.1366828,0
                -79.0445,-8.1563949,0
                -79.033342,-8.1526568,0
                -79.0282781,-8.1453502,0
                -79.020725,-8.151892,0
                -79.023472,-8.162427,0
                -79.0228281,-8.1685865,0
                -79.023815,-8.172622,0
                -79.0200608,-8.1765669,0
                -79.0115414,-8.1696486,0
                -78.990278,-8.150739,0
                -78.982725,-8.147425,0
                -78.993946,-8.136938,0
                -79.001842,-8.117565,0
                -78.988453,-8.105669,0
                -78.9958773,-8.0955357,0
                -78.9918803,-8.0894654,0
                -78.9898659,-8.0856495,0
                -78.9908114,-8.0810435,0
                -78.9894975,-8.0799663,0
                -78.9879929,-8.0803837,0
                -78.9875089,-8.0802313,0
                -78.9854369,-8.081396,0
                -78.9835329,-8.0827301,0
                -78.9811354,-8.0839261,0
                -78.9805026,-8.0847811,0
                -78.980299,-8.0817909,0
                -78.9784106,-8.0798362,0
                -78.9785823,-8.075248,0
                -78.9790975,-8.0738456,0
                -78.9808996,-8.0713812,0
                -78.9824449,-8.0695966,0
                -78.9837319,-8.0647103,0
                -78.988796,-8.061481,0
                -79.0169909,-8.0620753,0
              </coordinates>
            </LinearRing>
          </outerBoundaryIs>
        </Polygon>
      </Placemark>
      <Placemark>
        <name>TRUJILLO ADICIONAL 5</name>
        <styleUrl>#poly-880E4F-1200-77-nodesc</styleUrl>
        <Polygon>
          <outerBoundaryIs>
            <LinearRing>
              <tessellate>1</tessellate>
              <coordinates>
                -78.9738964,-8.0549465,0
                -78.9887451,-8.0433248,0
                -79.0079335,-8.0346269,0
                -79.012056,-8.0406463,0
                -79.0163932,-8.0464532,0
                -79.0229585,-8.0445373,0
                -79.0276355,-8.0473805,0
                -79.0274411,-8.0600997,0
                -79.0169909,-8.0620753,0
                -79.0070057,-8.0618194,0
                -78.9884876,-8.0615752,0
                -78.9837319,-8.0647103,0
                -78.9827196,-8.0696014,0
                -78.9790975,-8.0738456,0
                -78.9785823,-8.075248,0
                -78.9784106,-8.0798362,0
                -78.980299,-8.0817909,0
                -78.980556,-8.085615,0
                -78.9745227,-8.0909308,0
                -78.9621376,-8.0960765,0
                -78.9519235,-8.0898732,0
                -78.9454434,-8.0775514,0
                -78.9415166,-8.0793147,0
                -78.9380942,-8.0764148,0
                -78.9363883,-8.0708805,0
                -78.9444136,-8.066929,0
                -78.9635967,-8.0581758,0
                -78.9738964,-8.0549465,0
              </coordinates>
            </LinearRing>
          </outerBoundaryIs>
        </Polygon>
      </Placemark>
      <Placemark>
        <name>TRUJILLO ADICIONAL</name>
        <styleUrl>#poly-880E4F-2000-77-nodesc</styleUrl>
        <Polygon>
          <outerBoundaryIs>
            <LinearRing>
              <tessellate>1</tessellate>
              <coordinates>
                -79.0200608,-8.1765669,0
                -79.0072958,-8.1905019,0
                -78.9928133,-8.2039265,0
                -78.980453,-8.223635,0
                -78.969467,-8.224314,0
                -78.962772,-8.206984,0
                -78.965004,-8.195091,0
                -78.976545,-8.182939,0
                -78.976288,-8.161614,0
                -78.982725,-8.147425,0
                -78.990278,-8.150739,0
                -78.9910273,-8.1513825,0
                -79.0088712,-8.1672745,0
                -79.0115414,-8.1696486,0
                -79.0149005,-8.1724464,0
                -79.0200608,-8.1765669,0
              </coordinates>
            </LinearRing>
          </outerBoundaryIs>
        </Polygon>
      </Placemark>
      <Placemark>
        <name>TRUJILLO ADICIONAL</name>
        <styleUrl>#poly-880E4F-2000-77-nodesc</styleUrl>
        <MultiGeometry>
          <Polygon>
            <outerBoundaryIs>
              <LinearRing>
                <tessellate>1</tessellate>
                <coordinates>
                  -79.066568,-8.077199,0
                  -79.066513,-8.077226,0
                  -79.054714,-8.081196,0
                  -79.066568,-8.077199,0
                </coordinates>
              </LinearRing>
            </outerBoundaryIs>
          </Polygon>
          <Polygon>
            <outerBoundaryIs>
              <LinearRing>
                <tessellate>1</tessellate>
                <coordinates>
                  -79.0681559,-8.0728225,0
                  -79.0735373,-8.0704232,0
                  -79.0743268,-8.0692136,0
                  -79.0618808,-8.0640728,0
                  -79.0584476,-8.058549,0
                  -79.0602716,-8.0575926,0
                  -79.0564307,-8.0503473,0
                  -79.0528253,-8.0487971,0
                  -79.0490917,-8.0544379,0
                  -79.0428264,-8.0646358,0
                  -79.0355201,-8.0687148,0
                  -79.0262193,-8.0671784,0
                  -79.0241613,-8.0629087,0
                  -79.0220658,-8.0619161,0
                  -79.0219316,-8.0611884,0
                  -79.0264464,-8.0594478,0
                  -79.0310997,-8.0605818,0
                  -79.0378373,-8.0602672,0
                  -79.0422037,-8.0564935,0
                  -79.041839,-8.0492857,0
                  -79.045101,-8.044144,0
                  -79.033726,-8.0332043,0
                  -79.0361291,-8.0201159,0
                  -79.0431668,-8.0153563,0
                  -79.047716,-8.0106393,0
                  -79.0570715,-8.0086422,0
                  -79.0713193,-8.0090673,0
                  -79.0855676,-8.0223263,0
                  -79.1003307,-8.0390691,0
                  -79.1208868,-8.038177,0
                  -79.1368087,-8.0558111,0
                  -79.1215744,-8.0699179,0
                  -79.1205121,-8.0773536,0
                  -79.1235645,-8.080519,0
                  -79.1245998,-8.0854691,0
                  -79.1176687,-8.0966014,0
                  -79.0997728,-8.1106224,0
                  -79.0809326,-8.097621,0
                  -79.0759144,-8.0933759,0
                  -79.0722695,-8.0838622,0
                  -79.0681559,-8.0728225,0
                </coordinates>
              </LinearRing>
            </outerBoundaryIs>
          </Polygon>
        </MultiGeometry>
      </Placemark>
      <Placemark>
        <name>CHIMBOTE</name>
        <styleUrl>#poly-FBC02D-2000-77-nodesc</styleUrl>
        <Polygon>
          <outerBoundaryIs>
            <LinearRing>
              <tessellate>1</tessellate>
              <coordinates>
                -78.607689,-9.074438,0
                -78.596709,-9.077123,0
                -78.587525,-9.080386,0
                -78.578856,-9.087972,0
                -78.558686,-9.127507,0
                -78.552892,-9.124159,0
                -78.549416,-9.116278,0
                -78.548729,-9.113185,0
                -78.558171,-9.093353,0
                -78.557699,-9.089116,0
                -78.560059,-9.085175,0
                -78.562548,-9.082293,0
                -78.566319,-9.081049,0
                -78.563229,-9.078846,0
                -78.565032,-9.073421,0
                -78.569151,-9.069777,0
                -78.570868,-9.069183,0
                -78.572842,-9.059097,0
                -78.569666,-9.05452,0
                -78.572327,-9.051553,0
                -78.573443,-9.046213,0
                -78.579537,-9.045196,0
                -78.579666,-9.045154,0
                -78.5831313,-9.0448253,0
                -78.5840646,-9.0439456,0
                -78.5876426,-9.0425523,0
                -78.5903194,-9.042939,0
                -78.5909523,-9.0407881,0
                -78.609406,-9.032312,0
                -78.610693,-9.041212,0
                -78.599192,-9.04723,0
                -78.595244,-9.049943,0
                -78.595244,-9.053757,0
                -78.593613,-9.060538,0
                -78.592497,-9.064267,0
                -78.596617,-9.066132,0
                -78.602883,-9.067997,0
                -78.606402,-9.069946,0
                -78.607689,-9.074438,0
              </coordinates>
            </LinearRing>
          </outerBoundaryIs>
        </Polygon>
      </Placemark>
      <Placemark>
        <name>CHIMBOTE ADICIONAL 5</name>
        <styleUrl>#poly-880E4F-2000-77-nodesc</styleUrl>
        <Polygon>
          <outerBoundaryIs>
            <LinearRing>
              <tessellate>1</tessellate>
              <coordinates>
                -78.609406,-9.032312,0
                -78.608055,-9.027528,0
                -78.605652,-9.021933,0
                -78.604794,-9.018118,0
                -78.613548,-9.014982,0
                -78.621445,-9.016253,0
                -78.623247,-9.022696,0
                -78.620672,-9.028206,0
                -78.619127,-9.033376,0
                -78.610693,-9.041212,0
                -78.609406,-9.032312,0
              </coordinates>
            </LinearRing>
          </outerBoundaryIs>
        </Polygon>
      </Placemark>
      <Placemark>
        <name>CHIMBOTE ADICIONAL 5</name>
        <styleUrl>#poly-FF5252-2000-77-nodesc</styleUrl>
        <Polygon>
          <outerBoundaryIs>
            <LinearRing>
              <tessellate>1</tessellate>
              <coordinates>
                -78.548729,-9.113185,0
                -78.552892,-9.124159,0
                -78.558686,-9.127507,0
                -78.559201,-9.127535,0
                -78.545983,-9.127704,0
                -78.538086,-9.13245,0
                -78.529332,-9.13228,0
                -78.518603,-9.1405,0
                -78.511221,-9.148974,0
                -78.502037,-9.15677,0
                -78.495257,-9.162024,0
                -78.502638,-9.167532,0
                -78.494227,-9.175836,0
                -78.489721,-9.170412,0
                -78.487982,-9.172446,0
                -78.485397,-9.169735,0
                -78.497622,-9.15838,0
                -78.4948728,-9.1545458,0
                -78.4925755,-9.1566748,0
                -78.4897103,-9.1538838,0
                -78.4890931,-9.1544796,0
                -78.4827252,-9.1479997,0
                -78.479722,-9.137704,0
                -78.4831551,-9.1267717,0
                -78.4935342,-9.113037,0
                -78.4968877,-9.1081706,0
                -78.505986,-9.106857,0
                -78.525392,-9.093117,0
                -78.534404,-9.09888,0
                -78.541357,-9.110067,0
                -78.545477,-9.106677,0
                -78.546335,-9.106762,0
                -78.547785,-9.107422,0
                -78.548086,-9.110007,0
                -78.548729,-9.113185,0
              </coordinates>
            </LinearRing>
          </outerBoundaryIs>
        </Polygon>
      </Placemark>
      <Placemark>
        <name>CHIMBOTE ADICIONAL</name>
        <styleUrl>#poly-880E4F-1200-77-nodesc</styleUrl>
        <Polygon>
          <outerBoundaryIs>
            <LinearRing>
              <tessellate>1</tessellate>
              <coordinates>
                -78.5037851,-9.1552955,0
                -78.495257,-9.162024,0
                -78.502638,-9.167532,0
                -78.494227,-9.175836,0
                -78.485397,-9.169735,0
                -78.4983516,-9.1584224,0
                -78.4948728,-9.1545458,0
                -78.4925755,-9.1566748,0
                -78.4897103,-9.1538838,0
                -78.4890931,-9.1544796,0
                -78.4827252,-9.1479997,0
                -78.479722,-9.137704,0
                -78.4831551,-9.1267717,0
                -78.4909654,-9.1160521,0
                -78.4935342,-9.113037,0
                -78.5011672,-9.1186236,0
                -78.4976053,-9.1223736,0
                -78.4929704,-9.1268227,0
                -78.4923266,-9.1337081,0
                -78.4954166,-9.1365787,0
                -78.4984636,-9.1400002,0
                -78.4930777,-9.1452752,0
                -78.5037851,-9.1552955,0
              </coordinates>
            </LinearRing>
          </outerBoundaryIs>
        </Polygon>
      </Placemark>
      <Placemark>
        <name>CHICLAYO</name>
        <styleUrl>#poly-FBC02D-2000-77-nodesc</styleUrl>
        <Polygon>
          <outerBoundaryIs>
            <LinearRing>
              <tessellate>1</tessellate>
              <coordinates>
                -79.868782,-6.755046,0
                -79.868267,-6.76374,0
                -79.877193,-6.769025,0
                -79.8787811,-6.7700049,0
                -79.8734588,-6.7782727,0
                -79.8681803,-6.7869874,0
                -79.8656268,-6.7914672,0
                -79.8633309,-6.7908759,0
                -79.8600693,-6.7898212,0
                -79.853675,-6.79306,0
                -79.851444,-6.803628,0
                -79.842517,-6.804991,0
                -79.837368,-6.810446,0
                -79.829814,-6.80448,0
                -79.82621,-6.799025,0
                -79.824836,-6.779764,0
                -79.82415,-6.770729,0
                -79.817283,-6.768002,0
                -79.814365,-6.762717,0
                -79.82003,-6.750955,0
                -79.832733,-6.747886,0
                -79.839427,-6.747205,0
                -79.841659,-6.740045,0
                -79.849384,-6.737658,0
                -79.8614,-6.739022,0
                -79.871528,-6.741408,0
                -79.87376,-6.747886,0
                -79.868782,-6.755046,0
              </coordinates>
            </LinearRing>
          </outerBoundaryIs>
        </Polygon>
      </Placemark>
      <Placemark>
        <name>CHICLAYO ADICIONAL</name>
        <styleUrl>#poly-880E4F-2000-77-nodesc</styleUrl>
        <Polygon>
          <outerBoundaryIs>
            <LinearRing>
              <tessellate>1</tessellate>
              <coordinates>
                -79.904023,-6.691891,0
                -79.918357,-6.693766,0
                -79.921275,-6.701864,0
                -79.922648,-6.710815,0
                -79.917756,-6.715247,0
                -79.91149,-6.715929,0
                -79.910718,-6.709025,0
                -79.906083,-6.712349,0
                -79.900418,-6.715077,0
                -79.89338,-6.711156,0
                -79.892093,-6.707917,0
                -79.891149,-6.696835,0
                -79.893208,-6.69334,0
                -79.904023,-6.691891,0
              </coordinates>
            </LinearRing>
          </outerBoundaryIs>
        </Polygon>
      </Placemark>
      <Placemark>
        <name>CHICLAYO ADICIONAL</name>
        <styleUrl>#poly-880E4F-1200-77-nodesc</styleUrl>
        <Polygon>
          <outerBoundaryIs>
            <LinearRing>
              <tessellate>1</tessellate>
              <coordinates>
                -79.8787811,-6.7700049,0
                -79.8816719,-6.7742335,0
                -79.8853626,-6.7743187,0
                -79.886693,-6.7758529,0
                -79.8879376,-6.7750432,0
                -79.8896113,-6.7754267,0
                -79.8916283,-6.7776853,0
                -79.8928728,-6.7764069,0
                -79.8937311,-6.7791769,0
                -79.895834,-6.779603,0
                -79.8962202,-6.7810946,0
                -79.8952761,-6.7843333,0
                -79.898366,-6.7904698,0
                -79.8961344,-6.7942198,0
                -79.891285,-6.8012085,0
                -79.8880663,-6.8083249,0
                -79.8819294,-6.8064499,0
                -79.8767366,-6.8047454,0
                -79.8762646,-6.8006545,0
                -79.8687544,-6.7992909,0
                -79.8623171,-6.7964358,0
                -79.8787811,-6.7700049,0
              </coordinates>
            </LinearRing>
          </outerBoundaryIs>
        </Polygon>
      </Placemark>
      <Placemark>
        <name>TARAPOTO</name>
        <styleUrl>#poly-FBC02D-2000-77-nodesc</styleUrl>
        <Polygon>
          <outerBoundaryIs>
            <LinearRing>
              <tessellate>1</tessellate>
              <coordinates>
                -76.398022,-6.459512,0
                -76.401455,-6.465312,0
                -76.403858,-6.484074,0
                -76.372787,-6.51179,0
                -76.358196,-6.520232,0
                -76.345836,-6.524582,0
                -76.333134,-6.524667,0
                -76.319358,-6.519764,0
                -76.318585,-6.514647,0
                -76.32764,-6.490897,0
                -76.346866,-6.471111,0
                -76.356994,-6.461048,0
                -76.371757,-6.464459,0
                -76.386005,-6.469406,0
                -76.398022,-6.459512,0
              </coordinates>
            </LinearRing>
          </outerBoundaryIs>
        </Polygon>
      </Placemark>
      <Placemark>
        <name>TARAPOTO ADICIONAL 5</name>
        <styleUrl>#poly-880E4F-2000-77-nodesc</styleUrl>
        <MultiGeometry>
          <Polygon>
            <outerBoundaryIs>
              <LinearRing>
                <tessellate>1</tessellate>
                <coordinates>
                  -76.4038459,-6.4839651,0
                  -76.403858,-6.484074,0
                  -76.4034696,-6.4844246,0
                  -76.4038459,-6.4839651,0
                </coordinates>
              </LinearRing>
            </outerBoundaryIs>
          </Polygon>
          <Polygon>
            <outerBoundaryIs>
              <LinearRing>
                <tessellate>1</tessellate>
                <coordinates>
                  -76.402356,-6.470514,0
                  -76.401455,-6.465312,0
                  -76.4003229,-6.4637232,0
                  -76.4041262,-6.4639258,0
                  -76.4081281,-6.4685951,0
                  -76.4066904,-6.4804922,0
                  -76.4038459,-6.4839651,0
                  -76.402356,-6.470514,0
                </coordinates>
              </LinearRing>
            </outerBoundaryIs>
          </Polygon>
          <Polygon>
            <outerBoundaryIs>
              <LinearRing>
                <tessellate>1</tessellate>
                <coordinates>
                  -76.4034696,-6.4844246,0
                  -76.38917,-6.5018821,0
                  -76.383462,-6.525333,0
                  -76.373163,-6.539403,0
                  -76.359344,-6.545543,0
                  -76.344581,-6.548357,0
                  -76.343208,-6.529853,0
                  -76.345836,-6.524582,0
                  -76.361662,-6.518511,0
                  -76.376167,-6.509131,0
                  -76.3827544,-6.5031188,0
                  -76.4034696,-6.4844246,0
                </coordinates>
              </LinearRing>
            </outerBoundaryIs>
          </Polygon>
        </MultiGeometry>
      </Placemark>
      <Placemark>
        <name>TARAPOTO ADICIONAL 7</name>
        <styleUrl>#poly-1A237E-2000-77-nodesc</styleUrl>
        <Polygon>
          <outerBoundaryIs>
            <LinearRing>
              <tessellate>1</tessellate>
              <coordinates>
                -76.4226554,-6.4605354,0
                -76.4539065,-6.4538271,0
                -76.4593995,-6.4621851,0
                -76.4557945,-6.4693491,0
                -76.4491429,-6.468155,0
                -76.441118,-6.4626966,0
                -76.4337794,-6.4630806,0
                -76.4244666,-6.4644879,0
                -76.4245432,-6.4636059,0
                -76.424286,-6.462327,0
                -76.4226554,-6.4605354,0
              </coordinates>
            </LinearRing>
          </outerBoundaryIs>
        </Polygon>
      </Placemark>
      <Placemark>
        <name>TARAPOTO ADICIONAL 8</name>
        <description><![CDATA[lamas S/8<br>km antes S/7]]></description>
        <styleUrl>#poly-01579B-2000-77</styleUrl>
        <Polygon>
          <outerBoundaryIs>
            <LinearRing>
              <tessellate>1</tessellate>
              <coordinates>
                -76.522961,-6.408108,0
                -76.54047,-6.415273,0
                -76.524334,-6.431649,0
                -76.459142,-6.462441,0
                -76.453649,-6.454083,0
                -76.502705,-6.412884,0
                -76.522961,-6.408108,0
              </coordinates>
            </LinearRing>
          </outerBoundaryIs>
        </Polygon>
      </Placemark>
      <Placemark>
        <name>PIURA</name>
        <styleUrl>#poly-F9A825-2000-77-nodesc</styleUrl>
        <Polygon>
          <outerBoundaryIs>
            <LinearRing>
              <tessellate>1</tessellate>
              <coordinates>
                -80.631924,-5.13878,0
                -80.639134,-5.138951,0
                -80.652352,-5.143396,0
                -80.665913,-5.14408,0
                -80.678273,-5.142028,0
                -80.684281,-5.150235,0
                -80.680676,-5.159809,0
                -80.693036,-5.166647,0
                -80.696812,-5.177589,0
                -80.699387,-5.186308,0
                -80.689774,-5.196736,0
                -80.681878,-5.2046,0
                -80.672436,-5.214857,0
                -80.66042,-5.217592,0
                -80.665398,-5.224943,0
                -80.67072,-5.239645,0
                -80.661965,-5.24597,0
                -80.651666,-5.226482,0
                -80.635358,-5.236055,0
                -80.626676,-5.230542,0
                -80.61157,-5.230371,0
                -80.606764,-5.224046,0
                -80.613459,-5.217208,0
                -80.609339,-5.203532,0
                -80.592516,-5.208319,0
                -80.579985,-5.207122,0
                -80.568483,-5.200284,0
                -80.569513,-5.19071,0
                -80.573805,-5.183188,0
                -80.570372,-5.172246,0
                -80.564363,-5.159595,0
                -80.582903,-5.163356,0
                -80.601614,-5.170879,0
                -80.604017,-5.161989,0
                -80.60413,-5.155615,0
                -80.618893,-5.139373,0
                -80.631924,-5.13878,0
              </coordinates>
            </LinearRing>
          </outerBoundaryIs>
        </Polygon>
      </Placemark>
      <Placemark>
        <name>PIURA ADICIONAL</name>
        <styleUrl>#poly-880E4F-2000-77-nodesc</styleUrl>
        <Polygon>
          <outerBoundaryIs>
            <LinearRing>
              <tessellate>1</tessellate>
              <coordinates>
                -80.67072,-5.239645,0
                -80.678283,-5.243897,0
                -80.682403,-5.254837,0
                -80.684463,-5.266119,0
                -80.689956,-5.271931,0
                -80.690815,-5.278426,0
                -80.68927,-5.285776,0
                -80.679142,-5.285776,0
                -80.668842,-5.27364,0
                -80.657856,-5.26441,0
                -80.652019,-5.255179,0
                -80.645324,-5.24817,0
                -80.632965,-5.245264,0
                -80.616485,-5.252615,0
                -80.599319,-5.250051,0
                -80.581638,-5.243213,0
                -80.58078,-5.227999,0
                -80.58696,-5.216545,0
                -80.592516,-5.208319,0
                -80.609339,-5.203532,0
                -80.613459,-5.217208,0
                -80.606764,-5.224046,0
                -80.61157,-5.230371,0
                -80.626676,-5.230542,0
                -80.635358,-5.236055,0
                -80.651666,-5.226482,0
                -80.661965,-5.24597,0
                -80.67072,-5.239645,0
              </coordinates>
            </LinearRing>
          </outerBoundaryIs>
        </Polygon>
      </Placemark>
      <Placemark>
        <name>CAJAMARCA</name>
        <styleUrl>#poly-F9A825-2000-77-nodesc</styleUrl>
        <Polygon>
          <outerBoundaryIs>
            <LinearRing>
              <tessellate>1</tessellate>
              <coordinates>
                -78.505331,-7.137978,0
                -78.513742,-7.137126,0
                -78.518034,-7.134401,0
                -78.519664,-7.129802,0
                -78.526102,-7.130739,0
                -78.532196,-7.135508,0
                -78.529192,-7.142322,0
                -78.534856,-7.144962,0
                -78.53829,-7.148028,0
                -78.535886,-7.153904,0
                -78.531252,-7.155607,0
                -78.533655,-7.160632,0
                -78.533569,-7.168381,0
                -78.524385,-7.169488,0
                -78.521038,-7.173576,0
                -78.514772,-7.177323,0
                -78.513477,-7.179659,0
                -78.513358,-7.189356,0
                -78.505032,-7.195998,0
                -78.500827,-7.192677,0
                -78.492759,-7.192506,0
                -78.487351,-7.194976,0
                -78.481601,-7.191484,0
                -78.477481,-7.183224,0
                -78.479798,-7.177859,0
                -78.478511,-7.171047,0
                -78.488725,-7.165937,0
                -78.489583,-7.162701,0
                -78.482631,-7.157421,0
                -78.488553,-7.148905,0
                -78.505331,-7.137978,0
              </coordinates>
            </LinearRing>
          </outerBoundaryIs>
        </Polygon>
      </Placemark>
      <Placemark>
        <name>CAJAMARCA ADICIONAL</name>
        <styleUrl>#poly-880E4F-2000-77-nodesc</styleUrl>
        <Polygon>
          <outerBoundaryIs>
            <LinearRing>
              <tessellate>1</tessellate>
              <coordinates>
                -78.539984,-7.125252,0
                -78.557493,-7.121846,0
                -78.569509,-7.125252,0
                -78.56642,-7.131555,0
                -78.55612,-7.139731,0
                -78.542387,-7.146714,0
                -78.53829,-7.148028,0
                -78.529192,-7.142322,0
                -78.532196,-7.135508,0
                -78.526102,-7.130739,0
                -78.518354,-7.130362,0
                -78.518034,-7.134401,0
                -78.506681,-7.138198,0
                -78.497927,-7.142456,0
                -78.492605,-7.1445,0
                -78.488553,-7.148905,0
                -78.483335,-7.151313,0
                -78.484365,-7.141093,0
                -78.481962,-7.131555,0
                -78.491575,-7.125423,0
                -78.500158,-7.116565,0
                -78.504965,-7.111455,0
                -78.520586,-7.110774,0
                -78.523848,-7.11912,0
                -78.539984,-7.125252,0
              </coordinates>
            </LinearRing>
          </outerBoundaryIs>
        </Polygon>
      </Placemark>
      <Placemark>
        <name>CAJAMARCA ADICIONAL</name>
        <styleUrl>#poly-880E4F-2000-77-nodesc</styleUrl>
        <Polygon>
          <outerBoundaryIs>
            <LinearRing>
              <tessellate>1</tessellate>
              <coordinates>
                -78.500827,-7.192677,0
                -78.493649,-7.19998,0
                -78.48395,-7.204408,0
                -78.47408,-7.202194,0
                -78.469016,-7.194189,0
                -78.465582,-7.17818,0
                -78.457514,-7.172389,0
                -78.451849,-7.16217,0
                -78.458887,-7.154676,0
                -78.476225,-7.154846,0
                -78.478457,-7.151439,0
                -78.483692,-7.153398,0
                -78.482631,-7.157421,0
                -78.489583,-7.162701,0
                -78.488725,-7.165937,0
                -78.478511,-7.171047,0
                -78.479798,-7.177859,0
                -78.477481,-7.183224,0
                -78.481601,-7.191484,0
                -78.486868,-7.194445,0
                -78.488413,-7.195126,0
                -78.492876,-7.191975,0
                -78.500827,-7.192677,0
              </coordinates>
            </LinearRing>
          </outerBoundaryIs>
        </Polygon>
      </Placemark>
      <Placemark>
        <name>AREQUIPA</name>
        <styleUrl>#poly-F9A825-2000-77-nodesc</styleUrl>
        <Polygon>
          <outerBoundaryIs>
            <LinearRing>
              <tessellate>1</tessellate>
              <coordinates>
                -71.5396568,-16.3490603,0
                -71.5403436,-16.3442835,0
                -71.5397,-16.3388478,0
                -71.5376946,-16.331698,0
                -71.5432194,-16.328779,0
                -71.5502573,-16.3258345,0
                -71.5532398,-16.3274303,0
                -71.5574671,-16.3274819,0
                -71.5609216,-16.3273891,0
                -71.5673375,-16.3273582,0
                -71.5720096,-16.3273687,0
                -71.575829,-16.3270393,0
                -71.5849937,-16.3247998,0
                -71.5861545,-16.3266169,0
                -71.5884348,-16.3263595,0
                -71.5912938,-16.3264469,0
                -71.5925057,-16.3283264,0
                -71.5947695,-16.3272452,0
                -71.5933214,-16.3320946,0
                -71.5939001,-16.3348943,0
                -71.595274,-16.3500493,0
                -71.5873772,-16.3523553,0
                -71.5784516,-16.3607346,0
                -71.575533,-16.3734373,0
                -71.5742666,-16.3787073,0
                -71.5760372,-16.3952989,0
                -71.5752808,-16.4004964,0
                -71.5751655,-16.4021431,0
                -71.5742367,-16.402273,0
                -71.573426,-16.402264,0
                -71.5735893,-16.4030571,0
                -71.5741227,-16.4036959,0
                -71.5737496,-16.4041905,0
                -71.5738297,-16.4045102,0
                -71.5944587,-16.406167,0
                -71.5917115,-16.4192992,0
                -71.599394,-16.4238273,0
                -71.6076328,-16.4323883,0
                -71.6082351,-16.4378895,0
                -71.6033851,-16.4483179,0
                -71.596562,-16.4530359,0
                -71.5927421,-16.4521866,0
                -71.5895452,-16.4518423,0
                -71.5879466,-16.4502782,0
                -71.5760592,-16.4461518,0
                -71.5753188,-16.4460387,0
                -71.5749975,-16.4456682,0
                -71.5710391,-16.438887,0
                -71.5671219,-16.4481943,0
                -71.5578532,-16.4524743,0
                -71.5454937,-16.4574133,0
                -71.5370509,-16.4623882,0
                -71.522835,-16.463833,0
                -71.5164837,-16.4597999,0
                -71.5147675,-16.456096,0
                -71.5054975,-16.4518159,0
                -71.5007983,-16.4488524,0
                -71.5003367,-16.4467946,0
                -71.4998323,-16.4442428,0
                -71.4921416,-16.4378894,0
                -71.4929892,-16.4348235,0
                -71.4936219,-16.4337812,0
                -71.4933803,-16.4326736,0
                -71.4775178,-16.4284373,0
                -71.4676472,-16.428849,0
                -71.467862,-16.4255662,0
                -71.4668751,-16.4249179,0
                -71.4620689,-16.4205751,0
                -71.4531424,-16.4129593,0
                -71.4572623,-16.4024213,0
                -71.471338,-16.4017623,0
                -71.4627552,-16.3918823,0
                -71.4727119,-16.3849653,0
                -71.4809506,-16.3754133,0
                -71.4758008,-16.3652023,0
                -71.4898774,-16.3638843,0
                -71.49949,-16.3592723,0
                -71.5015499,-16.3559783,0
                -71.5146818,-16.3596843,0
                -71.5164841,-16.3560607,0
                -71.5148103,-16.3529726,0
                -71.5171063,-16.3527669,0
                -71.5184151,-16.3483197,0
                -71.5192735,-16.3453135,0
                -71.5204323,-16.3435427,0
                -71.5210332,-16.3398773,0
                -71.5235647,-16.3429868,0
                -71.5255813,-16.3445314,0
                -71.5260535,-16.3416483,0
                -71.5272982,-16.3411537,0
                -71.5302158,-16.3516959,0
                -71.5327477,-16.3579756,0
                -71.5351831,-16.3647133,0
                -71.5387183,-16.3652821,0
                -71.5393352,-16.360086,0
                -71.5402578,-16.3564314,0
                -71.5396568,-16.3490603,0
              </coordinates>
            </LinearRing>
          </outerBoundaryIs>
        </Polygon>
      </Placemark>
      <Placemark>
        <name>CUSCO</name>
        <styleUrl>#poly-F9A825-2000-77-nodesc</styleUrl>
        <Polygon>
          <outerBoundaryIs>
            <LinearRing>
              <tessellate>1</tessellate>
              <coordinates>
                -71.9760588,-13.5114683,0
                -71.9785714,-13.5114051,0
                -71.9790659,-13.511676,0
                -71.978863,-13.5128023,0
                -71.9791923,-13.5135528,0
                -71.9800757,-13.5140741,0
                -71.9813972,-13.5135836,0
                -71.9824612,-13.5120291,0
                -71.9840142,-13.5107747,0
                -71.9856182,-13.5103105,0
                -71.987367,-13.5084641,0
                -71.9890689,-13.5093744,0
                -71.9907278,-13.5084277,0
                -71.9901833,-13.5069098,0
                -71.9920984,-13.5061274,0
                -71.9927528,-13.5030187,0
                -71.995843,-13.502559,0
                -72.003053,-13.504562,0
                -72.005971,-13.508902,0
                -72.002366,-13.512908,0
                -71.9967872,-13.5225046,0
                -71.9976026,-13.5253425,0
                -72.003225,-13.529765,0
                -72.009233,-13.535773,0
                -71.99756,-13.535606,0
                -71.992067,-13.529932,0
                -71.989148,-13.538777,0
                -71.992753,-13.54562,0
                -71.9849857,-13.5480812,0
                -71.9827967,-13.5451816,0
                -71.978462,-13.5457865,0
                -71.9780114,-13.5437004,0
                -71.9809512,-13.5415724,0
                -71.9796315,-13.5375777,0
                -71.9754795,-13.5344174,0
                -71.9717513,-13.535132,0
                -71.968109,-13.5336769,0
                -71.9628787,-13.5361854,0
                -71.9575196,-13.5380263,0
                -71.9525628,-13.538193,0
                -71.9494406,-13.5396949,0
                -71.9472787,-13.5406127,0
                -71.9489792,-13.5450352,0
                -71.9504171,-13.5491033,0
                -71.9499667,-13.5494167,0
                -71.9458038,-13.5496255,0
                -71.9438725,-13.5495421,0
                -71.9429501,-13.5481235,0
                -71.9400107,-13.5450361,0
                -71.939045,-13.543993,0
                -71.9361159,-13.5455993,0
                -71.9327578,-13.5451611,0
                -71.9320498,-13.5475808,0
                -71.9288527,-13.5487071,0
                -71.9248401,-13.5492495,0
                -71.9197974,-13.5462039,0
                -71.915935,-13.5470797,0
                -71.910313,-13.5469335,0
                -71.9141967,-13.5534524,0
                -71.9113001,-13.5547979,0
                -71.9100124,-13.5535472,0
                -71.9077808,-13.5503762,0
                -71.903661,-13.553964,0
                -71.898511,-13.552128,0
                -71.892503,-13.555967,0
                -71.88289,-13.558303,0
                -71.873105,-13.560806,0
                -71.864007,-13.55847,0
                -71.8554239,-13.5578444,0
                -71.852506,-13.551294,0
                -71.856798,-13.544452,0
                -71.864694,-13.53594,0
                -71.877225,-13.531768,0
                -71.89113,-13.531935,0
                -71.890271,-13.52576,0
                -71.894048,-13.522922,0
                -71.902288,-13.516413,0
                -71.9141916,-13.517577,0
                -71.9187701,-13.5179084,0
                -71.9276254,-13.5162798,0
                -71.9323607,-13.5149848,0
                -71.9350534,-13.5168101,0
                -71.9351177,-13.5220465,0
                -71.9379929,-13.5212529,0
                -71.9414263,-13.5211694,0
                -71.9431863,-13.5210031,0
                -71.9437013,-13.5218375,0
                -71.9473062,-13.5187078,0
                -71.95104,-13.515745,0
                -71.9558671,-13.512345,0
                -71.956924,-13.5116564,0
                -71.9562938,-13.5100185,0
                -71.9576376,-13.5088397,0
                -71.9595368,-13.5085057,0
                -71.9600521,-13.50765,0
                -71.9618008,-13.507937,0
                -71.9623479,-13.5068053,0
                -71.9633347,-13.5062318,0
                -71.9645403,-13.5098673,0
                -71.9667329,-13.5120006,0
                -71.9685005,-13.5128873,0
                -71.9688814,-13.5123657,0
                -71.9698577,-13.512324,0
                -71.9701366,-13.5114895,0
                -71.971011,-13.5122274,0
                -71.9733016,-13.5121726,0
                -71.9741491,-13.5109781,0
                -71.9760588,-13.5114683,0
              </coordinates>
            </LinearRing>
          </outerBoundaryIs>
        </Polygon>
      </Placemark>
      <Placemark>
        <name>CUSCO ADICIONAL</name>
        <styleUrl>#poly-880E4F-2000-77-nodesc</styleUrl>
        <Polygon>
          <outerBoundaryIs>
            <LinearRing>
              <tessellate>1</tessellate>
              <coordinates>
                -71.898511,-13.552128,0
                -71.892503,-13.555967,0
                -71.874221,-13.560806,0
                -71.864007,-13.55847,0
                -71.8554239,-13.5578444,0
                -71.8479996,-13.561307,0
                -71.8388373,-13.5646968,0
                -71.839878,-13.5663499,0
                -71.8306136,-13.5713273,0
                -71.8138352,-13.5807064,0
                -71.8127635,-13.5782378,0
                -71.827529,-13.5684617,0
                -71.8461114,-13.5601805,0
                -71.8509609,-13.5572184,0
                -71.852506,-13.551294,0
                -71.854652,-13.546621,0
                -71.864694,-13.53594,0
                -71.877225,-13.531768,0
                -71.89113,-13.531935,0
                -71.8868387,-13.5406761,0
                -71.8835019,-13.5416774,0
                -71.8817477,-13.5415314,0
                -71.8800793,-13.5411767,0
                -71.8808085,-13.5474972,0
                -71.8812619,-13.5503526,0
                -71.8863715,-13.5501206,0
                -71.8944449,-13.5470697,0
                -71.8948847,-13.5478102,0
                -71.898511,-13.552128,0
              </coordinates>
            </LinearRing>
          </outerBoundaryIs>
        </Polygon>
      </Placemark>
      <Placemark>
        <name>CUSCO adicional</name>
        <styleUrl>#poly-880E4F-1200-77-nodesc</styleUrl>
        <Polygon>
          <outerBoundaryIs>
            <LinearRing>
              <tessellate>1</tessellate>
              <coordinates>
                -71.9458895,-13.5668974,0
                -71.9316452,-13.5713343,0
                -71.9290273,-13.5626987,0
                -71.9143503,-13.5638668,0
                -71.9099729,-13.5567746,0
                -71.9113001,-13.5547979,0
                -71.9141967,-13.5534524,0
                -71.910313,-13.5469335,0
                -71.915935,-13.5470797,0
                -71.9197974,-13.5462039,0
                -71.9248401,-13.5492495,0
                -71.9320498,-13.5475808,0
                -71.9327578,-13.5451611,0
                -71.9361159,-13.5455993,0
                -71.939045,-13.543993,0
                -71.9426497,-13.5478732,0
                -71.9438725,-13.5495421,0
                -71.9458038,-13.5496255,0
                -71.9504171,-13.5491033,0
                -71.9476463,-13.544858,0
                -71.9472787,-13.5406127,0
                -71.9525628,-13.538193,0
                -71.9606793,-13.5357682,0
                -71.968109,-13.5336769,0
                -71.9717513,-13.535132,0
                -71.9754795,-13.5344174,0
                -71.9796315,-13.5375777,0
                -71.9809512,-13.5415724,0
                -71.9780114,-13.5437004,0
                -71.978462,-13.5457865,0
                -71.9532712,-13.5539225,0
                -71.9471126,-13.5605562,0
                -71.9458895,-13.5668974,0
              </coordinates>
            </LinearRing>
          </outerBoundaryIs>
        </Polygon>
      </Placemark>
      <Placemark>
        <name>CUSCO ADICIONAL</name>
        <styleUrl>#poly-880E4F-2000-77-nodesc</styleUrl>
        <Polygon>
          <outerBoundaryIs>
            <LinearRing>
              <tessellate>1</tessellate>
              <coordinates>
                -71.99756,-13.502392,0
                -72.000478,-13.495882,0
                -72.012151,-13.491876,0
                -72.022622,-13.496216,0
                -72.026227,-13.496884,0
                -72.02966,-13.505397,0
                -72.024682,-13.512908,0
                -72.011808,-13.515912,0
                -72.0054131,-13.5133253,0
                -72.002366,-13.512908,0
                -71.9993353,-13.5177302,0
                -71.9942016,-13.5172947,0
                -71.9934614,-13.5160898,0
                -71.9918093,-13.5157663,0
                -71.991595,-13.5132833,0
                -71.9924912,-13.5121927,0
                -71.9930011,-13.5098919,0
                -71.9938494,-13.5085452,0
                -71.9944301,-13.5070202,0
                -71.9967073,-13.5074753,0
                -71.9990301,-13.507384,0
                -72.0010149,-13.5074518,0
                -72.0050703,-13.5079212,0
                -72.003053,-13.504562,0
                -72.0006494,-13.5033935,0
                -71.99756,-13.502392,0
              </coordinates>
            </LinearRing>
          </outerBoundaryIs>
        </Polygon>
      </Placemark>
      <Placemark>
        <name>CUSCO ADICIONAL</name>
        <styleUrl>#poly-880E4F-2000-77-nodesc</styleUrl>
        <Polygon>
          <outerBoundaryIs>
            <LinearRing>
              <tessellate>1</tessellate>
              <coordinates>
                -71.9609106,-13.5028929,0
                -71.9731467,-13.4972596,0
                -71.9774623,-13.4992836,0
                -71.9806501,-13.5010885,0
                -71.9845615,-13.5057466,0
                -71.9860694,-13.5070661,0
                -71.987367,-13.5084641,0
                -71.9856182,-13.5103105,0
                -71.9824612,-13.5120291,0
                -71.9813972,-13.5135836,0
                -71.9800757,-13.5140741,0
                -71.9787554,-13.5130837,0
                -71.9790659,-13.511676,0
                -71.9741491,-13.5109781,0
                -71.9733016,-13.5121726,0
                -71.9701366,-13.5114895,0
                -71.9698577,-13.512324,0
                -71.9685005,-13.5128873,0
                -71.9645403,-13.5098673,0
                -71.9639355,-13.5078383,0
                -71.9627501,-13.508412,0
                -71.9606206,-13.5094238,0
                -71.9585768,-13.5106859,0
                -71.9577585,-13.511218,0
                -71.956924,-13.5116564,0
                -71.949623,-13.5169138,0
                -71.9351177,-13.5220465,0
                -71.9350534,-13.5168101,0
                -71.9323607,-13.5149848,0
                -71.9187701,-13.5179084,0
                -71.914304,-13.517248,0
                -71.902288,-13.516413,0
                -71.904455,-13.5138885,0
                -71.9078235,-13.5119482,0
                -71.91881,-13.5164445,0
                -71.9238311,-13.511385,0
                -71.9347318,-13.5132412,0
                -71.9520701,-13.5107377,0
                -71.9573055,-13.5042283,0
                -71.9609106,-13.5028929,0
              </coordinates>
            </LinearRing>
          </outerBoundaryIs>
        </Polygon>
      </Placemark>
      <Placemark>
        <name>JULIACA</name>
        <styleUrl>#poly-F9A825-2000-77-nodesc</styleUrl>
        <Polygon>
          <outerBoundaryIs>
            <LinearRing>
              <tessellate>1</tessellate>
              <coordinates>
                -70.1420189,-15.5035244,0
                -70.1433067,-15.5061708,0
                -70.142545,-15.5073597,0
                -70.139895,-15.5062329,0
                -70.1351851,-15.5064293,0
                -70.1340316,-15.5054524,0
                -70.1313949,-15.5062044,0
                -70.1294757,-15.5088136,0
                -70.1304044,-15.511276,0
                -70.1323279,-15.5139132,0
                -70.136122,-15.5152319,0
                -70.1368175,-15.5165528,0
                -70.1336462,-15.5167997,0
                -70.1322322,-15.5190735,0
                -70.1344231,-15.520851,0
                -70.1410534,-15.5269088,0
                -70.1282324,-15.5350236,0
                -70.1263281,-15.5341394,0
                -70.1235655,-15.5382169,0
                -70.1231362,-15.540698,0
                -70.1220206,-15.5440054,0
                -70.1143385,-15.5407596,0
                -70.1081587,-15.5545688,0
                -70.1046772,-15.5527678,0
                -70.1101221,-15.5387287,0
                -70.1060854,-15.5308843,0
                -70.1068552,-15.5284978,0
                -70.1052298,-15.5245153,0
                -70.1029608,-15.5175143,0
                -70.1019418,-15.5109263,0
                -70.0935465,-15.5152267,0
                -70.0882037,-15.5165913,0
                -70.0928387,-15.5055918,0
                -70.1001343,-15.4888841,0
                -70.0963147,-15.4868991,0
                -70.0986749,-15.4787933,0
                -70.0996619,-15.4705212,0
                -70.1042753,-15.469363,0
                -70.1062386,-15.4672948,0
                -70.1073785,-15.4660903,0
                -70.1100742,-15.4665401,0
                -70.1112462,-15.4643429,0
                -70.1116888,-15.4631797,0
                -70.1132016,-15.4617115,0
                -70.1150094,-15.4611247,0
                -70.1167957,-15.4607447,0
                -70.1217417,-15.4597364,0
                -70.1254111,-15.4590635,0
                -70.1297242,-15.4582882,0
                -70.1401313,-15.4561478,0
                -70.1381572,-15.4666333,0
                -70.1403024,-15.4670879,0
                -70.1440795,-15.4714726,0
                -70.1431354,-15.4719276,0
                -70.150817,-15.4686601,0
                -70.1580911,-15.4660749,0
                -70.1617603,-15.4711827,0
                -70.1669103,-15.4682046,0
                -70.1735196,-15.4758147,0
                -70.1740423,-15.4781978,0
                -70.1697238,-15.4833346,0
                -70.168917,-15.4886563,0
                -70.1689519,-15.4923382,0
                -70.1689438,-15.49449,0
                -70.1687561,-15.4955678,0
                -70.1672648,-15.4945106,0
                -70.1653444,-15.4941151,0
                -70.1639764,-15.4947121,0
                -70.1630815,-15.4968205,0
                -70.1615705,-15.4982959,0
                -70.1597734,-15.499079,0
                -70.1575553,-15.499605,0
                -70.1554095,-15.5002358,0
                -70.1524434,-15.500632,0
                -70.1480706,-15.501849,0
                -70.1433069,-15.502242,0
                -70.1420189,-15.5035244,0
              </coordinates>
            </LinearRing>
          </outerBoundaryIs>
        </Polygon>
      </Placemark>
      <Placemark>
        <name>JULIACA ADICIONAL 3-5</name>
        <description>ZONA NO ASFALTADA DE DIFICIL ACCESO</description>
        <styleUrl>#poly-E65100-2000-77</styleUrl>
        <MultiGeometry>
          <Polygon>
            <outerBoundaryIs>
              <LinearRing>
                <tessellate>1</tessellate>
                <coordinates>
                  -70.1062782,-15.553596,0
                  -70.1066755,-15.5537188,0
                  -70.1071017,-15.554022,0
                  -70.1062782,-15.553596,0
                </coordinates>
              </LinearRing>
            </outerBoundaryIs>
          </Polygon>
          <Polygon>
            <outerBoundaryIs>
              <LinearRing>
                <tessellate>1</tessellate>
                <coordinates>
                  -70.1071017,-15.554022,0
                  -70.1081587,-15.5545688,0
                  -70.1169785,-15.5345989,0
                  -70.1206473,-15.5309397,0
                  -70.1282324,-15.5350236,0
                  -70.1410534,-15.5269088,0
                  -70.1423623,-15.533958,0
                  -70.1471688,-15.5464447,0
                  -70.144937,-15.548512,0
                  -70.149763,-15.557357,0
                  -70.14427,-15.564964,0
                  -70.136201,-15.5631442,0
                  -70.1188639,-15.5585141,0
                  -70.1161166,-15.5586796,0
                  -70.1122543,-15.5576876,0
                  -70.1058156,-15.5565577,0
                  -70.1071017,-15.554022,0
                </coordinates>
              </LinearRing>
            </outerBoundaryIs>
          </Polygon>
          <Polygon>
            <outerBoundaryIs>
              <LinearRing>
                <tessellate>1</tessellate>
                <coordinates>
                  -70.097578,-15.550907,0
                  -70.0833109,-15.5443775,0
                  -70.0808445,-15.5330378,0
                  -70.0818432,-15.5309237,0
                  -70.0773489,-15.5233517,0
                  -70.0882037,-15.5165913,0
                  -70.0881563,-15.5171448,0
                  -70.0935465,-15.5152267,0
                  -70.1019418,-15.5109263,0
                  -70.1126389,-15.5150124,0
                  -70.1068552,-15.5284978,0
                  -70.1060854,-15.5308843,0
                  -70.1101221,-15.5387287,0
                  -70.1046772,-15.5527678,0
                  -70.1062782,-15.553596,0
                  -70.097578,-15.550907,0
                </coordinates>
              </LinearRing>
            </outerBoundaryIs>
          </Polygon>
        </MultiGeometry>
      </Placemark>
      <Placemark>
        <name>JULIACA ADICIONAL 3-5</name>
        <description>ZONA NO ASFALTADA DE DIFICIL ACCESO</description>
        <styleUrl>#poly-E65100-2000-77</styleUrl>
        <MultiGeometry>
          <Polygon>
            <outerBoundaryIs>
              <LinearRing>
                <tessellate>1</tessellate>
                <coordinates>
                  -70.1697238,-15.4833346,0
                  -70.1686703,-15.4967257,0
                  -70.170623,-15.5027996,0
                  -70.1685308,-15.5046553,0
                  -70.1664119,-15.5062035,0
                  -70.1610314,-15.5049397,0
                  -70.1499568,-15.5063423,0
                  -70.1480706,-15.501849,0
                  -70.1494642,-15.5016688,0
                  -70.1513728,-15.5011578,0
                  -70.1524434,-15.500632,0
                  -70.1604233,-15.4990572,0
                  -70.1630815,-15.4968205,0
                  -70.1639764,-15.4947121,0
                  -70.1653444,-15.4941151,0
                  -70.1687561,-15.4955678,0
                  -70.1697238,-15.4833346,0
                </coordinates>
              </LinearRing>
            </outerBoundaryIs>
          </Polygon>
          <Polygon>
            <outerBoundaryIs>
              <LinearRing>
                <tessellate>1</tessellate>
                <coordinates>
                  -70.1697238,-15.4833346,0
                  -70.1735196,-15.4758147,0
                  -70.1669103,-15.4682046,0
                  -70.1617603,-15.4711827,0
                  -70.1580911,-15.4660749,0
                  -70.150817,-15.4686601,0
                  -70.1440795,-15.4714726,0
                  -70.1495295,-15.4561892,0
                  -70.1401595,-15.4559779,0
                  -70.1405386,-15.4536974,0
                  -70.140882,-15.4529012,0
                  -70.1388224,-15.4514842,0
                  -70.1396599,-15.4477438,0
                  -70.1406047,-15.4459579,0
                  -70.1394031,-15.438429,0
                  -70.1396574,-15.4369808,0
                  -70.1442708,-15.4402075,0
                  -70.1436947,-15.4421516,0
                  -70.1557105,-15.4443855,0
                  -70.1558174,-15.4493879,0
                  -70.1560908,-15.4502042,0
                  -70.1592826,-15.4495313,0
                  -70.1602132,-15.4536312,0
                  -70.1653134,-15.4550193,0
                  -70.1620022,-15.4602956,0
                  -70.1642187,-15.4605988,0
                  -70.1668643,-15.4561038,0
                  -70.1772196,-15.461053,0
                  -70.1781763,-15.4635411,0
                  -70.1750562,-15.4678905,0
                  -70.17618,-15.4730441,0
                  -70.1740423,-15.4781978,0
                  -70.1697238,-15.4833346,0
                </coordinates>
              </LinearRing>
            </outerBoundaryIs>
          </Polygon>
        </MultiGeometry>
      </Placemark>
      <Placemark>
        <name>JULIACA ADICIONAL 5</name>
        <styleUrl>#poly-880E4F-1200-77-nodesc</styleUrl>
        <Polygon>
          <outerBoundaryIs>
            <LinearRing>
              <tessellate>1</tessellate>
              <coordinates>
                -70.150732,-15.417745,0
                -70.1445068,-15.4395456,0
                -70.1397003,-15.4366499,0
                -70.1404327,-15.4330511,0
                -70.133395,-15.427922,0
                -70.133309,-15.419399,0
                -70.140862,-15.415262,0
                -70.150732,-15.417745,0
              </coordinates>
            </LinearRing>
          </outerBoundaryIs>
        </Polygon>
      </Placemark>
      <Placemark>
        <name>PUNO</name>
        <styleUrl>#poly-F9A825-2000-77-nodesc</styleUrl>
        <Polygon>
          <outerBoundaryIs>
            <LinearRing>
              <tessellate>1</tessellate>
              <coordinates>
                -70.008211,-15.824068,0
                -70.013189,-15.8206,0
                -70.018511,-15.8206,0
                -70.023317,-15.816306,0
                -70.026751,-15.814324,0
                -70.027781,-15.810195,0
                -70.036535,-15.810855,0
                -70.041514,-15.81515,0
                -70.043745,-15.819939,0
                -70.039282,-15.825885,0
                -70.040312,-15.835464,0
                -70.042372,-15.843886,0
                -70.04014,-15.84884,0
                -70.0319,-15.847849,0
                -70.026751,-15.857592,0
                -70.020571,-15.86205,0
                -70.024176,-15.866674,0
                -70.017996,-15.874104,0
                -70.010786,-15.877076,0
                -70.002718,-15.883846,0
                -69.995508,-15.881534,0
                -69.991045,-15.87592,0
                -69.991732,-15.869646,0
                -69.999285,-15.863702,0
                -70.004778,-15.855115,0
                -70.011988,-15.849336,0
                -70.018682,-15.838106,0
                -70.019712,-15.828692,0
                -70.008211,-15.824068,0
              </coordinates>
            </LinearRing>
          </outerBoundaryIs>
        </Polygon>
      </Placemark>
      <Placemark>
        <name>PUNO ADICIONAL</name>
        <styleUrl>#poly-880E4F-2000-77-nodesc</styleUrl>
        <Polygon>
          <outerBoundaryIs>
            <LinearRing>
              <tessellate>1</tessellate>
              <coordinates>
                -69.995508,-15.865766,0
                -69.991732,-15.869646,0
                -69.991045,-15.87592,0
                -69.995508,-15.881534,0
                -70.002718,-15.883846,0
                -70.007267,-15.881039,0
                -70.009584,-15.883433,0
                -70.010786,-15.888304,0
                -70.001345,-15.887726,0
                -69.990702,-15.88302,0
                -69.983063,-15.883516,0
                -69.976626,-15.884506,0
                -69.970789,-15.884506,0
                -69.968987,-15.880626,0
                -69.973021,-15.876003,0
                -69.976626,-15.871628,0
                -69.978514,-15.867252,0
                -69.976797,-15.863867,0
                -69.981604,-15.862794,0
                -69.987097,-15.863867,0
                -69.993277,-15.864527,0
                -69.995508,-15.865766,0
              </coordinates>
            </LinearRing>
          </outerBoundaryIs>
        </Polygon>
      </Placemark>
      <Placemark>
        <name>PUNO ADICIONAL</name>
        <styleUrl>#poly-880E4F-2000-77-nodesc</styleUrl>
        <Polygon>
          <outerBoundaryIs>
            <LinearRing>
              <tessellate>1</tessellate>
              <coordinates>
                -70.043745,-15.819939,0
                -70.041514,-15.81515,0
                -70.036845,-15.810736,0
                -70.027781,-15.810195,0
                -70.02603,-15.813544,0
                -70.02088,-15.81214,0
                -70.020537,-15.809662,0
                -70.025343,-15.805988,0
                -70.028133,-15.803592,0
                -70.029935,-15.804294,0
                -70.033283,-15.805492,0
                -70.038433,-15.805905,0
                -70.041651,-15.80991,0
                -70.04723,-15.810942,0
                -70.051951,-15.813874,0
                -70.054182,-15.8147,0
                -70.056414,-15.819738,0
                -70.055212,-15.823908,0
                -70.052251,-15.826179,0
                -70.048432,-15.82527,0
                -70.044956,-15.823454,0
                -70.04148,-15.823495,0
                -70.043883,-15.820935,0
                -70.043745,-15.819939,0
              </coordinates>
            </LinearRing>
          </outerBoundaryIs>
        </Polygon>
      </Placemark>
      <Placemark>
        <name>TACNA</name>
        <description>zona sin adicionales debido a las zonas arenosas</description>
        <styleUrl>#poly-FBC02D-2000-77</styleUrl>
        <Polygon>
          <outerBoundaryIs>
            <LinearRing>
              <tessellate>1</tessellate>
              <coordinates>
                -70.2253553,-18.021714,0
                -70.2214232,-18.017453,0
                -70.2173197,-18.0132734,0
                -70.2164943,-18.0109542,0
                -70.2134854,-18.0073628,0
                -70.2114207,-18.0041795,0
                -70.2088363,-17.9996087,0
                -70.2073964,-17.9994456,0
                -70.2057848,-17.9986295,0
                -70.2023899,-17.9965074,0
                -70.1988621,-17.9925896,0
                -70.1785781,-17.9708546,0
                -70.1913451,-17.9619396,0
                -70.2039055,-17.9591743,0
                -70.2111305,-17.9537907,0
                -70.2132912,-17.9512646,0
                -70.2200172,-17.9576436,0
                -70.2250557,-17.9609149,0
                -70.2256009,-17.9618564,0
                -70.2268317,-17.9667163,0
                -70.233053,-17.971483,0
                -70.2437808,-17.9788216,0
                -70.2484752,-17.9831649,0
                -70.2569581,-17.9919131,0
                -70.2647553,-18.0009875,0
                -70.2652069,-18.0075556,0
                -70.2700814,-18.0132456,0
                -70.2758902,-18.0170166,0
                -70.2872612,-18.0362496,0
                -70.3031332,-18.0593586,0
                -70.3046747,-18.06321,0
                -70.2933,-18.0710938,0
                -70.2813252,-18.0771771,0
                -70.280842,-18.075995,0
                -70.2752948,-18.0777503,0
                -70.2716676,-18.0789762,0
                -70.2742806,-18.0869406,0
                -70.2596013,-18.0838242,0
                -70.2574536,-18.0816865,0
                -70.2485082,-18.0766409,0
                -70.2404741,-18.0703241,0
                -70.2295222,-18.0672706,0
                -70.2435216,-18.0394317,0
                -70.2418122,-18.0345433,0
                -70.2382147,-18.0303077,0
                -70.2253553,-18.021714,0
              </coordinates>
            </LinearRing>
          </outerBoundaryIs>
        </Polygon>
      </Placemark>
      <Placemark>
        <name>HUANCAYO</name>
        <styleUrl>#poly-FFD600-1200-77-nodesc</styleUrl>
        <Polygon>
          <outerBoundaryIs>
            <LinearRing>
              <tessellate>1</tessellate>
              <coordinates>
                -75.2430964,-12.0414346,0
                -75.2377749,-12.0520111,0
                -75.2339984,-12.0669518,0
                -75.2285052,-12.0835702,0
                -75.2278186,-12.0961593,0
                -75.2283335,-12.1095869,0
                -75.2120687,-12.1207062,0
                -75.2068759,-12.1156292,0
                -75.201726,-12.1228461,0
                -75.1854182,-12.1206642,0
                -75.1787234,-12.1137829,0
                -75.1823283,-12.1040481,0
                -75.1885081,-12.0934736,0
                -75.1871348,-12.0867595,0
                -75.1828433,-12.0726592,0
                -75.1862765,-12.0545292,0
                -75.179925,-12.0216235,0
                -75.1890231,-12.012389,0
                -75.2115107,-12.0274998,0
                -75.2249003,-12.014068,0
                -75.2355433,-12.0197766,0
                -75.2391482,-12.025653,0
                -75.2430964,-12.0414346,0
              </coordinates>
            </LinearRing>
          </outerBoundaryIs>
        </Polygon>
      </Placemark>
      <Placemark>
        <name>HUANCAYO ADICIONAL</name>
        <styleUrl>#poly-880E4F-1200-77-nodesc</styleUrl>
        <Polygon>
          <outerBoundaryIs>
            <LinearRing>
              <tessellate>1</tessellate>
              <coordinates>
                -75.2583502,-12.0469502,0
                -75.2712248,-12.0506436,0
                -75.2892492,-12.0513151,0
                -75.298004,-12.0518188,0
                -75.2998922,-12.0597089,0
                -75.2907942,-12.068606,0
                -75.2720831,-12.0627306,0
                -75.2600668,-12.0565193,0
                -75.2505826,-12.05803,0
                -75.2475569,-12.0728863,0
                -75.2577494,-12.0754885,0
                -75.2558615,-12.0830002,0
                -75.248051,-12.0820561,0
                -75.2484797,-12.1007507,0
                -75.2494989,-12.1138944,0
                -75.2439948,-12.1233457,0
                -75.2431255,-12.1091312,0
                -75.2371069,-12.0915599,0
                -75.2369999,-12.069759,0
                -75.2416132,-12.0517348,0
                -75.2552602,-12.0336873,0
                -75.2606676,-12.0358699,0
                -75.2583502,-12.0469502,0
              </coordinates>
            </LinearRing>
          </outerBoundaryIs>
        </Polygon>
      </Placemark>
      <Placemark>
        <name>HUANCAYO ADICIONAL</name>
        <styleUrl>#poly-880E4F-1200-77-nodesc</styleUrl>
        <Polygon>
          <outerBoundaryIs>
            <LinearRing>
              <tessellate>1</tessellate>
              <coordinates>
                -75.2391482,-12.025653,0
                -75.2355433,-12.0197766,0
                -75.2249003,-12.014068,0
                -75.2174787,-12.0218764,0
                -75.2200536,-12.014153,0
                -75.2257184,-12.0049183,0
                -75.2353314,-12.008948,0
                -75.2411679,-12.0074369,0
                -75.2399663,-12.0000489,0
                -75.2416829,-11.986112,0
                -75.2485494,-11.9846008,0
                -75.2585057,-11.9887987,0
                -75.2571324,-11.9940041,0
                -75.2494077,-12.0084443,0
                -75.2391482,-12.025653,0
              </coordinates>
            </LinearRing>
          </outerBoundaryIs>
        </Polygon>
      </Placemark>
      <Placemark>
        <name>HUANCAYO ADICIONAL 5</name>
        <styleUrl>#poly-C2185B-1200-77-nodesc</styleUrl>
        <Polygon>
          <outerBoundaryIs>
            <LinearRing>
              <tessellate>1</tessellate>
              <coordinates>
                -75.234805,-12.1628819,0
                -75.2257069,-12.1687551,0
                -75.2246769,-12.1640565,0
                -75.2267369,-12.1544913,0
                -75.221072,-12.1497925,0
                -75.2202137,-12.142912,0
                -75.2207287,-12.1377095,0
                -75.2155789,-12.1289825,0
                -75.2121456,-12.1204231,0
                -75.2238186,-12.116395,0
                -75.2274235,-12.1219336,0
                -75.2250203,-12.129486,0
                -75.2336033,-12.1353599,0
                -75.2306851,-12.1390521,0
                -75.2291401,-12.1449258,0
                -75.2339466,-12.1541557,0
                -75.2375515,-12.154827,0
                -75.23223,-12.1580154,0
                -75.23326,-12.1607004,0
                -75.234805,-12.1628819,0
              </coordinates>
            </LinearRing>
          </outerBoundaryIs>
        </Polygon>
      </Placemark>
      <Placemark>
        <name>HUANCAYO ADICIONAL 8</name>
        <styleUrl>#poly-01579B-1200-77-nodesc</styleUrl>
        <Polygon>
          <outerBoundaryIs>
            <LinearRing>
              <tessellate>1</tessellate>
              <coordinates>
                -75.2961033,-11.9467122,0
                -75.2770489,-11.9572924,0
                -75.2585057,-11.9887987,0
                -75.2485494,-11.9846008,0
                -75.2507847,-11.9777799,0
                -75.2497547,-11.9720705,0
                -75.2509564,-11.968376,0
                -75.2554196,-11.9705591,0
                -75.2827137,-11.9470481,0
                -75.2919834,-11.9431854,0
                -75.2961033,-11.9467122,0
              </coordinates>
            </LinearRing>
          </outerBoundaryIs>
        </Polygon>
      </Placemark>
      <Placemark>
        <name>AYACUCHO</name>
        <styleUrl>#poly-F9A825-4000-54-nodesc</styleUrl>
        <Polygon>
          <outerBoundaryIs>
            <LinearRing>
              <tessellate>1</tessellate>
              <coordinates>
                -74.205094,-13.198812,0
                -74.201489,-13.200817,0
                -74.196511,-13.194633,0
                -74.197198,-13.187781,0
                -74.19634,-13.179926,0
                -74.19222,-13.178756,0
                -74.188786,-13.170231,0
                -74.192735,-13.161707,0
                -74.192735,-13.156692,0
                -74.191876,-13.150842,0
                -74.19119,-13.143654,0
                -74.196168,-13.13797,0
                -74.196168,-13.130614,0
                -74.203206,-13.127605,0
                -74.212819,-13.128441,0
                -74.215737,-13.133289,0
                -74.215394,-13.140143,0
                -74.218312,-13.138806,0
                -74.227239,-13.135462,0
                -74.226552,-13.129277,0
                -74.220716,-13.124094,0
                -74.223119,-13.118912,0
                -74.228269,-13.117574,0
                -74.231702,-13.121587,0
                -74.234448,-13.126602,0
                -74.23565,-13.133958,0
                -74.24286,-13.140477,0
                -74.248696,-13.145492,0
                -74.251958,-13.157528,0
                -74.252473,-13.166554,0
                -74.252301,-13.173741,0
                -74.248353,-13.182934,0
                -74.238053,-13.189619,0
                -74.231187,-13.191959,0
                -74.227067,-13.19597,0
                -74.222947,-13.202488,0
                -74.213677,-13.204327,0
                -74.210416,-13.199982,0
                -74.205094,-13.198812,0
              </coordinates>
            </LinearRing>
          </outerBoundaryIs>
        </Polygon>
      </Placemark>
      <Placemark>
        <name>HUANCAYO ADICIONAL 8</name>
        <styleUrl>#poly-01579B-1200-77-nodesc</styleUrl>
        <Polygon>
          <outerBoundaryIs>
            <LinearRing>
              <tessellate>1</tessellate>
              <coordinates>
                -75.2837462,-12.0029348,0
                -75.2872652,-12.0136808,0
                -75.2827162,-12.0224954,0
                -75.2736181,-12.0223276,0
                -75.2693266,-12.013345,0
                -75.2729315,-12.0041102,0
                -75.2837462,-12.0029348,0
              </coordinates>
            </LinearRing>
          </outerBoundaryIs>
        </Polygon>
      </Placemark>
      <Placemark>
        <name>ICA</name>
        <styleUrl>#poly-F9A825-2000-77-nodesc</styleUrl>
        <Polygon>
          <outerBoundaryIs>
            <LinearRing>
              <tessellate>1</tessellate>
              <coordinates>
                -75.732262,-14.044789,0
                -75.733635,-14.035464,0
                -75.7356098,-14.0330279,0
                -75.7367041,-14.0335066,0
                -75.7365914,-14.0339905,0
                -75.7372082,-14.0350573,0
                -75.7404804,-14.0348595,0
                -75.741875,-14.03513,0
                -75.75412,-14.036856,0
                -75.7538056,-14.0387944,0
                -75.764019,-14.041958,0
                -75.767109,-14.047787,0
                -75.763161,-14.050451,0
                -75.767281,-14.055281,0
                -75.771058,-14.06294,0
                -75.766079,-14.067103,0
                -75.758698,-14.068435,0
                -75.758183,-14.074596,0
                -75.758698,-14.080258,0
                -75.754578,-14.08492,0
                -75.75372,-14.09058,0
                -75.753891,-14.09774,0
                -75.746167,-14.105565,0
                -75.73518,-14.103567,0
                -75.73209,-14.109727,0
                -75.717156,-14.110393,0
                -75.714409,-14.098406,0
                -75.714753,-14.090248,0
                -75.713036,-14.082422,0
                -75.712349,-14.07443,0
                -75.704281,-14.072432,0
                -75.694325,-14.068602,0
                -75.703938,-14.061941,0
                -75.694497,-14.057612,0
                -75.691407,-14.05145,0
                -75.691407,-14.046288,0
                -75.689003,-14.038295,0
                -75.682137,-14.03513,0
                -75.69381,-14.027137,0
                -75.708744,-14.027303,0
                -75.714753,-14.037129,0
                -75.720589,-14.046122,0
                -75.728486,-14.045289,0
                -75.732262,-14.044789,0
              </coordinates>
            </LinearRing>
          </outerBoundaryIs>
        </Polygon>
      </Placemark>
      <Placemark>
        <name>ICA ADICIONAL</name>
        <styleUrl>#poly-880E4F-2000-77-nodesc</styleUrl>
        <Polygon>
          <outerBoundaryIs>
            <LinearRing>
              <tessellate>1</tessellate>
              <coordinates>
                -75.771058,-14.06294,0
                -75.791046,-14.053688,0
                -75.804779,-14.053854,0
                -75.810959,-14.068674,0
                -75.802547,-14.076001,0
                -75.78006,-14.078998,0
                -75.770962,-14.085658,0
                -75.757915,-14.083993,0
                -75.758259,-14.071172,0
                -75.766079,-14.067103,0
                -75.771058,-14.06294,0
              </coordinates>
            </LinearRing>
          </outerBoundaryIs>
        </Polygon>
      </Placemark>
      <Placemark>
        <name>ICA ADICIONAL</name>
        <styleUrl>#poly-880E4F-2000-77-nodesc</styleUrl>
        <Polygon>
          <outerBoundaryIs>
            <LinearRing>
              <tessellate>1</tessellate>
              <coordinates>
                -75.73209,-14.109727,0
                -75.728092,-14.123401,0
                -75.718479,-14.134388,0
                -75.7145309,-14.1374673,0
                -75.7097235,-14.139881,0
                -75.70466,-14.1421278,0
                -75.6982223,-14.1416286,0
                -75.691356,-14.14038,0
                -75.688266,-14.12673,0
                -75.682086,-14.118074,0
                -75.6782666,-14.1192807,0
                -75.6741038,-14.1137449,0
                -75.6762284,-14.1117055,0
                -75.676293,-14.1075017,0
                -75.6763574,-14.1044216,0
                -75.6719587,-14.1005092,0
                -75.685176,-14.087107,0
                -75.676936,-14.078116,0
                -75.67522,-14.067126,0
                -75.691407,-14.05145,0
                -75.703938,-14.061941,0
                -75.699939,-14.070123,0
                -75.709552,-14.073786,0
                -75.715389,-14.085109,0
                -75.714409,-14.098406,0
                -75.717156,-14.110393,0
                -75.73209,-14.109727,0
              </coordinates>
            </LinearRing>
          </outerBoundaryIs>
        </Polygon>
      </Placemark>
      <Placemark>
        <name>ICA ADICIONAL</name>
        <styleUrl>#poly-880E4F-2000-77-nodesc</styleUrl>
        <Polygon>
          <outerBoundaryIs>
            <LinearRing>
              <tessellate>1</tessellate>
              <coordinates>
                -75.75412,-14.036856,0
                -75.741875,-14.03513,0
                -75.7404804,-14.0348595,0
                -75.7408103,-14.0327296,0
                -75.7383024,-14.0331993,0
                -75.7355882,-14.0331006,0
                -75.733635,-14.035464,0
                -75.732262,-14.044789,0
                -75.720589,-14.046122,0
                -75.708744,-14.027303,0
                -75.7075996,-14.0271965,0
                -75.7049818,-14.0184944,0
                -75.7045958,-14.0104584,0
                -75.7077717,-14.0092927,0
                -75.7103463,-14.0087097,0
                -75.7120626,-14.0102086,0
                -75.7271687,-14.0160378,0
                -75.729572,-14.0155385,0
                -75.729401,-14.006378,0
                -75.732834,-14.001881,0
                -75.743134,-13.998216,0
                -75.7440779,-14.0035463,0
                -75.747082,-14.007127,0
                -75.7487985,-14.0100836,0
                -75.7513733,-14.0090428,0
                -75.7551496,-14.0092097,0
                -75.7596989,-14.0080435,0
                -75.7655357,-14.0072104,0
                -75.765707,-14.0079598,0
                -75.7651926,-14.0095429,0
                -75.763905,-14.013373,0
                -75.760643,-14.025698,0
                -75.75412,-14.036856,0
              </coordinates>
            </LinearRing>
          </outerBoundaryIs>
        </Polygon>
      </Placemark>
      <Placemark>
        <name>AREQUIPA ADICIONAL</name>
        <styleUrl>#poly-880E4F-2000-77-nodesc</styleUrl>
        <MultiGeometry>
          <Polygon>
            <outerBoundaryIs>
              <LinearRing>
                <tessellate>1</tessellate>
                <coordinates>
                  -71.5972631,-16.4022559,0
                  -71.5965321,-16.4046453,0
                  -71.5946304,-16.4060846,0
                  -71.5917496,-16.4056392,0
                  -71.5745143,-16.4044746,0
                  -71.5940483,-16.4019399,0
                  -71.5972631,-16.4022559,0
                </coordinates>
              </LinearRing>
            </outerBoundaryIs>
          </Polygon>
          <Polygon>
            <outerBoundaryIs>
              <LinearRing>
                <tessellate>1</tessellate>
                <coordinates>
                  -71.5940483,-16.4019399,0
                  -71.5745143,-16.4044746,0
                  -71.5740014,-16.4044278,0
                  -71.5739213,-16.4041081,0
                  -71.5742944,-16.4036135,0
                  -71.573761,-16.4029747,0
                  -71.5735977,-16.4021816,0
                  -71.5753372,-16.4020607,0
                  -71.5762954,-16.3949645,0
                  -71.57533,-16.3873483,0
                  -71.5744383,-16.3786249,0
                  -71.5767887,-16.3686761,0
                  -71.5786233,-16.3606522,0
                  -71.5874324,-16.3524737,0
                  -71.5953282,-16.3501677,0
                  -71.5942127,-16.3353432,0
                  -71.5934931,-16.3320122,0
                  -71.5949412,-16.3271628,0
                  -71.5926774,-16.328244,0
                  -71.5914655,-16.3263645,0
                  -71.5863262,-16.3265345,0
                  -71.5857029,-16.3250081,0
                  -71.5844788,-16.324635,0
                  -71.5760007,-16.3269569,0
                  -71.5728307,-16.3273994,0
                  -71.5602567,-16.3274153,0
                  -71.5534115,-16.3273479,0
                  -71.550429,-16.3257521,0
                  -71.5492918,-16.3261844,0
                  -71.5478113,-16.3268228,0
                  -71.5433911,-16.3286966,0
                  -71.5404412,-16.3299271,0
                  -71.5391421,-16.3307347,0
                  -71.5372232,-16.3313609,0
                  -71.535476,-16.3275807,0
                  -71.5297143,-16.3182242,0
                  -71.5430728,-16.3134549,0
                  -71.5495738,-16.3112665,0
                  -71.5539293,-16.3069052,0
                  -71.5617398,-16.3097884,0
                  -71.5607528,-16.3143603,0
                  -71.5631132,-16.3176966,0
                  -71.5669325,-16.3170376,0
                  -71.5702368,-16.3114361,0
                  -71.5708373,-16.319838,0
                  -71.5753113,-16.3200645,0
                  -71.5793989,-16.316337,0
                  -71.5847415,-16.3099527,0
                  -71.5946979,-16.3142367,0
                  -71.6053398,-16.3124247,0
                  -71.6146095,-16.3170367,0
                  -71.6199314,-16.3254387,0
                  -71.6249953,-16.3262624,0
                  -71.6224632,-16.331781,0
                  -71.6316043,-16.3429005,0
                  -71.6217336,-16.3566534,0
                  -71.6172707,-16.3584653,0
                  -71.6508305,-16.3695827,0
                  -71.6564951,-16.3783942,0
                  -71.6563234,-16.3791355,0
                  -71.6494567,-16.3717244,0
                  -71.6084302,-16.3608525,0
                  -71.6002519,-16.3666927,0
                  -71.5834922,-16.3694024,0
                  -71.5940483,-16.4019399,0
                </coordinates>
              </LinearRing>
            </outerBoundaryIs>
          </Polygon>
          <Polygon>
            <outerBoundaryIs>
              <LinearRing>
                <tessellate>1</tessellate>
                <coordinates>
                  -71.5987316,-16.4105884,0
                  -71.6011774,-16.4214149,0
                  -71.6104901,-16.4305945,0
                  -71.6114331,-16.4357806,0
                  -71.6236637,-16.4349988,0
                  -71.6252955,-16.4353686,0
                  -71.626551,-16.4358416,0
                  -71.6273773,-16.4433945,0
                  -71.6222382,-16.4493421,0
                  -71.618915,-16.4541627,0
                  -71.6191967,-16.4550321,0
                  -71.6186937,-16.4556315,0
                  -71.61553,-16.4556546,0
                  -71.6142666,-16.4600636,0
                  -71.6111041,-16.4592703,0
                  -71.6088859,-16.4546083,0
                  -71.6136199,-16.4507281,0
                  -71.6106292,-16.4483297,0
                  -71.6055327,-16.4496014,0
                  -71.5982904,-16.4545768,0
                  -71.6033504,-16.4576887,0
                  -71.6031338,-16.4589154,0
                  -71.5984764,-16.4591995,0
                  -71.5970806,-16.4573434,0
                  -71.5890043,-16.4584636,0
                  -71.5812631,-16.4542832,0
                  -71.5607502,-16.4591397,0
                  -71.5518246,-16.4686867,0
                  -71.540324,-16.4770827,0
                  -71.5301963,-16.4862997,0
                  -71.5238755,-16.4806487,0
                  -71.508426,-16.4832827,0
                  -71.4890296,-16.4865747,0
                  -71.4777,-16.4829537,0
                  -71.4797599,-16.4748877,0
                  -71.47461,-16.4691267,0
                  -71.4719563,-16.463904,0
                  -71.4799309,-16.4536517,0
                  -71.477013,-16.4467377,0
                  -71.4631523,-16.4295437,0
                  -71.4676472,-16.428849,0
                  -71.4775178,-16.4284373,0
                  -71.4823864,-16.4297097,0
                  -71.4933803,-16.4326736,0
                  -71.4929892,-16.4348235,0
                  -71.4917125,-16.4386508,0
                  -71.4940859,-16.4395912,0
                  -71.496116,-16.4438243,0
                  -71.5005197,-16.4489977,0
                  -71.5117311,-16.4552281,0
                  -71.5148217,-16.4572022,0
                  -71.5161408,-16.4595378,0
                  -71.5219233,-16.4638901,0
                  -71.5370509,-16.4623882,0
                  -71.5455478,-16.4575317,0
                  -71.5631431,-16.4500002,0
                  -71.5673485,-16.4498766,0
                  -71.5700952,-16.4431264,0
                  -71.5710391,-16.438887,0
                  -71.5749975,-16.4456682,0
                  -71.5760592,-16.4461518,0
                  -71.5836818,-16.4489044,0
                  -71.5904035,-16.4515952,0
                  -71.596959,-16.4528403,0
                  -71.6038255,-16.4484366,0
                  -71.608632,-16.4376939,0
                  -71.6076878,-16.4325077,0
                  -71.5994484,-16.4226284,0
                  -71.5921085,-16.4191036,0
                  -71.5946304,-16.4060846,0
                  -71.5965321,-16.4046453,0
                  -71.5987316,-16.4105884,0
                </coordinates>
              </LinearRing>
            </outerBoundaryIs>
          </Polygon>
        </MultiGeometry>
      </Placemark>
      <Placemark>
        <name>HUARAZ</name>
        <styleUrl>#poly-FFD600-1200-77-nodesc</styleUrl>
        <Polygon>
          <outerBoundaryIs>
            <LinearRing>
              <tessellate>1</tessellate>
              <coordinates>
                -77.5275,-9.54595,0
                -77.5262506,-9.5497026,0
                -77.5247057,-9.5494484,0
                -77.5230825,-9.5457048,0
                -77.5232617,-9.5433153,0
                -77.5214516,-9.5420651,0
                -77.5193839,-9.5440313,0
                -77.5184398,-9.5423383,0
                -77.516251,-9.5390583,0
                -77.5148395,-9.5372101,0
                -77.5112727,-9.5312921,0
                -77.5065949,-9.5292181,0
                -77.5006081,-9.5249644,0
                -77.5050928,-9.5207531,0
                -77.5113503,-9.5159455,0
                -77.5158481,-9.5107146,0
                -77.5173329,-9.5093303,0
                -77.5202339,-9.5080729,0
                -77.5217917,-9.5077087,0
                -77.5229633,-9.5073022,0
                -77.5255639,-9.5062352,0
                -77.5271304,-9.5058437,0
                -77.5279333,-9.5052155,0
                -77.5281176,-9.5036003,0
                -77.5284482,-9.4984432,0
                -77.5331602,-9.4909972,0
                -77.5368449,-9.4850641,0
                -77.5386106,-9.4871455,0
                -77.5392972,-9.4903624,0
                -77.541443,-9.4933253,0
                -77.5408208,-9.4958015,0
                -77.5398552,-9.498193,0
                -77.5371515,-9.5028913,0
                -77.5361644,-9.5076319,0
                -77.5370655,-9.5123725,0
                -77.536566,-9.5166032,0
                -77.5374089,-9.5397989,0
                -77.5328598,-9.5440312,0
                -77.5275,-9.54595,0
              </coordinates>
            </LinearRing>
          </outerBoundaryIs>
        </Polygon>
      </Placemark>
      <Placemark>
        <name>HUARAZ ADICIONAL</name>
        <styleUrl>#poly-880E4F-1200-77-nodesc</styleUrl>
        <Polygon>
          <outerBoundaryIs>
            <LinearRing>
              <tessellate>1</tessellate>
              <coordinates>
                -77.5353576,-9.5427395,0
                -77.5362588,-9.5459136,0
                -77.5409366,-9.5498494,0
                -77.5372459,-9.5566204,0
                -77.5242426,-9.5529387,0
                -77.5229744,-9.5516536,0
                -77.5224786,-9.5505377,0
                -77.5232703,-9.5496758,0
                -77.526551,-9.549491,0
                -77.528663,-9.5451941,0
                -77.532654,-9.5444747,0
                -77.5353576,-9.5427395,0
              </coordinates>
            </LinearRing>
          </outerBoundaryIs>
        </Polygon>
      </Placemark>
      <Placemark>
        <name>HUARAZ ADICIONAL</name>
        <styleUrl>#poly-880E4F-1200-77-nodesc</styleUrl>
        <Polygon>
          <outerBoundaryIs>
            <LinearRing>
              <tessellate>1</tessellate>
              <coordinates>
                -77.5385334,-9.4659346,0
                -77.53922,-9.4675009,0
                -77.5387051,-9.4707603,0
                -77.5387909,-9.4742314,0
                -77.537203,-9.4777024,0
                -77.5333835,-9.4799036,0
                -77.528577,-9.4740621,0
                -77.5335552,-9.4629714,0
                -77.5385334,-9.4659346,0
              </coordinates>
            </LinearRing>
          </outerBoundaryIs>
        </Polygon>
      </Placemark>
      <Placemark>
        <name>HUARAZ ADICIONAL</name>
        <styleUrl>#poly-880E4F-1200-77-nodesc</styleUrl>
        <Polygon>
          <outerBoundaryIs>
            <LinearRing>
              <tessellate>1</tessellate>
              <coordinates>
                -77.5017335,-9.5237539,0
                -77.4878395,-9.5212356,0
                -77.4950601,-9.5114374,0
                -77.519951,-9.4975544,0
                -77.5283624,-9.4984856,0
                -77.5279333,-9.5019564,0
                -77.5278475,-9.5052579,0
                -77.5171186,-9.5092365,0
                -77.5120117,-9.515162,0
                -77.506304,-9.5198177,0
                -77.5017335,-9.5237539,0
              </coordinates>
            </LinearRing>
          </outerBoundaryIs>
        </Polygon>
      </Placemark>
      <Placemark>
        <name>HUANUCO</name>
        <styleUrl>#poly-FFD600-2000-77-nodesc</styleUrl>
        <Polygon>
          <outerBoundaryIs>
            <LinearRing>
              <tessellate>1</tessellate>
              <coordinates>
                -76.249171,-9.940914,0
                -76.2494077,-9.941231,0
                -76.250502,-9.9421821,0
                -76.2517895,-9.9434714,0
                -76.2502761,-9.9452998,0
                -76.2469341,-9.9493313,0
                -76.2423903,-9.9515451,0
                -76.2376267,-9.9452574,0
                -76.2354381,-9.939815,0
                -76.2370543,-9.9374677,0
                -76.2368251,-9.9351204,0
                -76.2345641,-9.9316938,0
                -76.2334318,-9.9301878,0
                -76.2300739,-9.9292891,0
                -76.2295028,-9.9240395,0
                -76.227453,-9.9194562,0
                -76.224931,-9.913098,0
                -76.2287939,-9.9110684,0
                -76.223762,-9.9030255,0
                -76.2226783,-9.9012394,0
                -76.2217126,-9.898555,0
                -76.2207148,-9.8963566,0
                -76.2188157,-9.8934819,0
                -76.2161334,-9.89196,0
                -76.2123428,-9.8908337,0
                -76.2105691,-9.8891041,0
                -76.2091816,-9.8872899,0
                -76.211299,-9.8864519,0
                -76.2130984,-9.8849704,0
                -76.214641,-9.8848838,0
                -76.2196305,-9.8858592,0
                -76.2242491,-9.8917582,0
                -76.2281812,-9.8952052,0
                -76.2271574,-9.8998566,0
                -76.2294382,-9.902521,0
                -76.2336041,-9.907045,0
                -76.2345713,-9.9109557,0
                -76.234251,-9.9128372,0
                -76.2341256,-9.9149937,0
                -76.2352644,-9.9158605,0
                -76.23828,-9.9166955,0
                -76.2404373,-9.9184606,0
                -76.2427538,-9.9184602,0
                -76.2429371,-9.9193091,0
                -76.2411033,-9.9207075,0
                -76.2447885,-9.9249138,0
                -76.246285,-9.9281901,0
                -76.2487203,-9.928444,0
                -76.2504049,-9.9322859,0
                -76.2511026,-9.9344574,0
                -76.2525398,-9.9360319,0
                -76.2541705,-9.9367082,0
                -76.252723,-9.938558,0
                -76.249171,-9.940914,0
              </coordinates>
            </LinearRing>
          </outerBoundaryIs>
        </Polygon>
      </Placemark>
      <Placemark>
        <name>HUANUCO ADICIONAL</name>
        <styleUrl>#poly-880E4F-1200-77-nodesc</styleUrl>
        <Polygon>
          <outerBoundaryIs>
            <LinearRing>
              <tessellate>1</tessellate>
              <coordinates>
                -76.2287939,-9.9110684,0
                -76.224931,-9.913098,0
                -76.2221682,-9.9083069,0
                -76.2180403,-9.9034593,0
                -76.2176929,-9.9009509,0
                -76.2152857,-9.8997954,0
                -76.2132258,-9.9006409,0
                -76.2103076,-9.895314,0
                -76.2103811,-9.8934966,0
                -76.211742,-9.8904955,0
                -76.2188157,-9.8934819,0
                -76.2226783,-9.9012394,0
                -76.2287939,-9.9110684,0
              </coordinates>
            </LinearRing>
          </outerBoundaryIs>
        </Polygon>
      </Placemark>
      <Placemark>
        <name>PUCALLPA</name>
        <description>Yarinacocha</description>
        <styleUrl>#poly-FFD600-1200-77</styleUrl>
        <Polygon>
          <outerBoundaryIs>
            <LinearRing>
              <tessellate>1</tessellate>
              <coordinates>
                -74.6154587,-8.4002475,0
                -74.5557206,-8.3859824,0
                -74.5581238,-8.3751134,0
                -74.5540039,-8.3683201,0
                -74.5560639,-8.3598283,0
                -74.5770066,-8.3533744,0
                -74.5862763,-8.3491285,0
                -74.5986359,-8.3520157,0
                -74.606189,-8.3637345,0
                -74.6127121,-8.3795289,0
                -74.6154587,-8.4002475,0
              </coordinates>
            </LinearRing>
          </outerBoundaryIs>
        </Polygon>
      </Placemark>
      <Placemark>
        <name>PUCALLPA</name>
        <description>Calleria</description>
        <styleUrl>#poly-FFD600-1200-77</styleUrl>
        <Polygon>
          <outerBoundaryIs>
            <LinearRing>
              <tessellate>1</tessellate>
              <coordinates>
                -74.6154587,-8.4002475,0
                -74.6043167,-8.4175066,0
                -74.5797693,-8.4123275,0
                -74.5734176,-8.4299026,0
                -74.5680103,-8.4285018,0
                -74.5660361,-8.4352516,0
                -74.5542773,-8.4324922,0
                -74.5517883,-8.4271857,0
                -74.5414886,-8.4226009,0
                -74.5356521,-8.4005249,0
                -74.5287857,-8.3910149,0
                -74.5229492,-8.3747115,0
                -74.5346221,-8.3621438,0
                -74.5425186,-8.3709752,0
                -74.5540039,-8.3683201,0
                -74.5581238,-8.3751134,0
                -74.5557206,-8.3859824,0
                -74.6154587,-8.4002475,0
              </coordinates>
            </LinearRing>
          </outerBoundaryIs>
        </Polygon>
      </Placemark>
      <Placemark>
        <name>IQUITOS</name>
        <styleUrl>#poly-FFD600-1200-77-nodesc</styleUrl>
        <Polygon>
          <outerBoundaryIs>
            <LinearRing>
              <tessellate>1</tessellate>
              <coordinates>
                -73.2654098,-3.7205057,0
                -73.2630475,-3.7234891,0
                -73.2640326,-3.7271148,0
                -73.2667362,-3.7300697,0
                -73.268882,-3.7292132,0
                -73.2702124,-3.7296415,0
                -73.2726156,-3.7286993,0
                -73.2739928,-3.7298843,0
                -73.2714354,-3.7341575,0
                -73.2668005,-3.7399816,0
                -73.2654272,-3.7430649,0
                -73.2655989,-3.7463195,0
                -73.2680021,-3.750088,0
                -73.272637,-3.7494028,0
                -73.2791601,-3.7516297,0
                -73.2803618,-3.7595091,0
                -73.2831083,-3.7595091,0
                -73.2877432,-3.7656756,0
                -73.292893,-3.7644766,0
                -73.305596,-3.7711569,0
                -73.306562,-3.7855902,0
                -73.308107,-3.7922703,0
                -73.3130851,-3.7931267,0
                -73.327333,-3.7991217,0
                -73.333977,-3.79956,0
                -73.3367529,-3.8079856,0
                -73.3365384,-3.8105334,0
                -73.3371821,-3.8126959,0
                -73.3358946,-3.8166568,0
                -73.3326895,-3.8188292,0
                -73.3259168,-3.8211529,0
                -73.3245206,-3.8192715,0
                -73.3214965,-3.8191403,0
                -73.3202949,-3.8182839,0
                -73.3190289,-3.8149654,0
                -73.3149164,-3.8143404,0
                -73.306505,-3.8056907,0
                -73.2899397,-3.7922449,0
                -73.2814424,-3.788391,0
                -73.2794683,-3.7855647,0
                -73.2672976,-3.7905955,0
                -73.252921,-3.7884544,0
                -73.2545517,-3.7863562,0
                -73.2572125,-3.7848146,0
                -73.2591605,-3.7798761,0
                -73.2602763,-3.7770499,0
                -73.2608771,-3.7728961,0
                -73.259874,-3.7703359,0
                -73.2563549,-3.7680235,0
                -73.2498318,-3.7647689,0
                -73.2448536,-3.7641694,0
                -73.2453686,-3.758945,0
                -73.2421231,-3.7505854,0
                -73.242209,-3.7495576,0
                -73.2409644,-3.7458748,0
                -73.2405782,-3.7416352,0
                -73.2406047,-3.7363079,0
                -73.2392314,-3.7313403,0
                -73.2393765,-3.725619,0
                -73.2394195,-3.7231351,0
                -73.2394195,-3.7206941,0
                -73.2389045,-3.7187242,0
                -73.2374883,-3.7154695,0
                -73.2376865,-3.7123261,0
                -73.2373431,-3.7094139,0
                -73.2400897,-3.7077009,0
                -73.2431796,-3.7102705,0
                -73.2454276,-3.7090457,0
                -73.2452559,-3.7104589,0
                -73.2461572,-3.7098165,0
                -73.2473159,-3.707247,0
                -73.2494616,-3.707975,0
                -73.2488444,-3.71284,0
                -73.2527927,-3.7160947,0
                -73.2594875,-3.7164373,0
                -73.2656673,-3.7200346,0
                -73.2654098,-3.7205057,0
              </coordinates>
            </LinearRing>
          </outerBoundaryIs>
        </Polygon>
      </Placemark>
      <Placemark>
        <name>IQUITOS ADICIONAL</name>
        <styleUrl>#poly-880E4F-1200-77-nodesc</styleUrl>
        <Polygon>
          <outerBoundaryIs>
            <LinearRing>
              <tessellate>1</tessellate>
              <coordinates>
                -73.305596,-3.7711569,0
                -73.3114393,-3.7706189,0
                -73.3117826,-3.7752437,0
                -73.3133276,-3.7774705,0
                -73.3169325,-3.7769566,0
                -73.3184774,-3.7815814,0
                -73.3298071,-3.7846646,0
                -73.3363302,-3.7808962,0
                -73.3416517,-3.7815814,0
                -73.34251,-3.7853497,0
                -73.3401068,-3.7880903,0
                -73.3404501,-3.7916873,0
                -73.3389051,-3.7973397,0
                -73.3409651,-3.8004228,0
                -73.3409651,-3.8033346,0
                -73.34251,-3.8045336,0
                -73.3428533,-3.8079593,0
                -73.34354,-3.8124126,0
                -73.34457,-3.8170372,0
                -73.3418234,-3.819949,0
                -73.3354719,-3.8238884,0
                -73.3385618,-3.8307395,0
                -73.3469732,-3.8312534,0
                -73.3505781,-3.8293693,0
                -73.3504064,-3.8249161,0
                -73.3524664,-3.8244022,0
                -73.3608778,-3.8288555,0
                -73.3595045,-3.8331374,0
                -73.354698,-3.8327949,0
                -73.354183,-3.8351927,0
                -73.3516081,-3.8355353,0
                -73.3504064,-3.8314246,0
                -73.34354,-3.8336512,0
                -73.3462866,-3.8381044,0
                -73.34354,-3.8439278,0
                -73.3457716,-3.8456406,0
                -73.34457,-3.8456406,0
                -73.3431967,-3.848381,0
                -73.3394201,-3.8506075,0
                -73.3365019,-3.8488948,0
                -73.3337553,-3.843414,0
                -73.3277471,-3.8362204,0
                -73.3279188,-3.8314246,0
                -73.3239706,-3.8274852,0
                -73.3248289,-3.8221756,0
                -73.3245206,-3.8192715,0
                -73.3214965,-3.8191403,0
                -73.3202949,-3.8182839,0
                -73.3197585,-3.8169993,0
                -73.3190289,-3.8149654,0
                -73.3149164,-3.8143404,0
                -73.3079634,-3.8072415,0
                -73.300031,-3.8005877,0
                -73.3026138,-3.7965096,0
                -73.3037725,-3.7938547,0
                -73.308107,-3.7922703,0
                -73.306562,-3.7855902,0
                -73.305596,-3.7711569,0
              </coordinates>
            </LinearRing>
          </outerBoundaryIs>
        </Polygon>
      </Placemark>
      <Placemark>
        <name>HUANUCO ADICIONAL</name>
        <styleUrl>#poly-880E4F-2000-77-nodesc</styleUrl>
        <MultiGeometry>
          <Polygon>
            <outerBoundaryIs>
              <LinearRing>
                <tessellate>1</tessellate>
                <coordinates>
                  -76.2510497,-9.9427489,0
                  -76.2517895,-9.9434714,0
                  -76.2517705,-9.9434948,0
                  -76.2510497,-9.9427489,0
                </coordinates>
              </LinearRing>
            </outerBoundaryIs>
          </Polygon>
          <Polygon>
            <outerBoundaryIs>
              <LinearRing>
                <tessellate>1</tessellate>
                <coordinates>
                  -76.249171,-9.940914,0
                  -76.252723,-9.938558,0
                  -76.254428,-9.93637,0
                  -76.2584062,-9.9368972,0
                  -76.2606999,-9.9381007,0
                  -76.2615797,-9.9398233,0
                  -76.2606623,-9.9407903,0
                  -76.2582134,-9.9415168,0
                  -76.2554641,-9.9417994,0
                  -76.2518593,-9.9419051,0
                  -76.2503895,-9.9415671,0
                  -76.250502,-9.9421821,0
                  -76.2510497,-9.9427489,0
                  -76.249171,-9.940914,0
                </coordinates>
              </LinearRing>
            </outerBoundaryIs>
          </Polygon>
          <Polygon>
            <outerBoundaryIs>
              <LinearRing>
                <tessellate>1</tessellate>
                <coordinates>
                  -76.2517705,-9.9434948,0
                  -76.2526855,-9.9444416,0
                  -76.2537156,-9.9456676,0
                  -76.2556252,-9.9473369,0
                  -76.2551745,-9.9494711,0
                  -76.2532866,-9.9517117,0
                  -76.2547028,-9.9525571,0
                  -76.2559902,-9.9521767,0
                  -76.2569665,-9.9529799,0
                  -76.2567412,-9.9539098,0
                  -76.2558722,-9.9549877,0
                  -76.2544023,-9.9556429,0
                  -76.251409,-9.9575239,0
                  -76.2519615,-9.9619939,0
                  -76.2509074,-9.9643979,0
                  -76.2504877,-9.9679987,0
                  -76.2528789,-9.9703313,0
                  -76.2536514,-9.9718951,0
                  -76.2547671,-9.9733532,0
                  -76.2542306,-9.9770092,0
                  -76.2513338,-9.9774107,0
                  -76.2478466,-9.9768401,0
                  -76.243115,-9.973015,0
                  -76.241055,-9.962364,0
                  -76.2408,-9.9609489,0
                  -76.2423903,-9.9515451,0
                  -76.2469341,-9.9493313,0
                  -76.248523,-9.947485,0
                  -76.2517705,-9.9434948,0
                </coordinates>
              </LinearRing>
            </outerBoundaryIs>
          </Polygon>
        </MultiGeometry>
      </Placemark>
      <Placemark>
        <name>PRUEBA ILO</name>
        <styleUrl>#poly-FFD600-1200-77-nodesc</styleUrl>
        <Polygon>
          <outerBoundaryIs>
            <LinearRing>
              <tessellate>1</tessellate>
              <coordinates>
                -71.3179304,-17.6488717,0
                -71.3107206,-17.6415922,0
                -71.3148695,-17.6336445,0
                -71.3102776,-17.626896,0
                -71.3149263,-17.6244146,0
                -71.3193895,-17.6268687,0
                -71.3281443,-17.6268687,0
                -71.3324358,-17.6239238,0
                -71.3408472,-17.6239238,0
                -71.3422205,-17.6239647,0
                -71.3429071,-17.626705,0
                -71.3429681,-17.6292103,0
                -71.3422171,-17.631787,0
                -71.3422171,-17.634609,0
                -71.3411013,-17.6365108,0
                -71.3411013,-17.6372061,0
                -71.3421098,-17.6380854,0
                -71.3423888,-17.6390669,0
                -71.34226,-17.6401916,0
                -71.3431183,-17.6419911,0
                -71.3435046,-17.643034,0
                -71.3472168,-17.6450788,0
                -71.3471095,-17.6464488,0
                -71.3471953,-17.6493933,0
                -71.3463799,-17.6510086,0
                -71.345307,-17.6515403,0
                -71.3465087,-17.6548936,0
                -71.3508002,-17.6584514,0
                -71.3532464,-17.6592692,0
                -71.3516585,-17.6600462,0
                -71.3483111,-17.6597599,0
                -71.3475815,-17.6601689,0
                -71.345822,-17.6593919,0
                -71.3452212,-17.6580424,0
                -71.3423888,-17.6572655,0
                -71.3398139,-17.6602098,0
                -71.3187009,-17.6611249,0
                -71.3179304,-17.6488717,0
              </coordinates>
            </LinearRing>
          </outerBoundaryIs>
        </Polygon>
      </Placemark>
      <Placemark>
        <name>ILO Adicional 3</name>
        <description>zona arenosa</description>
        <styleUrl>#poly-E65100-1200-77</styleUrl>
        <Polygon>
          <outerBoundaryIs>
            <LinearRing>
              <tessellate>1</tessellate>
              <coordinates>
                -71.3096768,-17.6433372,0
                -71.3179304,-17.6488717,0
                -71.3187009,-17.6611249,0
                -71.297875,-17.6621078,0
                -71.2907082,-17.6366709,0
                -71.3007504,-17.6278776,0
                -71.3056781,-17.626746,0
                -71.3086607,-17.6272368,0
                -71.3102776,-17.626896,0
                -71.3113934,-17.6289001,0
                -71.3148695,-17.6336445,0
                -71.3096768,-17.6433372,0
              </coordinates>
            </LinearRing>
          </outerBoundaryIs>
        </Polygon>
      </Placemark>
      <Placemark>
        <name>ILO Adicional 5</name>
        <styleUrl>#poly-880E4F-1200-77-nodesc</styleUrl>
        <Polygon>
          <outerBoundaryIs>
            <LinearRing>
              <tessellate>1</tessellate>
              <coordinates>
                -71.3468936,-17.5989587,0
                -71.3416579,-17.6157706,0
                -71.3440612,-17.6169159,0
                -71.3423446,-17.6214151,0
                -71.3306287,-17.6192882,0
                -71.3332465,-17.6098396,0
                -71.3359073,-17.6113121,0
                -71.3377097,-17.6109849,0
                -71.3385251,-17.6088988,0
                -71.3392976,-17.6072626,0
                -71.3406279,-17.6064445,0
                -71.3394263,-17.6013313,0
                -71.3403275,-17.6006768,0
                -71.3406279,-17.5981815,0
                -71.3468936,-17.5989587,0
              </coordinates>
            </LinearRing>
          </outerBoundaryIs>
        </Polygon>
      </Placemark>
      <Placemark>
        <name>PRUEBA PUERTO MALDONADO</name>
        <styleUrl>#poly-FFD600-1200-77-nodesc</styleUrl>
        <Polygon>
          <outerBoundaryIs>
            <LinearRing>
              <tessellate>1</tessellate>
              <coordinates>
                -69.1904281,-12.5665803,0
                -69.1953634,-12.5656169,0
                -69.2005562,-12.5654494,0
                -69.2055343,-12.5675018,0
                -69.2051481,-12.5711041,0
                -69.2042898,-12.5737429,0
                -69.2041181,-12.5752927,0
                -69.2049335,-12.5775964,0
                -69.206736,-12.5804027,0
                -69.2087959,-12.5820363,0
                -69.2121004,-12.5838373,0
                -69.2197393,-12.588654,0
                -69.2228292,-12.6209023,0
                -69.2061781,-12.6224937,0
                -69.1933035,-12.616547,0
                -69.1922735,-12.6121915,0
                -69.1867803,-12.6054069,0
                -69.1825746,-12.604318,0
                -69.172275,-12.5970305,0
                -69.1682409,-12.5961929,0
                -69.1817163,-12.5884864,0
                -69.1891836,-12.5829577,0
                -69.1915869,-12.5758372,0
                -69.1921877,-12.5731565,0
                -69.1904281,-12.5665803,0
              </coordinates>
            </LinearRing>
          </outerBoundaryIs>
        </Polygon>
      </Placemark>
      <Placemark>
        <name>Puerto Maldonado Adicional</name>
        <styleUrl>#poly-880E4F-1200-77-nodesc</styleUrl>
        <Polygon>
          <outerBoundaryIs>
            <LinearRing>
              <tessellate>1</tessellate>
              <coordinates>
                -69.1672968,-12.5663709,0
                -69.1714166,-12.565198,0
                -69.1750215,-12.5647792,0
                -69.1790556,-12.5652818,0
                -69.1830896,-12.5669573,0
                -69.1862654,-12.5692192,0
                -69.1878103,-12.5721513,0
                -69.1883253,-12.5750833,0
                -69.1875528,-12.5775127,0
                -69.185407,-12.5812823,0
                -69.1819738,-12.5843818,0
                -69.1721891,-12.5890728,0
                -69.1632627,-12.5934286,0
                -69.1604303,-12.594015,0
                -69.1498731,-12.5775964,0
                -69.1672968,-12.5663709,0
              </coordinates>
            </LinearRing>
          </outerBoundaryIs>
        </Polygon>
      </Placemark>
      <Placemark>
        <name>Prueba TALARA</name>
        <styleUrl>#poly-FFD600-1200-77-nodesc</styleUrl>
        <Polygon>
          <outerBoundaryIs>
            <LinearRing>
              <tessellate>1</tessellate>
              <coordinates>
                -81.2867814,-4.5862451,0
                -81.287468,-4.5890684,0
                -81.2889272,-4.5906084,0
                -81.2891846,-4.591849,0
                -81.2881976,-4.5918062,0
                -81.2858802,-4.5930039,0
                -81.2848931,-4.5942445,0
                -81.2830907,-4.5944156,0
                -81.282919,-4.5931751,0
                -81.2821036,-4.5911645,0
                -81.2808162,-4.5882128,0
                -81.2818461,-4.5867584,0
                -81.2840348,-4.586074,0
                -81.2867814,-4.5862451,0
              </coordinates>
            </LinearRing>
          </outerBoundaryIs>
        </Polygon>
      </Placemark>
      <Placemark>
        <name>PRUEBA MOQUEGUA </name>
        <styleUrl>#poly-FFD600-1200-77-nodesc</styleUrl>
        <Polygon>
          <outerBoundaryIs>
            <LinearRing>
              <tessellate>1</tessellate>
              <coordinates>
                -70.8957474,-17.1737719,0
                -70.9323531,-17.187017,0
                -70.9543698,-17.187958,0
                -70.9598414,-17.1917502,0
                -70.9556142,-17.1950504,0
                -70.9599162,-17.1965981,0
                -70.9631883,-17.1993756,0
                -70.9664608,-17.2033112,0
                -70.9673462,-17.209686,0
                -70.9684032,-17.2127402,0
                -70.966966,-17.2136738,0
                -70.9650028,-17.2127877,0
                -70.9572405,-17.2117707,0
                -70.9545275,-17.2125412,0
                -70.9492395,-17.2122457,0
                -70.9469555,-17.2142457,0
                -70.944244,-17.2141153,0
                -70.942262,-17.2159526,0
                -70.9352939,-17.2172084,0
                -70.9323432,-17.2134064,0
                -70.9269898,-17.2087023,0
                -70.9217529,-17.2104653,0
                -70.9157014,-17.1981051,0
                -70.910745,-17.1982384,0
                -70.9096402,-17.1964601,0
                -70.9106758,-17.195571,0
                -70.9055716,-17.1891408,0
                -70.8993389,-17.1845813,0
                -70.8958529,-17.1855975,0
                -70.8930866,-17.1834481,0
                -70.8978073,-17.1802501,0
                -70.8957474,-17.1737719,0
              </coordinates>
            </LinearRing>
          </outerBoundaryIs>
        </Polygon>
      </Placemark>
      <Placemark>
        <name>MOQUEGUA ADICIONAL 5</name>
        <styleUrl>#poly-880E4F-1200-77-nodesc</styleUrl>
        <Polygon>
          <outerBoundaryIs>
            <LinearRing>
              <tessellate>1</tessellate>
              <coordinates>
                -70.9034937,-17.161553,0
                -70.9121626,-17.1702458,0
                -70.9065836,-17.1741,0
                -70.903322,-17.1714758,0
                -70.9000604,-17.1628651,0
                -70.9035795,-17.1605689,0
                -70.9034937,-17.161553,0
              </coordinates>
            </LinearRing>
          </outerBoundaryIs>
        </Polygon>
      </Placemark>
      <Placemark>
        <name>Prueba TALATA</name>
        <styleUrl>#poly-FFD600-1200-77-nodesc</styleUrl>
        <Polygon>
          <outerBoundaryIs>
            <LinearRing>
              <tessellate>1</tessellate>
              <coordinates>
                -81.2718118,-4.572171,0
                -81.2729276,-4.5724277,0
                -81.2752021,-4.5726416,0
                -81.27782,-4.5735827,0
                -81.2788499,-4.5758928,0
                -81.2806523,-4.5767697,0
                -81.2804807,-4.578545,0
                -81.2779058,-4.5779889,0
                -81.2768865,-4.5784809,0
                -81.2756527,-4.5792295,0
                -81.2742151,-4.5801706,0
                -81.2741936,-4.5808551,0
                -81.2761677,-4.5861595,0
                -81.276511,-4.5874536,0
                -81.2751163,-4.5882771,0
                -81.2740005,-4.5905443,0
                -81.2738288,-4.5920201,0
                -81.2673701,-4.593774,0
                -81.2666298,-4.5932393,0
                -81.2614048,-4.5918062,0
                -81.2593449,-4.5911432,0
                -81.2577356,-4.592619,0
                -81.2554182,-4.5920629,0
                -81.2526286,-4.5913784,0
                -81.252339,-4.5909935,0
                -81.2520922,-4.5906085,0
                -81.251148,-4.5905122,0
                -81.2503112,-4.5899454,0
                -81.2499679,-4.5888974,0
                -81.2499679,-4.5877851,0
                -81.250397,-4.5855393,0
                -81.2540019,-4.5859457,0
                -81.2538732,-4.584149,0
                -81.2546886,-4.5816679,0
                -81.2563622,-4.579529,0
                -81.2560779,-4.5778713,0
                -81.2564052,-4.5751228,0
                -81.2573547,-4.5747913,0
                -81.25839,-4.5749945,0
                -81.2579823,-4.5776039,0
                -81.2593664,-4.5784595,0
                -81.2602676,-4.5778178,0
                -81.2627567,-4.5790156,0
                -81.2645591,-4.5770478,0
                -81.2638296,-4.5753367,0
                -81.2658037,-4.5733688,0
                -81.267177,-4.5727699,0
                -81.2682498,-4.5731977,0
                -81.2705673,-4.5728341,0
                -81.2718118,-4.572171,0
              </coordinates>
            </LinearRing>
          </outerBoundaryIs>
        </Polygon>
      </Placemark>
      <Placemark>
        <name>TALARA ADICIONAL 3</name>
        <styleUrl>#poly-E65100-1200-77-nodesc</styleUrl>
        <Polygon>
          <outerBoundaryIs>
            <LinearRing>
              <tessellate>1</tessellate>
              <coordinates>
                -81.2673701,-4.593774,0
                -81.2684051,-4.6022991,0
                -81.2643281,-4.6044807,0
                -81.2586419,-4.6016788,0
                -81.2548438,-4.6002244,0
                -81.2530747,-4.5988879,0
                -81.2524202,-4.5984174,0
                -81.2520662,-4.5984174,0
                -81.2514546,-4.5986313,0
                -81.2498882,-4.598674,0
                -81.2491587,-4.5988452,0
                -81.2486008,-4.5994013,0
                -81.2482127,-4.5995363,0
                -81.2468394,-4.5995791,0
                -81.2462815,-4.599408,0
                -81.2458523,-4.5979964,0
                -81.2452944,-4.5955153,0
                -81.2450369,-4.5931197,0
                -81.2451657,-4.5905531,0
                -81.2452944,-4.5877725,0
                -81.2461098,-4.5831525,0
                -81.2504872,-4.5842647,0
                -81.2498944,-4.5887572,0
                -81.2503112,-4.5899454,0
                -81.251148,-4.5905122,0
                -81.2520922,-4.5906085,0
                -81.2522333,-4.5912597,0
                -81.2577356,-4.592619,0
                -81.2593449,-4.5911432,0
                -81.2664597,-4.5931419,0
                -81.2673701,-4.593774,0
              </coordinates>
            </LinearRing>
          </outerBoundaryIs>
        </Polygon>
      </Placemark>
      <Placemark>
        <name>TALARA ADICIONAL 5</name>
        <styleUrl>#poly-880E4F-1200-77-nodesc</styleUrl>
        <Polygon>
          <outerBoundaryIs>
            <LinearRing>
              <tessellate>1</tessellate>
              <coordinates>
                -81.2791834,-4.5514189,0
                -81.2777243,-4.5547558,0
                -81.2746773,-4.5580498,0
                -81.277381,-4.560916,0
                -81.2731753,-4.571953,0
                -81.2718118,-4.572171,0
                -81.2685834,-4.5731936,0
                -81.267177,-4.5727699,0
                -81.2666522,-4.5713969,0
                -81.267253,-4.5707552,0
                -81.2678538,-4.5708408,0
                -81.2690125,-4.571183,0
                -81.2700854,-4.5707552,0
                -81.2703429,-4.5689157,0
                -81.2693129,-4.5665629,0
                -81.2693987,-4.5638678,0
                -81.2717162,-4.563825,0
                -81.2724887,-4.5616005,0
                -81.2721453,-4.5604455,0
                -81.2713299,-4.5581781,0
                -81.2709866,-4.5562103,0
                -81.2710295,-4.554713,0
                -81.2725316,-4.5535151,0
                -81.274334,-4.555098,0
                -81.2757073,-4.5526168,0
                -81.2776385,-4.5528307,0
                -81.2783251,-4.5513334,0
                -81.2791834,-4.5514189,0
              </coordinates>
            </LinearRing>
          </outerBoundaryIs>
        </Polygon>
      </Placemark>
      <Placemark>
        <name>TALARA ADICIONAL 5</name>
        <styleUrl>#poly-880E4F-1200-77-nodesc</styleUrl>
        <Polygon>
          <outerBoundaryIs>
            <LinearRing>
              <tessellate>1</tessellate>
              <coordinates>
                -81.1943663,-4.5769871,0
                -81.1952246,-4.5793827,0
                -81.1984003,-4.5839172,0
                -81.1906756,-4.585885,0
                -81.1871565,-4.5852006,0
                -81.1791313,-4.5910397,0
                -81.1829133,-4.5968494,0
                -81.1795256,-4.5985138,0
                -81.1748505,-4.5934192,0
                -81.1725385,-4.5898607,0
                -81.1767898,-4.5874825,0
                -81.1783803,-4.5896388,0
                -81.1861265,-4.5841311,0
                -81.1846674,-4.5823772,0
                -81.1874998,-4.5803238,0
                -81.1877573,-4.5795538,0
                -81.1905897,-4.5774149,0
                -81.191963,-4.5781849,0
                -81.1943663,-4.5769871,0
              </coordinates>
            </LinearRing>
          </outerBoundaryIs>
        </Polygon>
      </Placemark>
      <Placemark>
        <name>ABANCAY</name>
        <styleUrl>#poly-FFEA00-1200-77-nodesc</styleUrl>
        <Polygon>
          <outerBoundaryIs>
            <LinearRing>
              <tessellate>1</tessellate>
              <coordinates>
                -72.8922031,-13.6380301,0
                -72.8929648,-13.6391248,0
                -72.8931633,-13.6397452,0
                -72.8938674,-13.6399316,0
                -72.8947002,-13.6406601,0
                -72.8959193,-13.6414512,0
                -72.8977948,-13.6415548,0
                -72.8985824,-13.6432122,0
                -72.8986329,-13.6438741,0
                -72.9010828,-13.646332,0
                -72.9042646,-13.6469653,0
                -72.9041818,-13.6473029,0
                -72.9022736,-13.6479721,0
                -72.90058,-13.6474736,0
                -72.8973306,-13.6448201,0
                -72.8969565,-13.6453361,0
                -72.8941792,-13.6425992,0
                -72.8934097,-13.6428388,0
                -72.8941193,-13.6437927,0
                -72.8928268,-13.6442293,0
                -72.8939376,-13.6454999,0
                -72.8922539,-13.6451637,0
                -72.8917935,-13.6452881,0
                -72.8903148,-13.6433682,0
                -72.8896682,-13.6437749,0
                -72.8893651,-13.6441398,0
                -72.887686,-13.6439522,0
                -72.886007,-13.6438479,0
                -72.884395,-13.6428366,0
                -72.8832457,-13.6430399,0
                -72.8805253,-13.6402639,0
                -72.8784057,-13.6393229,0
                -72.8769574,-13.6391978,0
                -72.8761527,-13.6393438,0
                -72.8758791,-13.6398546,0
                -72.8752206,-13.6400136,0
                -72.8745695,-13.638769,0
                -72.8735894,-13.6383657,0
                -72.870111,-13.6362448,0
                -72.870023,-13.6357504,0
                -72.8686452,-13.6349701,0
                -72.8661042,-13.6352029,0
                -72.865228,-13.6345424,0
                -72.8670928,-13.6326722,0
                -72.8707601,-13.6336379,0
                -72.8707561,-13.6349438,0
                -72.8722716,-13.634803,0
                -72.8724245,-13.6340993,0
                -72.8726444,-13.6332756,0
                -72.8732358,-13.6330644,0
                -72.8732694,-13.6328116,0
                -72.8735081,-13.6327229,0
                -72.8743932,-13.6323163,0
                -72.8737279,-13.6303144,0
                -72.8732451,-13.6301267,0
                -72.8730198,-13.6293968,0
                -72.8727086,-13.6274366,0
                -72.8724029,-13.6275617,0
                -72.8708981,-13.6264148,0
                -72.8689871,-13.6227132,0
                -72.8685466,-13.6225099,0
                -72.867468,-13.619864,0
                -72.8667328,-13.6172182,0
                -72.8672907,-13.6152996,0
                -72.8677306,-13.6153622,0
                -72.8694151,-13.6167594,0
                -72.87212,-13.6149659,0
                -72.8724367,-13.6154456,0
                -72.8726246,-13.6168011,0
                -72.8729146,-13.6187198,0
                -72.8732888,-13.6194862,0
                -72.8733626,-13.6201691,0
                -72.8737677,-13.6202838,0
                -72.8736767,-13.6222233,0
                -72.8758816,-13.6211597,0
                -72.877357,-13.6200544,0
                -72.8783039,-13.6192203,0
                -72.878049,-13.6183861,0
                -72.8782233,-13.6181149,0
                -72.878804,-13.6185007,0
                -72.8790843,-13.6190742,0
                -72.8799453,-13.6200961,0
                -72.8800366,-13.6208885,0
                -72.8797951,-13.6216131,0
                -72.8803718,-13.6224134,0
                -72.8810309,-13.6223632,0
                -72.8816901,-13.6226884,0
                -72.8826222,-13.6225463,0
                -72.8834872,-13.6226206,0
                -72.8852109,-13.6223472,0
                -72.8860762,-13.6225326,0
                -72.886219,-13.6231537,0
                -72.8856745,-13.6235942,0
                -72.8854868,-13.6239749,0
                -72.8870533,-13.6249968,0
                -72.8876389,-13.625622,0
                -72.8882673,-13.6260805,0
                -72.8889602,-13.6269872,0
                -72.8898247,-13.6276437,0
                -72.8904932,-13.6283513,0
                -72.890457,-13.6288905,0
                -72.8899125,-13.6291766,0
                -72.8884802,-13.6286644,0
                -72.8878686,-13.6306637,0
                -72.8880081,-13.6326213,0
                -72.890186,-13.632723,0
                -72.889714,-13.6341149,0
                -72.8898427,-13.6347561,0
                -72.8903577,-13.6351836,0
                -72.8919027,-13.6360698,0
                -72.8930184,-13.6369457,0
                -72.8949926,-13.6365912,0
                -72.8964947,-13.635778,0
                -72.89834,-13.6374045,0
                -72.8982112,-13.6408034,0
                -72.8970069,-13.6406392,0
                -72.8964691,-13.6397647,0
                -72.8964892,-13.6376391,0
                -72.8961768,-13.6378958,0
                -72.8960359,-13.6384445,0
                -72.8951441,-13.6387847,0
                -72.8939519,-13.6389163,0
                -72.8934101,-13.6383585,0
                -72.8925598,-13.6378502,0
                -72.8922031,-13.6380301,0
              </coordinates>
            </LinearRing>
          </outerBoundaryIs>
        </Polygon>
      </Placemark>
      <Placemark>
        <name>SULLANA</name>
        <description>De acuerdo a las zonas peligrosas no se pueden hacer entregas despues de las 2pm</description>
        <styleUrl>#poly-FFD600-1200-77</styleUrl>
        <Polygon>
          <outerBoundaryIs>
            <LinearRing>
              <tessellate>1</tessellate>
              <coordinates>
                -80.7202044,-4.9056463,0
                -80.7141104,-4.906929,0
                -80.7176295,-4.9141978,0
                -80.7114497,-4.9211245,0
                -80.6975451,-4.9214666,0
                -80.6698218,-4.9145399,0
                -80.6708518,-4.9114613,0
                -80.6669894,-4.9088103,0
                -80.6687918,-4.9006863,0
                -80.6669036,-4.8987194,0
                -80.6663886,-4.892049,0
                -80.6673327,-4.8887993,0
                -80.669736,-4.8870034,0
                -80.6698218,-4.884951,0
                -80.6687918,-4.8833261,0
                -80.673255,-4.8799909,0
                -80.679864,-4.8846944,0
                -80.6823531,-4.8846944,0
                -80.6887046,-4.8896545,0
                -80.6982318,-4.8977787,0
                -80.7064715,-4.8996601,0
                -80.7127372,-4.901969,0
                -80.7165995,-4.901627,0
                -80.7198611,-4.9026532,0
                -80.7202044,-4.9056463,0
              </coordinates>
            </LinearRing>
          </outerBoundaryIs>
        </Polygon>
      </Placemark>
      <Placemark>
        <name>PAITA</name>
        <description>Horario por volumen</description>
        <styleUrl>#poly-FFD600-1200-77</styleUrl>
        <Polygon>
          <outerBoundaryIs>
            <LinearRing>
              <tessellate>1</tessellate>
              <coordinates>
                -81.1082665,-5.0852887,0
                -81.1192528,-5.081698,0
                -81.1199395,-5.0948639,0
                -81.1219136,-5.0961462,0
                -81.1225144,-5.1024726,0
                -81.126291,-5.1052083,0
                -81.1264626,-5.1094828,0
                -81.1281792,-5.111278,0
                -81.1274068,-5.1222206,0
                -81.1158196,-5.1171768,0
                -81.1167638,-5.1111071,0
                -81.1110989,-5.1086279,0
                -81.1104123,-5.1106796,0
                -81.1068932,-5.1099102,0
                -81.1056916,-5.1129023,0
                -81.0962502,-5.1090553,0
                -81.0886113,-5.1022161,0
                -81.0854356,-5.0948639,0
                -81.0744492,-5.0993949,0
                -81.081144,-5.0862292,0
                -81.0667245,-5.0731486,0
                -81.0701577,-5.0686174,0
                -81.0880963,-5.0813561,0
                -81.1022584,-5.0828094,0
                -81.1082665,-5.0852887,0
              </coordinates>
            </LinearRing>
          </outerBoundaryIs>
        </Polygon>
      </Placemark>
      <Placemark>
        <name>JULIACA ADICIONAL</name>
        <description>ADICIONAL 5</description>
        <styleUrl>#poly-880E4F-1200-77</styleUrl>
        <Polygon>
          <outerBoundaryIs>
            <LinearRing>
              <tessellate>1</tessellate>
              <coordinates>
                -70.1038736,-15.4622115,0
                -70.1059335,-15.4650241,0
                -70.1047319,-15.4678367,0
                -70.1025861,-15.4688293,0
                -70.1006978,-15.4691602,0
                -70.0983804,-15.4680848,0
                -70.0957197,-15.4664304,0
                -70.0978654,-15.4589852,0
                -70.1018995,-15.4589025,0
                -70.1012128,-15.4613015,0
                -70.1018995,-15.4624597,0
                -70.1038736,-15.4622115,0
              </coordinates>
            </LinearRing>
          </outerBoundaryIs>
        </Polygon>
      </Placemark>
      <Placemark>
        <name>Juliaca Adicional 3</name>
        <description>Adicional 3</description>
        <styleUrl>#poly-E65100-1200-77</styleUrl>
        <Polygon>
          <outerBoundaryIs>
            <LinearRing>
              <tessellate>1</tessellate>
              <coordinates>
                -70.0996619,-15.4705212,0
                -70.0986749,-15.4787933,0
                -70.0963147,-15.4868991,0
                -70.1001343,-15.4888841,0
                -70.0924004,-15.5066986,0
                -70.0771876,-15.5094799,0
                -70.0753645,-15.5023362,0
                -70.0811598,-15.4989661,0
                -70.0845107,-15.4948728,0
                -70.0906972,-15.4964461,0
                -70.0915689,-15.4941337,0
                -70.0883343,-15.487524,0
                -70.0816395,-15.483471,0
                -70.0843861,-15.4795833,0
                -70.0893643,-15.4782599,0
                -70.0921109,-15.4731313,0
                -70.0996619,-15.4705212,0
              </coordinates>
            </LinearRing>
          </outerBoundaryIs>
        </Polygon>
      </Placemark>
      <Placemark>
        <name>Juliaca Adicional 3</name>
        <description>Adicional 3 zona no asfaltada de dificil acceso</description>
        <styleUrl>#poly-E65100-1200-77</styleUrl>
        <MultiGeometry>
          <Polygon>
            <outerBoundaryIs>
              <LinearRing>
                <tessellate>1</tessellate>
                <coordinates>
                  -70.1401595,-15.4559779,0
                  -70.1401388,-15.456088,0
                  -70.1401527,-15.4559777,0
                  -70.1401595,-15.4559779,0
                </coordinates>
              </LinearRing>
            </outerBoundaryIs>
          </Polygon>
          <Polygon>
            <outerBoundaryIs>
              <LinearRing>
                <tessellate>1</tessellate>
                <coordinates>
                  -70.1401313,-15.4561478,0
                  -70.1495295,-15.4561892,0
                  -70.1440795,-15.4714726,0
                  -70.1403024,-15.4670879,0
                  -70.1381572,-15.4666333,0
                  -70.1401388,-15.456088,0
                  -70.1401313,-15.4561478,0
                </coordinates>
              </LinearRing>
            </outerBoundaryIs>
          </Polygon>
          <Polygon>
            <outerBoundaryIs>
              <LinearRing>
                <tessellate>1</tessellate>
                <coordinates>
                  -70.1401527,-15.4559777,0
                  -70.1394447,-15.4559618,0
                  -70.1132016,-15.4617115,0
                  -70.1116888,-15.4631797,0
                  -70.1100742,-15.4665401,0
                  -70.1073785,-15.4660903,0
                  -70.105826,-15.4627587,0
                  -70.102307,-15.4614661,0
                  -70.1025458,-15.4609038,0
                  -70.1051019,-15.4588938,0
                  -70.1064806,-15.4556598,0
                  -70.1073067,-15.4544861,0
                  -70.1140229,-15.4568231,0
                  -70.1185719,-15.4552513,0
                  -70.1330773,-15.4540104,0
                  -70.1371972,-15.4537622,0
                  -70.1388224,-15.4514842,0
                  -70.140566,-15.4526868,0
                  -70.1401527,-15.4559777,0
                </coordinates>
              </LinearRing>
            </outerBoundaryIs>
          </Polygon>
        </MultiGeometry>
      </Placemark>
      <Placemark>
        <name>TRUJILLO adicional</name>
        <description>Adicional 5, zona no asfaltada de dificil acceso</description>
        <styleUrl>#poly-880E4F-1200-77</styleUrl>
        <Polygon>
          <outerBoundaryIs>
            <LinearRing>
              <tessellate>1</tessellate>
              <coordinates>
                -79.0280424,-8.1657743,0
                -79.0283428,-8.1657318,0
                -79.026712,-8.1688116,0
                -79.0235363,-8.1717215,0
                -79.0228281,-8.1685865,0
                -79.0233646,-8.166454,0
                -79.0280424,-8.1657743,0
              </coordinates>
            </LinearRing>
          </outerBoundaryIs>
        </Polygon>
      </Placemark>
      <Placemark>
        <name>EXTENSIÓN CHICLAYO</name>
        <description>1 VEZ A LA SEMANA CON ADICIONAL</description>
        <styleUrl>#poly-FF5252-1200-77</styleUrl>
        <Polygon>
          <outerBoundaryIs>
            <LinearRing>
              <tessellate>1</tessellate>
              <coordinates>
                -79.9277572,-6.8282483,0
                -79.935997,-6.8311459,0
                -79.9382285,-6.8331912,0
                -79.9366836,-6.8379635,0
                -79.9375419,-6.843588,0
                -79.933937,-6.8437585,0
                -79.9327354,-6.8384748,0
                -79.9256973,-6.8355774,0
                -79.9267272,-6.8296119,0
                -79.89085,-6.8026811,0
                -79.891285,-6.8012085,0
                -79.9277572,-6.8282483,0
              </coordinates>
            </LinearRing>
          </outerBoundaryIs>
        </Polygon>
      </Placemark>
      <Placemark>
        <name>EXTENSIÓN CHICLAYO</name>
        <description>1 VEZ A LA SEMANA CON ADICIONAL</description>
        <styleUrl>#poly-FF5252-1200-77</styleUrl>
        <Polygon>
          <outerBoundaryIs>
            <LinearRing>
              <tessellate>1</tessellate>
              <coordinates>
                -79.9187563,-6.7692712,0
                -79.9221037,-6.767737,0
                -79.9254511,-6.7675665,0
                -79.9275969,-6.7719986,0
                -79.9273394,-6.7750669,0
                -79.9206446,-6.7767715,0
                -79.9176405,-6.7746408,0
                -79.9176405,-6.7725952,0
                -79.9134348,-6.7717429,0
                -79.9087141,-6.7734475,0
                -79.9073408,-6.7698678,0
                -79.9004744,-6.7671403,0
                -79.8958395,-6.7685893,0
                -79.885454,-6.7696121,0
                -79.8840807,-6.7701235,0
                -79.8787811,-6.7700049,0
                -79.8780726,-6.7696121,0
                -79.8842524,-6.7697825,0
                -79.8857973,-6.7689302,0
                -79.8960112,-6.7682484,0
                -79.8974703,-6.7674813,0
                -79.8969553,-6.7654357,0
                -79.9008177,-6.7642424,0
                -79.9120615,-6.7711463,0
                -79.9137781,-6.7702087,0
                -79.9140356,-6.7684188,0
                -79.917898,-6.7684188,0
                -79.9187563,-6.7692712,0
              </coordinates>
            </LinearRing>
          </outerBoundaryIs>
        </Polygon>
      </Placemark>
      <Placemark>
        <name>EXTENSIÓN CHICLAYO</name>
        <description>ADICIONAL</description>
        <styleUrl>#poly-FF5252-1200-77</styleUrl>
        <Polygon>
          <outerBoundaryIs>
            <LinearRing>
              <tessellate>1</tessellate>
              <coordinates>
                -79.8246103,-6.7725809,0
                -79.8241452,-6.774406,0
                -79.7773176,-6.7707058,0
                -79.7759443,-6.7715581,0
                -79.7688203,-6.7725809,0
                -79.7681337,-6.7672965,0
                -79.7736269,-6.7656771,0
                -79.7746568,-6.7664442,0
                -79.7805791,-6.7643986,0
                -79.7808366,-6.7667851,0
                -79.7871023,-6.7655919,0
                -79.795857,-6.7658476,0
                -79.7989469,-6.7708763,0
                -79.7989469,-6.7720695,0
                -79.8028093,-6.7721548,0
                -79.8034101,-6.7712172,0
                -79.8246103,-6.7725809,0
              </coordinates>
            </LinearRing>
          </outerBoundaryIs>
        </Polygon>
      </Placemark>
      <Placemark>
        <name>EXTENSIÓN CHICLAYO</name>
        <description>1 VEZ POR SEMANA CON ADICIONAL</description>
        <styleUrl>#poly-01579B-1200-77</styleUrl>
        <Polygon>
          <outerBoundaryIs>
            <LinearRing>
              <tessellate>1</tessellate>
              <coordinates>
                -79.7068215,-6.750465,0
                -79.7021867,-6.7513173,0
                -79.6889687,-6.7450098,0
                -79.6884537,-6.7416004,0
                -79.7039033,-6.7405775,0
                -79.7054482,-6.7419413,0
                -79.7068215,-6.750465,0
              </coordinates>
            </LinearRing>
          </outerBoundaryIs>
        </Polygon>
      </Placemark>
      <Placemark>
        <name>EXTENSIÓN CHICLAYO</name>
        <description>1 VEZ POR SEMANA CON ADICIONAL</description>
        <styleUrl>#poly-01579B-1200-77</styleUrl>
        <Polygon>
          <outerBoundaryIs>
            <LinearRing>
              <tessellate>1</tessellate>
              <coordinates>
                -79.9262048,-6.8749454,0
                -79.9210549,-6.8844892,0
                -79.9141885,-6.8834667,0
                -79.9167634,-6.8757975,0
                -79.9262048,-6.8749454,0
              </coordinates>
            </LinearRing>
          </outerBoundaryIs>
        </Polygon>
      </Placemark>
      <Placemark>
        <name>EXTENSIÓN CHICLAYO</name>
        <description>1 VEZ POR SEMANA CON ADICIONAL </description>
        <styleUrl>#poly-01579B-1200-77</styleUrl>
        <Polygon>
          <outerBoundaryIs>
            <LinearRing>
              <tessellate>1</tessellate>
              <coordinates>
                -79.8763438,-6.8797513,0
                -79.8781462,-6.8825633,0
                -79.8732539,-6.8849492,0
                -79.8725672,-6.8863978,0
                -79.8677607,-6.8853753,0
                -79.8647566,-6.8795808,0
                -79.8669024,-6.8709743,0
                -79.8741122,-6.8741272,0
                -79.8763438,-6.8797513,0
              </coordinates>
            </LinearRing>
          </outerBoundaryIs>
        </Polygon>
      </Placemark>
      <Placemark>
        <name>EXTENSIÓN CHICLAYO</name>
        <description>1 VEZ POR SEMANA CON ADICIONAL</description>
        <styleUrl>#poly-01579B-1200-77</styleUrl>
        <Polygon>
          <outerBoundaryIs>
            <LinearRing>
              <tessellate>1</tessellate>
              <coordinates>
                -79.8208532,-6.8595663,0
                -79.822484,-6.8616115,0
                -79.8223124,-6.8686418,0
                -79.8157892,-6.8700478,0
                -79.8151026,-6.8682157,0
                -79.8157463,-6.8657019,0
                -79.8129997,-6.8651906,0
                -79.8132572,-6.8621654,0
                -79.8167334,-6.8623785,0
                -79.8169909,-6.8597368,0
                -79.8208532,-6.8595663,0
              </coordinates>
            </LinearRing>
          </outerBoundaryIs>
        </Polygon>
      </Placemark>
      <Placemark>
        <name>EXTENSION CHICLAYO</name>
        <description>1 VEZ POR SEMANA CON ADICIONAL</description>
        <styleUrl>#poly-01579B-1200-77</styleUrl>
        <Polygon>
          <outerBoundaryIs>
            <LinearRing>
              <tessellate>1</tessellate>
              <coordinates>
                -79.9724023,-6.766083,0
                -79.9688833,-6.7706003,0
                -79.9667375,-6.7715379,0
                -79.9633901,-6.7776746,0
                -79.9603002,-6.775629,0
                -79.9638193,-6.773413,0
                -79.9609868,-6.7715379,0
                -79.961931,-6.7691514,0
                -79.9646776,-6.7689809,0
                -79.965965,-6.7677877,0
                -79.9650209,-6.7643784,0
                -79.9691408,-6.7619918,0
                -79.971029,-6.7621623,0
                -79.9724023,-6.766083,0
              </coordinates>
            </LinearRing>
          </outerBoundaryIs>
        </Polygon>
      </Placemark>
      <Placemark>
        <name>EXPANSIÓN CUSCO</name>
        <description>1 VEZ POR SEMANA CON ADICIONAL</description>
        <styleUrl>#poly-FF5252-1200-77</styleUrl>
        <Polygon>
          <outerBoundaryIs>
            <LinearRing>
              <tessellate>1</tessellate>
              <coordinates>
                -71.9239161,-13.4766053,0
                -71.9253323,-13.4788171,0
                -71.920912,-13.4838668,0
                -71.9197104,-13.4809455,0
                -71.9239161,-13.4766053,0
              </coordinates>
            </LinearRing>
          </outerBoundaryIs>
        </Polygon>
      </Placemark>
      <Placemark>
        <name>EXPANSIÓN CUSCO</name>
        <description>1 VEZ POR SEMANA CON ADICIONAL</description>
        <styleUrl>#poly-FF5252-1200-77</styleUrl>
        <Polygon>
          <outerBoundaryIs>
            <LinearRing>
              <tessellate>1</tessellate>
              <coordinates>
                -71.8523883,-13.422505,0
                -71.8491267,-13.4234233,0
                -71.8448781,-13.4260114,0
                -71.8416594,-13.4227554,0
                -71.8505429,-13.4200839,0
                -71.8523883,-13.422505,0
              </coordinates>
            </LinearRing>
          </outerBoundaryIs>
        </Polygon>
      </Placemark>
      <Placemark>
        <name>EXPANSIÓN CUSCO</name>
        <description>1 VEZ POR SEMANA CON ADICIONAL</description>
        <styleUrl>#poly-FF5252-1200-77</styleUrl>
        <Polygon>
          <outerBoundaryIs>
            <LinearRing>
              <tessellate>1</tessellate>
              <coordinates>
                -71.9234814,-13.3630637,0
                -71.9210781,-13.366571,0
                -71.9167866,-13.3640658,0
                -71.9234814,-13.3630637,0
              </coordinates>
            </LinearRing>
          </outerBoundaryIs>
        </Polygon>
      </Placemark>
      <Placemark>
        <name>EXPANSIÓN CUSCO</name>
        <description>1 VEZ POR SEMANA CON ADICIONAL</description>
        <styleUrl>#poly-FF5252-1200-77</styleUrl>
        <Polygon>
          <outerBoundaryIs>
            <LinearRing>
              <tessellate>1</tessellate>
              <coordinates>
                -71.9536413,-13.3258168,0
                -71.9508947,-13.3192187,0
                -71.9561303,-13.3171306,0
                -71.9596494,-13.322476,0
                -71.9536413,-13.3258168,0
              </coordinates>
            </LinearRing>
          </outerBoundaryIs>
        </Polygon>
      </Placemark>
      <Placemark>
        <name>EXPANSIÓN CUSCO</name>
        <description>1 VEZ POR SEMANA CON ADICIONAL</description>
        <styleUrl>#poly-FF5252-1200-77</styleUrl>
        <Polygon>
          <outerBoundaryIs>
            <LinearRing>
              <tessellate>1</tessellate>
              <coordinates>
                -72.1225841,-13.3034867,0
                -72.1187218,-13.3083313,0
                -72.1082504,-13.310837,0
                -72.1097095,-13.3064102,0
                -72.1183784,-13.3025679,0
                -72.1217258,-13.3003127,0
                -72.1225841,-13.3034867,0
              </coordinates>
            </LinearRing>
          </outerBoundaryIs>
        </Polygon>
      </Placemark>
      <Placemark>
        <name>EXPANSIÓN CUSCO</name>
        <description>1 VEZ POR SEMANA CON ADICIONAL</description>
        <styleUrl>#poly-FF5252-1200-77</styleUrl>
        <Polygon>
          <outerBoundaryIs>
            <LinearRing>
              <tessellate>1</tessellate>
              <coordinates>
                -72.1548562,-13.3325522,0
                -72.1567015,-13.3320511,0
                -72.1585469,-13.3370203,0
                -72.1554999,-13.3401521,0
                -72.1548562,-13.3325522,0
              </coordinates>
            </LinearRing>
          </outerBoundaryIs>
        </Polygon>
      </Placemark>
      <Placemark>
        <name>EXPANSIÓN CUSCO</name>
        <description>1 VEZ POR SEMANA CON ADICIONAL</description>
        <styleUrl>#poly-FF5252-1200-77</styleUrl>
        <Polygon>
          <outerBoundaryIs>
            <LinearRing>
              <tessellate>1</tessellate>
              <coordinates>
                -72.1498112,-13.4619417,0
                -72.1477513,-13.4634442,0
                -72.1476654,-13.4647797,0
                -72.1407131,-13.4674508,0
                -72.1377949,-13.466783,0
                -72.1385674,-13.4640285,0
                -72.1467213,-13.461107,0
                -72.1498112,-13.4619417,0
              </coordinates>
            </LinearRing>
          </outerBoundaryIs>
        </Polygon>
      </Placemark>
      <Placemark>
        <name>EXPANSIÓN CUSCO</name>
        <description>1 VEZ POR SEMANA CON ADICIONAL</description>
        <styleUrl>#poly-FF5252-1200-77</styleUrl>
        <Polygon>
          <outerBoundaryIs>
            <LinearRing>
              <tessellate>1</tessellate>
              <coordinates>
                -72.0699497,-13.4763692,0
                -72.0701213,-13.4777047,0
                -72.0669027,-13.4799166,0
                -72.0643707,-13.4789567,0
                -72.0699497,-13.4763692,0
              </coordinates>
            </LinearRing>
          </outerBoundaryIs>
        </Polygon>
      </Placemark>
      <Placemark>
        <name>EXPANSIÓN CUSCO</name>
        <description>1 VEZ POR SEMANA CON ADICIONAL</description>
        <styleUrl>#poly-FF5252-1200-77</styleUrl>
        <Polygon>
          <outerBoundaryIs>
            <LinearRing>
              <tessellate>1</tessellate>
              <coordinates>
                -72.044672,-13.4943304,0
                -72.0449724,-13.4949563,0
                -72.0421829,-13.4965421,0
                -72.039608,-13.4954154,0
                -72.0425262,-13.4942887,0
                -72.044672,-13.4943304,0
              </coordinates>
            </LinearRing>
          </outerBoundaryIs>
        </Polygon>
      </Placemark>
      <Placemark>
        <name>EXPANSIÓN CUSCO</name>
        <description>1 VEZ POR SEMANA CON ADICIONAL</description>
        <styleUrl>#poly-FF5252-1200-77</styleUrl>
        <Polygon>
          <outerBoundaryIs>
            <LinearRing>
              <tessellate>1</tessellate>
              <coordinates>
                -71.6245358,-13.6832444,0
                -71.6253941,-13.6839115,0
                -71.6236346,-13.6860381,0
                -71.6218321,-13.6877059,0
                -71.6199009,-13.6860798,0
                -71.6210597,-13.6843285,0
                -71.6245358,-13.6832444,0
              </coordinates>
            </LinearRing>
          </outerBoundaryIs>
        </Polygon>
      </Placemark>
      <Placemark>
        <name>EXPANSIÓN CUSCO</name>
        <description>1 VEZ POR SEMANA CON ADICIONAL</description>
        <styleUrl>#poly-FF5252-1200-77</styleUrl>
        <Polygon>
          <outerBoundaryIs>
            <LinearRing>
              <tessellate>1</tessellate>
              <coordinates>
                -71.6432589,-13.6913147,0
                -71.6402119,-13.6926906,0
                -71.6392249,-13.6911062,0
                -71.6424006,-13.6895634,0
                -71.6432589,-13.6913147,0
              </coordinates>
            </LinearRing>
          </outerBoundaryIs>
        </Polygon>
      </Placemark>
      <Placemark>
        <name>EXPANSIÓN CUSCO</name>
        <description>1 VEZ POR SEMANA CON ADICIONAL</description>
        <styleUrl>#poly-FF5252-1200-77</styleUrl>
        <Polygon>
          <outerBoundaryIs>
            <LinearRing>
              <tessellate>1</tessellate>
              <coordinates>
                -71.6766865,-13.6683791,0
                -71.6797764,-13.6752178,0
                -71.6774161,-13.6765104,0
                -71.6731245,-13.6708811,0
                -71.6766865,-13.6683791,0
              </coordinates>
            </LinearRing>
          </outerBoundaryIs>
        </Polygon>
      </Placemark>
      <Placemark>
        <name>EXPANSIÓN CUSCO</name>
        <description>1 VEZ POR SEMANA CON ADICIONAL</description>
        <styleUrl>#poly-FF5252-1200-77</styleUrl>
        <Polygon>
          <outerBoundaryIs>
            <LinearRing>
              <tessellate>1</tessellate>
              <coordinates>
                -71.6896936,-13.6484869,0
                -71.6871831,-13.6512602,0
                -71.6865823,-13.6506346,0
                -71.6876981,-13.648758,0
                -71.6890714,-13.6475277,0
                -71.6896936,-13.6484869,0
              </coordinates>
            </LinearRing>
          </outerBoundaryIs>
        </Polygon>
      </Placemark>
      <Placemark>
        <name>EXPANSIÓN CUSCO</name>
        <description>1 VEZ POR SEMANA CON ADICIONAL</description>
        <styleUrl>#poly-FF5252-1200-77</styleUrl>
        <Polygon>
          <outerBoundaryIs>
            <LinearRing>
              <tessellate>1</tessellate>
              <coordinates>
                -71.7369976,-13.6282879,0
                -71.7371049,-13.6286841,0
                -71.73556,-13.6296225,0
                -71.7326417,-13.6304566,0
                -71.7328348,-13.6313116,0
                -71.735281,-13.6325628,0
                -71.7358818,-13.6320832,0
                -71.7374268,-13.633668,0
                -71.7367401,-13.6345647,0
                -71.7336717,-13.6318121,0
                -71.7324915,-13.6327713,0
                -71.7302599,-13.6312074,0
                -71.7369976,-13.6282879,0
              </coordinates>
            </LinearRing>
          </outerBoundaryIs>
        </Polygon>
      </Placemark>
      <Placemark>
        <name>EXPANSIÓN CUSCO</name>
        <description>1 VEZ POR SEMANA CON ADICIONAL</description>
        <styleUrl>#poly-FF5252-1200-77</styleUrl>
        <Polygon>
          <outerBoundaryIs>
            <LinearRing>
              <tessellate>1</tessellate>
              <coordinates>
                -71.7388803,-13.6093775,0
                -71.7389446,-13.6098989,0
                -71.7356187,-13.6105662,0
                -71.7335373,-13.6114004,0
                -71.7335159,-13.6117967,0
                -71.7313701,-13.6121095,0
                -71.731413,-13.611463,0
                -71.7323142,-13.6110459,0
                -71.7316276,-13.6103994,0
                -71.731928,-13.6099406,0
                -71.7332798,-13.6106705,0
                -71.7348891,-13.610316,0
                -71.7370993,-13.6097112,0
                -71.7388803,-13.6093775,0
              </coordinates>
            </LinearRing>
          </outerBoundaryIs>
        </Polygon>
      </Placemark>
      <Placemark>
        <name>EXPANSIÓN CUSCO</name>
        <description>1 VEZ POR SEMANA CON ADICIONAL</description>
        <styleUrl>#poly-FF5252-1200-77</styleUrl>
        <Polygon>
          <outerBoundaryIs>
            <LinearRing>
              <tessellate>1</tessellate>
              <coordinates>
                -71.7709074,-13.5980866,0
                -71.7716798,-13.5997551,0
                -71.7658863,-13.6012568,0
                -71.7651138,-13.5995883,0
                -71.7709074,-13.5980866,0
              </coordinates>
            </LinearRing>
          </outerBoundaryIs>
        </Polygon>
      </Placemark>
      <Placemark>
        <name>EXPANSIÓN CUSCO</name>
        <description>1 VEZ POR SEMANA CON ADICIONAL</description>
        <styleUrl>#poly-FF5252-1200-77</styleUrl>
        <Polygon>
          <outerBoundaryIs>
            <LinearRing>
              <tessellate>1</tessellate>
              <coordinates>
                -71.7916096,-13.5894064,0
                -71.7922104,-13.5906161,0
                -71.7880047,-13.5922429,0
                -71.7868889,-13.5913252,0
                -71.7916096,-13.5894064,0
              </coordinates>
            </LinearRing>
          </outerBoundaryIs>
        </Polygon>
      </Placemark>
      <Placemark>
        <name>PISCO</name>
        <styleUrl>#poly-FFD600-1200-77-nodesc</styleUrl>
        <Polygon>
          <outerBoundaryIs>
            <LinearRing>
              <tessellate>1</tessellate>
              <coordinates>
                -76.2167599,-13.6985646,0
                -76.2171778,-13.7054525,0
                -76.2199244,-13.7132074,0
                -76.2202678,-13.7212955,0
                -76.2162337,-13.7214623,0
                -76.2154612,-13.7227964,0
                -76.2126288,-13.7224628,0
                -76.2095389,-13.7265485,0
                -76.2051423,-13.7258355,0
                -76.2042936,-13.7297356,0
                -76.2015518,-13.728142,0
                -76.2001834,-13.7241304,0
                -76.1928019,-13.7230048,0
                -76.1939177,-13.7201282,0
                -76.1937461,-13.7175433,0
                -76.1937461,-13.710956,0
                -76.1887679,-13.710956,0
                -76.186708,-13.7137911,0
                -76.1848197,-13.7148751,0
                -76.1844334,-13.7115606,0
                -76.1787686,-13.7113312,0
                -76.1763439,-13.710685,0
                -76.1771593,-13.7094134,0
                -76.1766014,-13.7069535,0
                -76.1787257,-13.7068076,0
                -76.1794553,-13.7064532,0
                -76.1801419,-13.704306,0
                -76.1813221,-13.7042851,0
                -76.1830387,-13.7051398,0
                -76.1832318,-13.7049939,0
                -76.1855922,-13.7049939,0
                -76.1874375,-13.7055776,0
                -76.1887893,-13.7071828,0
                -76.1905489,-13.7085795,0
                -76.1928234,-13.7079958,0
                -76.192384,-13.7071535,0
                -76.1922982,-13.705736,0
                -76.1933282,-13.7024005,0
                -76.2025979,-13.7003991,0
                -76.2048295,-13.7013998,0
                -76.2103226,-13.699732,0
                -76.2167599,-13.6985646,0
              </coordinates>
            </LinearRing>
          </outerBoundaryIs>
        </Polygon>
      </Placemark>
      <Placemark>
        <name>PISCO ADICIONAL</name>
        <styleUrl>#poly-C2185B-1200-77-nodesc</styleUrl>
        <Polygon>
          <outerBoundaryIs>
            <LinearRing>
              <tessellate>1</tessellate>
              <coordinates>
                -76.164441,-13.6810782,0
                -76.1611795,-13.6869158,0
                -76.1496781,-13.6834966,0
                -76.149249,-13.6729887,0
                -76.1537122,-13.6682349,0
                -76.1579179,-13.6686519,0
                -76.1616086,-13.673489,0
                -76.164441,-13.6810782,0
              </coordinates>
            </LinearRing>
          </outerBoundaryIs>
        </Polygon>
      </Placemark>
      <Placemark>
        <name>PISCO ADICIONAL</name>
        <styleUrl>#poly-C2185B-1200-77-nodesc</styleUrl>
        <Polygon>
          <outerBoundaryIs>
            <LinearRing>
              <tessellate>1</tessellate>
              <coordinates>
                -76.1614369,-13.6947545,0
                -76.1632394,-13.6957552,0
                -76.1589479,-13.698924,0
                -76.1580895,-13.7011755,0
                -76.1522531,-13.703427,0
                -76.1516522,-13.7056784,0
                -76.1540555,-13.7139336,0
                -76.1545705,-13.7171021,0
                -76.1493348,-13.719687,0
                -76.1417817,-13.7171021,0
                -76.1405801,-13.7143505,0
                -76.1433267,-13.7089305,0
                -76.1457299,-13.7079299,0
                -76.1457299,-13.7050947,0
                -76.1512231,-13.7024263,0
                -76.1556005,-13.6972562,0
                -76.1614369,-13.6947545,0
              </coordinates>
            </LinearRing>
          </outerBoundaryIs>
        </Polygon>
      </Placemark>
      <Placemark>
        <name>CHINCHA PRUEBA</name>
        <description>Cobertura tarifa normal</description>
        <styleUrl>#poly-FFD600-1200-77</styleUrl>
        <MultiGeometry>
          <Polygon>
            <outerBoundaryIs>
              <LinearRing>
                <tessellate>1</tessellate>
                <coordinates>
                  -76.1714224,-13.4271779,0
                  -76.1726911,-13.427911,0
                  -76.1714278,-13.4281849,0
                  -76.1714224,-13.4271779,0
                </coordinates>
              </LinearRing>
            </outerBoundaryIs>
          </Polygon>
          <Polygon>
            <outerBoundaryIs>
              <LinearRing>
                <tessellate>1</tessellate>
                <coordinates>
                  -76.157357,-13.4171402,0
                  -76.1587842,-13.420905,0
                  -76.1579098,-13.4250833,0
                  -76.1546227,-13.4244582,0
                  -76.1535371,-13.425064,0
                  -76.144435,-13.4241465,0
                  -76.1444008,-13.4262131,0
                  -76.1402124,-13.426506,0
                  -76.1340907,-13.4278512,0
                  -76.1353059,-13.4426044,0
                  -76.1295406,-13.4409714,0
                  -76.1297689,-13.4391246,0
                  -76.1296676,-13.4349301,0
                  -76.1217558,-13.4355774,0
                  -76.1156,-13.4362464,0
                  -76.1159005,-13.433929,0
                  -76.1145916,-13.4290554,0
                  -76.1134705,-13.4282754,0
                  -76.1147526,-13.4266605,0
                  -76.1168072,-13.4242943,0
                  -76.1154741,-13.4192709,0
                  -76.1129193,-13.4134614,0
                  -76.1154614,-13.4089287,0
                  -76.1191141,-13.4025712,0
                  -76.1155761,-13.399142,0
                  -76.1152996,-13.3968816,0
                  -76.1232444,-13.3935003,0
                  -76.1248377,-13.3943771,0
                  -76.1365214,-13.3937093,0
                  -76.1379483,-13.3912878,0
                  -76.145099,-13.3861108,0
                  -76.1513914,-13.3917883,0
                  -76.1467566,-13.397633,0
                  -76.1394822,-13.4042917,0
                  -76.1412524,-13.4065358,0
                  -76.1405068,-13.4074908,0
                  -76.1425593,-13.4112421,0
                  -76.1462102,-13.4107694,0
                  -76.1508527,-13.4135526,0
                  -76.1498758,-13.4136874,0
                  -76.157357,-13.4171402,0
                </coordinates>
              </LinearRing>
            </outerBoundaryIs>
          </Polygon>
        </MultiGeometry>
      </Placemark>
      <Placemark>
        <name>Chincha adicional</name>
        <styleUrl>#poly-880E4F-1200-77-nodesc</styleUrl>
        <Polygon>
          <outerBoundaryIs>
            <LinearRing>
              <tessellate>1</tessellate>
              <coordinates>
                -76.0894533,-13.4289863,0
                -76.090274,-13.4301968,0
                -76.0915669,-13.4323674,0
                -76.0932299,-13.435832,0
                -76.0920149,-13.4365677,0
                -76.0907998,-13.4369277,0
                -76.089786,-13.4383573,0
                -76.0875008,-13.4402982,0
                -76.0869857,-13.4416965,0
                -76.0851832,-13.4422599,0
                -76.082501,-13.4435538,0
                -76.0801621,-13.4433869,0
                -76.0802909,-13.4385033,0
                -76.0839005,-13.4353167,0
                -76.0842485,-13.434551,0
                -76.0849446,-13.4341884,0
                -76.085135,-13.4335883,0
                -76.0865459,-13.4327222,0
                -76.0894533,-13.4289863,0
              </coordinates>
            </LinearRing>
          </outerBoundaryIs>
        </Polygon>
      </Placemark>
      <Placemark>
        <name>Chincha adicional</name>
        <description>Zona distrital diferente a Chincha Alta adicional 3 soles</description>
        <styleUrl>#poly-E65100-1200-77</styleUrl>
        <Polygon>
          <outerBoundaryIs>
            <LinearRing>
              <tessellate>1</tessellate>
              <coordinates>
                -76.1513914,-13.3917883,0
                -76.156722,-13.3892881,0
                -76.168395,-13.3964688,0
                -76.1627301,-13.4002261,0
                -76.1690816,-13.4049017,0
                -76.1670555,-13.4091131,0
                -76.1717424,-13.4202638,0
                -76.1749181,-13.4215996,0
                -76.1741456,-13.4266087,0
                -76.1700733,-13.4255734,0
                -76.1700257,-13.4297811,0
                -76.1659917,-13.430115,0
                -76.16493,-13.4333753,0
                -76.1641034,-13.435291,0
                -76.1626443,-13.4345396,0
                -76.1611762,-13.431947,0
                -76.1565415,-13.4292557,0
                -76.1480873,-13.4289534,0
                -76.1477956,-13.4320352,0
                -76.1443624,-13.4323691,0
                -76.1436757,-13.4359588,0
                -76.1429032,-13.4399659,0
                -76.1409291,-13.4408007,0
                -76.1391267,-13.4411346,0
                -76.1385259,-13.4442234,0
                -76.135436,-13.4443903,0
                -76.1340907,-13.4278512,0
                -76.1402124,-13.426506,0
                -76.1444008,-13.4262131,0
                -76.144435,-13.4241465,0
                -76.1458425,-13.4240835,0
                -76.1535371,-13.425064,0
                -76.1546227,-13.4244582,0
                -76.1579098,-13.4250833,0
                -76.1587842,-13.420905,0
                -76.157357,-13.4171402,0
                -76.1498758,-13.4136874,0
                -76.1508527,-13.4135526,0
                -76.1492168,-13.4125042,0
                -76.1462102,-13.4107694,0
                -76.144664,-13.4109873,0
                -76.1433753,-13.4111636,0
                -76.1425593,-13.4112421,0
                -76.1405068,-13.4074908,0
                -76.1412524,-13.4065358,0
                -76.1394822,-13.4042917,0
                -76.1513914,-13.3917883,0
              </coordinates>
            </LinearRing>
          </outerBoundaryIs>
        </Polygon>
      </Placemark>
      <Placemark>
        <name>CHINCHA ADICIONAL</name>
        <description>Zona con adicional 5</description>
        <styleUrl>#poly-880E4F-1200-77</styleUrl>
        <Polygon>
          <outerBoundaryIs>
            <LinearRing>
              <tessellate>1</tessellate>
              <coordinates>
                -76.1842543,-13.459774,0
                -76.1820656,-13.4605253,0
                -76.1788898,-13.4589393,0
                -76.1781603,-13.4590228,0
                -76.1782032,-13.461527,0
                -76.1742979,-13.4615687,0
                -76.1739975,-13.46232,0
                -76.1714655,-13.4622782,0
                -76.1712938,-13.4600245,0
                -76.1693197,-13.4598158,0
                -76.1688906,-13.4608174,0
                -76.1619812,-13.4603166,0
                -76.1603933,-13.4609009,0
                -76.1603075,-13.4620278,0
                -76.1582476,-13.46232,0
                -76.1574751,-13.4614435,0
                -76.155501,-13.4604001,0
                -76.1557155,-13.4596071,0
                -76.1570459,-13.4596488,0
                -76.1585909,-13.4609844,0
                -76.1615091,-13.4586054,0
                -76.1597925,-13.4560177,0
                -76.1566597,-13.4568942,0
                -76.155501,-13.4563933,0
                -76.1542564,-13.4542647,0
                -76.1548572,-13.4535969,0
                -76.1558014,-13.4550578,0
                -76.1593204,-13.4548908,0
                -76.162582,-13.4587724,0
                -76.1676889,-13.4591062,0
                -76.1689335,-13.4596071,0
                -76.1727959,-13.4598992,0
                -76.1764007,-13.4588141,0
                -76.1816793,-13.4577289,0
                -76.1824518,-13.4544734,0
                -76.183353,-13.4544734,0
                -76.1842113,-13.4594401,0
                -76.1842543,-13.459774,0
              </coordinates>
            </LinearRing>
          </outerBoundaryIs>
        </Polygon>
      </Placemark>
      <Placemark>
        <name>HUANCAYO ADICIONAL 5</name>
        <styleUrl>#poly-C2185B-1200-77-nodesc</styleUrl>
        <Polygon>
          <outerBoundaryIs>
            <LinearRing>
              <tessellate>1</tessellate>
              <coordinates>
                -75.1854182,-12.1206642,0
                -75.1809892,-12.1221853,0
                -75.1785859,-12.1250385,0
                -75.1835641,-12.1270525,0
                -75.1837357,-12.1396395,0
                -75.177041,-12.140143,0
                -75.1736077,-12.146688,0
                -75.160218,-12.148534,0
                -75.1578148,-12.1434994,0
                -75.1507767,-12.1337656,0
                -75.1605614,-12.1228566,0
                -75.1701744,-12.1136256,0
                -75.1785859,-12.1139613,0
                -75.1798562,-12.1178163,0
                -75.1854182,-12.1206642,0
              </coordinates>
            </LinearRing>
          </outerBoundaryIs>
        </Polygon>
      </Placemark>
      <Placemark>
        <name>Tumbes</name>
        <styleUrl>#poly-FFD600-1200-77-nodesc</styleUrl>
        <Polygon>
          <outerBoundaryIs>
            <LinearRing>
              <tessellate>1</tessellate>
              <coordinates>
                -80.4444583,-3.5548595,0
                -80.4578479,-3.5504049,0
                -80.4611953,-3.5632547,0
                -80.4656585,-3.5666812,0
                -80.461367,-3.5716498,0
                -80.4579338,-3.5741983,0
                -80.4568823,-3.5728491,0
                -80.4558631,-3.5721637,0
                -80.4537925,-3.5706646,0
                -80.451947,-3.5700435,0
                -80.4508099,-3.5696366,0
                -80.4496082,-3.5692512,0
                -80.4500803,-3.5693797,0
                -80.4494365,-3.5691334,0
                -80.4488142,-3.5701346,0
                -80.4483207,-3.569907,0
                -80.4485138,-3.5691655,0
                -80.4483207,-3.563169,0
                -80.4417976,-3.5605134,0
                -80.4373344,-3.5630833,0
                -80.4310687,-3.5610274,0
                -80.4291053,-3.5619429,0
                -80.4284669,-3.5638998,0
                -80.428534,-3.5681335,0
                -80.4251343,-3.5701647,0
                -80.4202695,-3.569633,0
                -80.4176792,-3.5691655,0
                -80.4168423,-3.5695082,0
                -80.4158767,-3.5692512,0
                -80.4154476,-3.5689085,0
                -80.4141929,-3.5639562,0
                -80.415556,-3.5599891,0
                -80.4170378,-3.5562095,0
                -80.4201729,-3.5578166,0
                -80.4226787,-3.5574616,0
                -80.423816,-3.5530391,0
                -80.4281505,-3.5537029,0
                -80.4332574,-3.5544311,0
                -80.4339012,-3.5516042,0
                -80.4362186,-3.5493769,0
                -80.4444583,-3.5548595,0
              </coordinates>
            </LinearRing>
          </outerBoundaryIs>
        </Polygon>
      </Placemark>
      <Placemark>
        <name>Tumbres Adicional 3</name>
        <styleUrl>#poly-E65100-1200-77-nodesc</styleUrl>
        <Polygon>
          <outerBoundaryIs>
            <LinearRing>
              <tessellate>1</tessellate>
              <coordinates>
                -80.4237946,-3.570065,0
                -80.4244812,-3.5701293,0
                -80.4255327,-3.570504,0
                -80.4267128,-3.5712857,0
                -80.4266056,-3.5716498,0
                -80.4210051,-3.5742625,0
                -80.4198142,-3.5750121,0
                -80.4216661,-3.5770921,0
                -80.4179572,-3.5818585,0
                -80.4132183,-3.5839693,0
                -80.4110329,-3.5815613,0
                -80.4104676,-3.5789178,0
                -80.4125646,-3.5765329,0
                -80.4135672,-3.5755615,0
                -80.4138773,-3.5748608,0
                -80.4122874,-3.5722816,0
                -80.4131301,-3.5718211,0
                -80.4154476,-3.5689085,0
                -80.4158767,-3.5692512,0
                -80.4168423,-3.5695082,0
                -80.4176792,-3.5691655,0
                -80.4204043,-3.5696795,0
                -80.4218849,-3.5697652,0
                -80.4237946,-3.570065,0
              </coordinates>
            </LinearRing>
          </outerBoundaryIs>
        </Polygon>
      </Placemark>
      <Placemark>
        <name>Tumbes Adicional 3</name>
        <styleUrl>#poly-E65100-1200-77-nodesc</styleUrl>
        <Polygon>
          <outerBoundaryIs>
            <LinearRing>
              <tessellate>1</tessellate>
              <coordinates>
                -80.4579338,-3.5741983,0
                -80.4556423,-3.5757144,0
                -80.45378,-3.5772519,0
                -80.4519669,-3.5769735,0
                -80.4515001,-3.577616,0
                -80.4510878,-3.5807641,0
                -80.4521628,-3.5843138,0
                -80.4522711,-3.5874699,0
                -80.4517617,-3.5884731,0
                -80.4442973,-3.5884179,0
                -80.4427323,-3.5875765,0
                -80.4427122,-3.5863068,0
                -80.4426055,-3.5847046,0
                -80.4421516,-3.5842442,0
                -80.4425853,-3.5832296,0
                -80.4417959,-3.581594,0
                -80.4431568,-3.5805714,0
                -80.4428862,-3.5784726,0
                -80.4440141,-3.5757956,0
                -80.443416,-3.5756243,0
                -80.4432336,-3.5742429,0
                -80.4444996,-3.5731614,0
                -80.4460016,-3.5732899,0
                -80.4483207,-3.569907,0
                -80.4488142,-3.5701346,0
                -80.4494365,-3.5691334,0
                -80.4537925,-3.5706646,0
                -80.4568823,-3.5728491,0
                -80.4579338,-3.5741983,0
              </coordinates>
            </LinearRing>
          </outerBoundaryIs>
        </Polygon>
      </Placemark>
      <Placemark>
        <name>Tumbes Adicional 10</name>
        <styleUrl>#poly-01579B-1200-77-nodesc</styleUrl>
        <Polygon>
          <outerBoundaryIs>
            <LinearRing>
              <tessellate>1</tessellate>
              <coordinates>
                -80.4840264,-3.5979649,0
                -80.4855714,-3.6013913,0
                -80.4851422,-3.6037898,0
                -80.4828248,-3.605503,0
                -80.4773317,-3.6037898,0
                -80.4774175,-3.6010487,0
                -80.4823098,-3.5975366,0
                -80.4840264,-3.5979649,0
              </coordinates>
            </LinearRing>
          </outerBoundaryIs>
        </Polygon>
      </Placemark>
    </Folder>
    <Folder>
      <name>LIMA</name>
      <Placemark>
        <name>LIMA NORTE</name>
        <styleUrl>#poly-FFD600-1200-77-nodesc</styleUrl>
        <Polygon>
          <outerBoundaryIs>
            <LinearRing>
              <tessellate>1</tessellate>
              <coordinates>
                -77.1410002,-11.9367058,0
                -77.1356787,-11.9531642,0
                -77.1356787,-11.9793612,0
                -77.1391118,-11.9879251,0
                -77.1391118,-11.9971603,0
                -77.1334625,-11.9977161,0
                -77.133435,-12.0020499,0
                -77.1304615,-12.014999,0
                -77.1279892,-12.0266994,0
                -77.1272334,-12.0368888,0
                -77.1464932,-12.0314539,0
                -77.1468579,-12.0359448,0
                -77.1468366,-12.0399741,0
                -77.1371591,-12.0388199,0
                -77.1360325,-12.0437725,0
                -77.1350616,-12.0474973,0
                -77.1385968,-12.04862,0
                -77.1456349,-12.0495433,0
                -77.1483814,-12.0527329,0
                -77.1525014,-12.0492075,0
                -77.1565783,-12.0519355,0
                -77.1512568,-12.0561744,0
                -77.1526729,-12.0586085,0
                -77.1603975,-12.0653233,0
                -77.1696672,-12.0680092,0
                -77.1732721,-12.0701914,0
                -77.1720705,-12.072038,0
                -77.1639574,-12.0730248,0
                -77.1550762,-12.064484,0
                -77.134477,-12.0681771,0
                -77.1074257,-12.0820989,0
                -77.0842657,-12.0306808,0
                -77.0551794,-12.0324131,0
                -77.0505978,-12.0315421,0
                -77.0450411,-12.0350458,0
                -77.0408961,-12.0346758,0
                -77.0372745,-12.03712,0
                -77.0304033,-12.0399016,0
                -77.0195674,-12.0393768,0
                -77.0158129,-12.0346976,0
                -77.0146365,-12.0278368,0
                -77.0160954,-12.0215828,0
                -77.0199239,-12.0173186,0
                -77.0265443,-12.0114793,0
                -77.0433024,-12.0160124,0
                -77.0475083,-12.0076157,0
                -77.0410598,-11.9944461,0
                -77.0423364,-11.9861458,0
                -77.0570351,-11.9855578,0
                -77.0477119,-11.9827588,0
                -77.0461132,-11.9793198,0
                -77.0413711,-11.9811728,0
                -77.0420151,-11.9772398,0
                -77.0390752,-11.9766378,0
                -77.0401268,-11.9700247,0
                -77.0345687,-11.9650929,0
                -77.0367983,-11.95992,0
                -77.0404218,-11.961413,0
                -77.0335165,-11.9581492,0
                -77.030987,-11.9546339,0
                -77.0343419,-11.9521374,0
                -77.0459154,-11.9494055,0
                -77.0450839,-11.9414341,0
                -77.0330784,-11.9482466,0
                -77.0279392,-11.9444785,0
                -77.0273596,-11.9378436,0
                -77.033807,-11.935198,0
                -77.0337111,-11.9271371,0
                -77.0254192,-11.923855,0
                -77.0239642,-11.9158756,0
                -77.0110932,-11.9170363,0
                -76.994961,-11.9082022,0
                -76.9969498,-11.9009189,0
                -77.0149026,-11.8973315,0
                -77.0105403,-11.8871087,0
                -76.9922444,-11.8876598,0
                -76.9566997,-11.8210116,0
                -76.9984974,-11.8054122,0
                -77.0165997,-11.8502768,0
                -77.0259554,-11.8601085,0
                -77.039131,-11.8756496,0
                -77.0535952,-11.8829587,0
                -77.0554505,-11.8749073,0
                -77.0577282,-11.8729078,0
                -77.0600059,-11.8702363,0
                -77.0641321,-11.869681,0
                -77.0674529,-11.871415,0
                -77.0716197,-11.8664119,0
                -77.0861931,-11.8535745,0
                -77.1088344,-11.8351948,0
                -77.1119578,-11.8352871,0
                -77.1201951,-11.8467348,0
                -77.1248585,-11.8481958,0
                -77.1266465,-11.8495727,0
                -77.1287983,-11.851064,0
                -77.130577,-11.8526234,0
                -77.1311391,-11.8611363,0
                -77.1310219,-11.8703834,0
                -77.1323091,-11.8728611,0
                -77.1405152,-11.8718473,0
                -77.1464852,-11.8711303,0
                -77.1598153,-11.873143,0
                -77.1410002,-11.9367058,0
              </coordinates>
            </LinearRing>
          </outerBoundaryIs>
          <innerBoundaryIs>
            <LinearRing>
              <tessellate>1</tessellate>
              <coordinates>
                -77.0745996,-11.9071293,0
                -77.0746216,-11.9075086,0
                -77.0745488,-11.9078367,0
                -77.0745996,-11.9071293,0
              </coordinates>
            </LinearRing>
          </innerBoundaryIs>
          <innerBoundaryIs>
            <LinearRing>
              <tessellate>1</tessellate>
              <coordinates>
                -77.0404218,-11.961413,0
                -77.0525835,-11.9598958,0
                -77.0542462,-11.9700458,0
                -77.0404218,-11.961413,0
              </coordinates>
            </LinearRing>
          </innerBoundaryIs>
          <innerBoundaryIs>
            <LinearRing>
              <tessellate>1</tessellate>
              <coordinates>
                -77.0964328,-11.889071,0
                -77.0950406,-11.8869187,0
                -77.0977108,-11.886525,0
                -77.0996467,-11.8887219,0
                -77.0964328,-11.889071,0
              </coordinates>
            </LinearRing>
          </innerBoundaryIs>
        </Polygon>
      </Placemark>
      <Placemark>
        <name>LIMA CENTRO</name>
        <styleUrl>#poly-FFD600-1000-76-nodesc</styleUrl>
        <Polygon>
          <outerBoundaryIs>
            <LinearRing>
              <tessellate>1</tessellate>
              <coordinates>
                -76.9980279,-12.0557266,0
                -76.9969979,-12.0548876,0
                -76.9985389,-12.0529976,0
                -76.9999119,-12.0506466,0
                -77.0023149,-12.0469536,0
                -77.0031739,-12.0442666,0
                -77.0056198,-12.0402386,0
                -77.0076798,-12.0404066,0
                -77.0108558,-12.0417916,0
                -77.0144168,-12.0385596,0
                -77.0154468,-12.0350336,0
                -77.0173348,-12.0390206,0
                -77.0193308,-12.0408466,0
                -77.0241158,-12.0402806,0
                -77.0303818,-12.0399016,0
                -77.0353168,-12.0384756,0
                -77.0406597,-12.0361456,0
                -77.0448047,-12.0365156,0
                -77.0477227,-12.0342916,0
                -77.0507477,-12.0319206,0
                -77.0549217,-12.0330016,0
                -77.0587517,-12.0327396,0
                -77.0720776,-12.0317316,0
                -77.0765836,-12.0315836,0
                -77.0793616,-12.0324546,0
                -77.0840296,-12.0321506,0
                -77.0885646,-12.0437836,0
                -77.0941646,-12.0549056,0
                -77.0955166,-12.0580536,0
                -77.0983916,-12.0647256,0
                -77.1013526,-12.0727406,0
                -77.1036705,-12.0759306,0
                -77.1067605,-12.0813866,0
                -77.0863326,-12.0904506,0
                -77.0741086,-12.0971886,0
                -77.0658687,-12.1020976,0
                -77.0277538,-12.1381716,0
                -77.0236528,-12.1353986,0
                -77.0210618,-12.1318556,0
                -77.0188148,-12.1291516,0
                -77.0160898,-12.1251336,0
                -76.9837805,-12.0850402,0
                -76.98717,-12.0792801,0
                -76.9901739,-12.0753666,0
                -76.9921479,-12.0715896,0
                -76.9951519,-12.0678126,0
                -76.9977269,-12.0652106,0
                -76.9987569,-12.0629436,0
                -76.9996159,-12.0616856,0
                -76.9983279,-12.0596706,0
                -76.9988429,-12.0578246,0
                -76.9978129,-12.0566486,0
                -76.9980279,-12.0557266,0
              </coordinates>
            </LinearRing>
          </outerBoundaryIs>
        </Polygon>
      </Placemark>
      <Placemark>
        <name>LIMA SUR</name>
        <styleUrl>#poly-FFD600-1000-76-nodesc</styleUrl>
        <Polygon>
          <outerBoundaryIs>
            <LinearRing>
              <tessellate>1</tessellate>
              <coordinates>
                -76.9644458,-12.0941041,0
                -76.9688915,-12.0853958,0
                -76.9749422,-12.0852692,0
                -76.9856288,-12.0861471,0
                -77.0223279,-12.1352801,0
                -77.0280141,-12.1383785,0
                -77.027006,-12.1643011,0
                -77.030171,-12.1665921,0
                -77.034709,-12.1672471,0
                -77.036931,-12.1712161,0
                -77.0349891,-12.1749353,0
                -77.0407558,-12.182406,0
                -77.0408436,-12.1946971,0
                -77.0358236,-12.1995844,0
                -77.0391501,-12.2043348,0
                -77.0323486,-12.1970047,0
                -77.0377592,-12.2056075,0
                -77.029219,-12.2084718,0
                -77.0232539,-12.211,0
                -77.022321,-12.2112761,0
                -77.017993,-12.2133431,0
                -77.0164103,-12.2150744,0
                -77.014198,-12.2152883,0
                -76.9981672,-12.2218769,0
                -76.9834584,-12.2290296,0
                -76.9732558,-12.2324531,0
                -76.9663148,-12.236883,0
                -76.9378386,-12.2512401,0
                -76.920517,-12.2635818,0
                -76.9087993,-12.2705025,0
                -76.8881549,-12.2693707,0
                -76.8823679,-12.2547067,0
                -76.8769252,-12.2365178,0
                -76.8698054,-12.2226956,0
                -76.8746326,-12.2167615,0
                -76.8807059,-12.2077637,0
                -76.8801495,-12.2065459,0
                -76.8784609,-12.2070004,0
                -76.8797055,-12.2063502,0
                -76.8807903,-12.2053025,0
                -76.8828958,-12.2036288,0
                -76.8859853,-12.2018867,0
                -76.8995466,-12.1865128,0
                -76.9013984,-12.1827855,0
                -76.9027226,-12.1769906,0
                -76.9033222,-12.1707617,0
                -76.9036058,-12.1643044,0
                -76.8996324,-12.1574002,0
                -76.9071852,-12.1481699,0
                -76.9172281,-12.1320584,0
                -76.9256571,-12.1251126,0
                -76.9376049,-12.1221945,0
                -76.9491953,-12.1132919,0
                -76.9516883,-12.1074927,0
                -76.9528269,-12.1050271,0
                -76.9554319,-12.0987157,0
                -76.9557209,-12.0971048,0
                -76.9607767,-12.0987622,0
                -76.9644458,-12.0941041,0
              </coordinates>
            </LinearRing>
          </outerBoundaryIs>
          <innerBoundaryIs>
            <LinearRing>
              <tessellate>1</tessellate>
              <coordinates>
                -76.9607767,-12.0987622,0
                -76.9581962,-12.1000086,0
                -76.9569447,-12.0993664,0
                -76.9607767,-12.0987622,0
              </coordinates>
            </LinearRing>
          </innerBoundaryIs>
          <innerBoundaryIs>
            <LinearRing>
              <tessellate>1</tessellate>
              <coordinates>
                -76.9567866,-12.1006895,0
                -76.9573754,-12.1005993,0
                -76.958581,-12.1017677,0
                -76.9567866,-12.1006895,0
              </coordinates>
            </LinearRing>
          </innerBoundaryIs>
          <innerBoundaryIs>
            <LinearRing>
              <tessellate>1</tessellate>
              <coordinates>
                -76.9554319,-12.0987157,0
                -76.9572417,-12.1004697,0
                -76.9567866,-12.1006895,0
                -76.9554319,-12.0987157,0
              </coordinates>
            </LinearRing>
          </innerBoundaryIs>
          <innerBoundaryIs>
            <LinearRing>
              <tessellate>1</tessellate>
              <coordinates>
                -76.9581962,-12.1000086,0
                -76.9588939,-12.1003667,0
                -76.9573754,-12.1005993,0
                -76.9572417,-12.1004697,0
                -76.9581962,-12.1000086,0
              </coordinates>
            </LinearRing>
          </innerBoundaryIs>
        </Polygon>
      </Placemark>
      <Placemark>
        <name>LIMA ADICIONAL</name>
        <description>ENTRE 3 Y 5</description>
        <styleUrl>#poly-880E4F-1000-76</styleUrl>
        <Polygon>
          <outerBoundaryIs>
            <LinearRing>
              <tessellate>1</tessellate>
              <coordinates>
                -76.8304364,-12.1450035,0
                -76.8297096,-12.1453459,0
                -76.8062947,-12.1217111,0
                -76.794166,-12.1061628,0
                -76.7711079,-12.0980526,0
                -76.76556,-12.0929629,0
                -76.7687727,-12.089055,0
                -76.7648996,-12.0832533,0
                -76.6339023,-12.0280011,0
                -76.6208367,-12.0048958,0
                -76.7011522,-12.0073077,0
                -76.7841913,-12.0795395,0
                -76.797431,-12.1011719,0
                -76.8052101,-12.0957481,0
                -76.8070399,-12.0972323,0
                -76.8028049,-12.1035134,0
                -76.808698,-12.0975419,0
                -76.8376063,-12.07351,0
                -76.8546005,-12.0669631,0
                -76.8721104,-12.071999,0
                -76.8864987,-12.0724297,0
                -76.8851027,-12.0854331,0
                -76.8852786,-12.0910354,0
                -76.8852886,-12.0958422,0
                -76.8883679,-12.1006091,0
                -76.8901595,-12.1036137,0
                -76.8921852,-12.1083101,0
                -76.8927089,-12.1149786,0
                -76.8915676,-12.1212241,0
                -76.9015668,-12.150577,0
                -76.8970542,-12.1572415,0
                -76.9010276,-12.1641457,0
                -76.8988203,-12.1826268,0
                -76.8840911,-12.2011962,0
                -76.8758168,-12.2080609,0
                -76.8758251,-12.2125766,0
                -76.8693535,-12.2203213,0
                -76.8683194,-12.2214253,0
                -76.8687442,-12.2232842,0
                -76.8755885,-12.2356871,0
                -76.8859052,-12.2693025,0
                -76.9089672,-12.2712589,0
                -76.887368,-12.2918618,0
                -76.84859,-12.3484993,0
                -76.7773535,-12.4224134,0
                -76.6700682,-12.3873451,0
                -76.8053523,-12.2272532,0
                -76.8283377,-12.1758025,0
                -76.8269638,-12.1619591,0
                -76.8304317,-12.1483531,0
                -76.8304364,-12.1450035,0
              </coordinates>
            </LinearRing>
          </outerBoundaryIs>
          <innerBoundaryIs>
            <LinearRing>
              <tessellate>1</tessellate>
              <coordinates>
                -76.832845,-12.1433938,0
                -76.8390347,-12.1409521,0
                -76.8304364,-12.1450035,0
                -76.832845,-12.1433938,0
              </coordinates>
            </LinearRing>
          </innerBoundaryIs>
          <innerBoundaryIs>
            <LinearRing>
              <tessellate>1</tessellate>
              <coordinates>
                -76.8141907,-12.1218791,0
                -76.8165947,-12.1148301,0
                -76.8380531,-12.1148303,0
                -76.8499395,-12.1067314,0
                -76.8508404,-12.1084094,0
                -76.8665477,-12.1415971,0
                -76.8601957,-12.1543929,0
                -76.8527716,-12.1450585,0
                -76.8452347,-12.1444591,0
                -76.8390347,-12.1409521,0
                -76.8141907,-12.1218791,0
              </coordinates>
            </LinearRing>
          </innerBoundaryIs>
        </Polygon>
      </Placemark>
      <Placemark>
        <name>ESTE</name>
        <styleUrl>#poly-880E4F-1200-77-nodesc</styleUrl>
        <Polygon>
          <outerBoundaryIs>
            <LinearRing>
              <tessellate>1</tessellate>
              <coordinates>
                -76.7849199,-12.0116233,0
                -76.7601195,-11.9792839,0
                -76.7409793,-11.9820546,0
                -76.7373279,-11.9774796,0
                -76.7432274,-11.9713298,0
                -76.703262,-11.9546528,0
                -76.6687958,-11.9272228,0
                -76.6776082,-11.9048508,0
                -76.774139,-11.9662873,0
                -76.7903896,-11.9695791,0
                -76.7827216,-11.9419049,0
                -76.8017185,-11.9688441,0
                -76.8050362,-11.9642799,0
                -76.8106417,-11.9665704,0
                -76.8074926,-11.9759127,0
                -76.8282047,-11.9817277,0
                -76.8364123,-11.9722838,0
                -76.8429032,-11.9727472,0
                -76.8417243,-11.9863482,0
                -76.8518552,-11.9896332,0
                -76.8605272,-11.9960242,0
                -76.8625044,-11.9842802,0
                -76.8648246,-11.9821075,0
                -76.8701918,-11.9873229,0
                -76.8729844,-11.9952248,0
                -76.8909297,-11.9964195,0
                -76.8878454,-11.9801254,0
                -76.8945516,-11.97944,0
                -76.8918254,-11.9696734,0
                -76.9004488,-11.9692819,0
                -76.9006608,-11.9764445,0
                -76.9076332,-11.9719653,0
                -76.9100037,-11.9727483,0
                -76.9100731,-11.9764983,0
                -76.9144851,-11.9700609,0
                -76.9209568,-11.9689971,0
                -76.9317616,-11.9712792,0
                -76.9262427,-11.9526709,0
                -76.931247,-11.9491494,0
                -76.9363672,-11.9649361,0
                -76.9502431,-11.9784552,0
                -76.9527039,-11.9951675,0
                -76.9353088,-11.9966894,0
                -76.9305591,-12.0040995,0
                -76.9342787,-12.0101887,0
                -76.9227404,-12.0105745,0
                -76.9152799,-12.0067526,0
                -76.9060256,-12.0084284,0
                -76.9020773,-12.0127099,0
                -76.8968437,-12.0102917,0
                -76.8916592,-12.0088212,0
                -76.8857469,-12.0078325,0
                -76.8723885,-12.0043799,0
                -76.8571748,-12.0031064,0
                -76.8481533,-12.0012896,0
                -76.843681,-11.9990948,0
                -76.8393304,-11.9909149,0
                -76.8281268,-11.9844115,0
                -76.8203159,-11.982375,0
                -76.8192372,-11.9885033,0
                -76.7849199,-12.0116233,0
              </coordinates>
            </LinearRing>
          </outerBoundaryIs>
        </Polygon>
      </Placemark>
      <Placemark>
        <name>LIMA ADICIONAL</name>
        <styleUrl>#poly-C2185B-1200-77-nodesc</styleUrl>
        <Polygon>
          <outerBoundaryIs>
            <LinearRing>
              <tessellate>1</tessellate>
              <coordinates>
                -77.1971324,-11.7676367,0
                -77.1963393,-11.7837528,0
                -77.1897627,-11.7855933,0
                -77.1785692,-11.8005827,0
                -77.1782259,-11.8146971,0
                -77.1886359,-11.8252306,0
                -77.185374,-11.8410665,0
                -77.1748601,-11.8433977,0
                -77.1598153,-11.873143,0
                -77.1464852,-11.8711303,0
                -77.1406226,-11.8716373,0
                -77.1323091,-11.8728611,0
                -77.1310219,-11.8703834,0
                -77.1314955,-11.8647975,0
                -77.130577,-11.8526234,0
                -77.1248585,-11.8481958,0
                -77.1201951,-11.8467348,0
                -77.1119578,-11.8352871,0
                -77.1088344,-11.8351948,0
                -77.0820991,-11.8565651,0
                -77.0714182,-11.8665521,0
                -77.0674529,-11.871415,0
                -77.0641321,-11.869681,0
                -77.0600059,-11.8702363,0
                -77.0577282,-11.8729078,0
                -77.0554505,-11.8749073,0
                -77.0535952,-11.8829587,0
                -77.039131,-11.8756496,0
                -77.0231919,-11.8570918,0
                -77.0165997,-11.8502768,0
                -77.0038432,-11.8184792,0
                -77.0181771,-11.8078625,0
                -77.0411797,-11.7991454,0
                -77.0613493,-11.7997545,0
                -77.0925047,-11.8077566,0
                -77.1266664,-11.8076315,0
                -77.1539611,-11.7798635,0
                -77.1456175,-11.7643701,0
                -77.1339837,-11.7371655,0
                -77.1273882,-11.7340311,0
                -77.1304058,-11.7271991,0
                -77.1431346,-11.7242082,0
                -77.1663912,-11.7374954,0
                -77.1688304,-11.7415023,0
                -77.1702392,-11.7633855,0
                -77.1779892,-11.7751391,0
                -77.1933129,-11.7669433,0
                -77.1971324,-11.7676367,0
              </coordinates>
            </LinearRing>
          </outerBoundaryIs>
        </Polygon>
      </Placemark>
      <Placemark>
        <name>ESTE BAJO</name>
        <description>ROBINSON</description>
        <styleUrl>#poly-880E4F-1200-77</styleUrl>
        <Polygon>
          <outerBoundaryIs>
            <LinearRing>
              <tessellate>1</tessellate>
              <coordinates>
                -76.9937239,-11.9460115,0
                -76.9916638,-11.9426946,0
                -76.9892606,-11.9403014,0
                -76.9884548,-11.9387831,0
                -76.9869433,-11.9391258,0
                -76.9853554,-11.9398396,0
                -76.9841752,-11.9400495,0
                -76.9833706,-11.9405113,0
                -76.9826946,-11.9401334,0
                -76.9818792,-11.9398395,0
                -76.9800339,-11.9395246,0
                -76.9784461,-11.9385379,0
                -76.9748939,-11.9362641,0
                -76.9709301,-11.9397366,0
                -76.9678458,-11.9421488,0
                -76.9654848,-11.9444304,0
                -76.9671294,-11.9483564,0
                -76.9695718,-11.951043,0
                -76.9697434,-11.9540661,0
                -76.9726623,-11.9572569,0
                -76.9716321,-11.9596078,0
                -76.9675456,-11.96121,0
                -76.9591342,-11.9565918,0
                -76.9538126,-11.9528971,0
                -76.9520959,-11.9518055,0
                -76.9504651,-11.9516376,0
                -76.9498643,-11.9486146,0
                -76.9463453,-11.9539887,0
                -76.9399939,-11.9507139,0
                -76.9367323,-11.9455077,0
                -76.9392214,-11.9395456,0
                -76.9346724,-11.9361867,0
                -76.9366465,-11.9282929,0
                -76.9460878,-11.9261095,0
                -76.946002,-11.923926,0
                -76.9438562,-11.9214067,0
                -76.9441995,-11.9188873,0
                -76.9410238,-11.9183834,0
                -76.9351874,-11.9205669,0
                -76.9293079,-11.920441,0
                -76.9241152,-11.9186354,0
                -76.924716,-11.9118329,0
                -76.9329558,-11.911329,0
                -76.9324408,-11.9048622,0
                -76.9430837,-11.9016708,0
                -76.9487485,-11.8985633,0
                -76.9552718,-11.8893246,0
                -76.9619667,-11.8897866,0
                -76.9681463,-11.8897446,0
                -76.9703618,-11.8920175,0
                -76.9689723,-11.8998337,0
                -76.9771799,-11.8979965,0
                -76.9813213,-11.9044003,0
                -76.9755278,-11.9064579,0
                -76.9731245,-11.9126727,0
                -76.9775019,-11.9167878,0
                -76.9779311,-11.9182154,0
                -76.9788752,-11.920063,0
                -76.9847117,-11.9214067,0
                -76.9925222,-11.9267813,0
                -76.997157,-11.931652,0
                -77.0008478,-11.9365226,0
                -77.0013627,-11.941645,0
                -76.9937239,-11.9460115,0
              </coordinates>
            </LinearRing>
          </outerBoundaryIs>
        </Polygon>
      </Placemark>
      <Placemark>
        <name>Polígono 10</name>
        <description>ZONA NORTE ALTA </description>
        <styleUrl>#poly-C2185B-1200-61</styleUrl>
        <Polygon>
          <outerBoundaryIs>
            <LinearRing>
              <tessellate>1</tessellate>
              <coordinates>
                -76.9978311,-11.8056211,0
                -76.9560335,-11.8212205,0
                -76.928812,-11.7168805,0
                -76.9756752,-11.7153678,0
                -76.9978311,-11.8056211,0
              </coordinates>
            </LinearRing>
          </outerBoundaryIs>
        </Polygon>
      </Placemark>
      <Placemark>
        <name>LIMA ESTE</name>
        <styleUrl>#poly-FFD600-1000-76-nodesc</styleUrl>
        <MultiGeometry>
          <Polygon>
            <outerBoundaryIs>
              <LinearRing>
                <tessellate>1</tessellate>
                <coordinates>
                  -76.9298864,-12.0104826,0
                  -76.9306749,-12.0104835,0
                  -76.9306666,-12.0108696,0
                  -76.9303245,-12.010878,0
                  -76.9298864,-12.0104826,0
                </coordinates>
              </LinearRing>
            </outerBoundaryIs>
          </Polygon>
          <Polygon>
            <outerBoundaryIs>
              <LinearRing>
                <tessellate>1</tessellate>
                <coordinates>
                  -76.9282263,-12.0107783,0
                  -76.9291321,-12.0109074,0
                  -76.9281072,-12.0109327,0
                  -76.9282263,-12.0107783,0
                </coordinates>
              </LinearRing>
            </outerBoundaryIs>
          </Polygon>
          <Polygon>
            <outerBoundaryIs>
              <LinearRing>
                <tessellate>1</tessellate>
                <coordinates>
                  -76.9282263,-12.0107783,0
                  -76.9269305,-12.0105937,0
                  -76.9288028,-12.0100313,0
                  -76.9282263,-12.0107783,0
                </coordinates>
              </LinearRing>
            </outerBoundaryIs>
          </Polygon>
          <Polygon>
            <outerBoundaryIs>
              <LinearRing>
                <tessellate>1</tessellate>
                <coordinates>
                  -76.9311266,-12.0108582,0
                  -76.9310141,-12.010464,0
                  -76.9314528,-12.0104048,0
                  -76.9311266,-12.0108582,0
                </coordinates>
              </LinearRing>
            </outerBoundaryIs>
          </Polygon>
          <Polygon>
            <outerBoundaryIs>
              <LinearRing>
                <tessellate>1</tessellate>
                <coordinates>
                  -76.9311266,-12.0108582,0
                  -76.9366274,-12.0107225,0
                  -76.9487957,-12.003342,0
                  -76.9512041,-12.018874,0
                  -76.9573951,-12.019377,0
                  -76.9594762,-12.01669,0
                  -76.9572661,-12.011653,0
                  -76.9615788,-12.0079587,0
                  -76.9730801,-12.0143395,0
                  -76.9778873,-12.0198795,0
                  -76.9790884,-12.0188722,0
                  -76.9813201,-12.017193,0
                  -76.9753984,-12.0138354,0
                  -76.9713645,-12.0086298,0
                  -76.9743684,-12.0054396,0
                  -76.9828657,-12.0081261,0
                  -76.9850112,-12.010813,0
                  -76.9868992,-12.013332,0
                  -76.9884443,-12.0129122,0
                  -76.9905901,-12.01266,0
                  -76.9904182,-12.0114004,0
                  -76.9917057,-12.010225,0
                  -76.9917921,-12.00863,0
                  -76.9890451,-12.009974,0
                  -76.9850109,-12.008798,0
                  -76.9851823,-12.0061114,0
                  -76.987243,-12.0034247,0
                  -76.9896456,-12.0024175,0
                  -76.991191,-12.0009064,0
                  -76.9919635,-11.9998987,0
                  -76.9908473,-11.9982199,0
                  -76.9899039,-11.9980519,0
                  -76.988702,-11.9972126,0
                  -76.9894745,-11.9960371,0
                  -76.9887872,-11.9936866,0
                  -76.992049,-11.9906638,0
                  -76.9918776,-11.9887324,0
                  -76.9918773,-11.9866335,0
                  -76.9898176,-11.9845344,0
                  -76.9879293,-11.9822679,0
                  -76.9852681,-11.981596,0
                  -76.9786592,-11.9839474,0
                  -76.9744541,-11.987809,0
                  -76.9711072,-11.9863823,0
                  -76.9754835,-11.9803363,0
                  -76.979346,-11.9793297,0
                  -76.9807193,-11.9781535,0
                  -76.9823498,-11.9769783,0
                  -76.9845821,-11.976055,0
                  -76.9833798,-11.975551,0
                  -76.9821782,-11.974207,0
                  -76.9821783,-11.9730316,0
                  -76.9809769,-11.9727806,0
                  -76.980205,-11.9719402,0
                  -76.9797751,-11.9696736,0
                  -76.9774583,-11.9708489,0
                  -76.9753118,-11.970513,0
                  -76.9677596,-11.9696733,0
                  -76.9639829,-11.9653071,0
                  -76.9674159,-11.9622841,0
                  -76.9717074,-11.9595977,0
                  -76.9727376,-11.9572468,0
                  -76.9698188,-11.954056,0
                  -76.9696471,-11.9510329,0
                  -76.9671294,-11.9483564,0
                  -76.9655601,-11.9444203,0
                  -76.9749691,-11.936254,0
                  -76.9802472,-11.9393076,0
                  -76.983649,-11.9403891,0
                  -76.9885301,-11.938773,0
                  -76.9917921,-11.943307,0
                  -76.9930793,-11.9446508,0
                  -76.993756,-11.946169,0
                  -76.9963404,-11.9446506,0
                  -77.0013948,-11.9418025,0
                  -77.0032076,-11.9442312,0
                  -77.004538,-11.947212,0
                  -77.0069838,-11.9512842,0
                  -77.0092149,-11.9558189,0
                  -77.0105024,-11.9592622,0
                  -77.011962,-11.9614448,0
                  -77.0155667,-11.9616124,0
                  -77.0161675,-11.9640473,0
                  -77.0139363,-11.969841,0
                  -77.0149663,-11.970009,0
                  -77.0165114,-11.9716052,0
                  -77.0165967,-11.9728642,0
                  -77.0187423,-11.9730323,0
                  -77.0233776,-11.9751307,0
                  -77.0271539,-11.9761392,0
                  -77.0215747,-11.98126,0
                  -77.021575,-11.9834434,0
                  -77.0229486,-11.9863824,0
                  -77.0215746,-11.9922589,0
                  -77.0208022,-12.0003189,0
                  -77.0201156,-12.0035091,0
                  -77.0199228,-12.004642,0
                  -77.0204273,-12.0059435,0
                  -77.0203952,-12.0072659,0
                  -77.0199442,-12.0087981,0
                  -77.0205024,-12.0130794,0
                  -77.0176054,-12.0124288,0
                  -77.01591,-12.0114843,0
                  -77.0169403,-12.01904,0
                  -77.0139359,-12.022314,0
                  -77.0129059,-12.026763,0
                  -77.0126973,-12.033262,0
                  -77.0128293,-12.036419,0
                  -77.0136233,-12.038622,0
                  -77.0113612,-12.038348,0
                  -77.0110015,-12.0411115,0
                  -77.0070017,-12.0411472,0
                  -77.004418,-12.041078,0
                  -77.0025728,-12.0452319,0
                  -77.0010925,-12.0485492,0
                  -76.9969337,-12.0546992,0
                  -76.997641,-12.058664,0
                  -76.998414,-12.062525,0
                  -76.9898318,-12.0747069,0
                  -76.9822355,-12.0853344,0
                  -76.9679445,-12.0851051,0
                  -76.9635421,-12.0946954,0
                  -76.9613592,-12.099045,0
                  -76.9566039,-12.1017288,0
                  -76.9486219,-12.1088661,0
                  -76.9480708,-12.1124035,0
                  -76.9446015,-12.1169479,0
                  -76.9356279,-12.1221556,0
                  -76.9262327,-12.1243447,0
                  -76.9264061,-12.1136112,0
                  -76.9315151,-12.1035701,0
                  -76.9354671,-12.0972506,0
                  -76.9402774,-12.0952114,0
                  -76.9359893,-12.0930883,0
                  -76.9327335,-12.0953049,0
                  -76.9270722,-12.0999375,0
                  -76.919434,-12.1002353,0
                  -76.9190056,-12.0968404,0
                  -76.9004677,-12.0969317,0
                  -76.8878954,-12.0988693,0
                  -76.885375,-12.0951223,0
                  -76.8851891,-12.0847132,0
                  -76.8858985,-12.0789285,0
                  -76.8865851,-12.0717098,0
                  -76.887642,-12.0715866,0
                  -76.9020881,-12.0733091,0
                  -76.9054841,-12.0708541,0
                  -76.9077824,-12.0697946,0
                  -76.9112496,-12.0703559,0
                  -76.9189819,-12.075532,0
                  -76.9222525,-12.0729865,0
                  -76.928698,-12.071364,0
                  -76.9320534,-12.0650405,0
                  -76.9275326,-12.0514231,0
                  -76.9236399,-12.043608,0
                  -76.9211789,-12.041883,0
                  -76.9192619,-12.041525,0
                  -76.9155559,-12.045543,0
                  -76.9125019,-12.043522,0
                  -76.91046,-12.0446951,0
                  -76.9070353,-12.0436866,0
                  -76.9023615,-12.0427202,0
                  -76.8982797,-12.0400644,0
                  -76.8957424,-12.0389613,0
                  -76.8941436,-12.0387695,0
                  -76.8936075,-12.0429199,0
                  -76.8925342,-12.0438326,0
                  -76.8910328,-12.042761,0
                  -76.885927,-12.0420889,0
                  -76.8648573,-12.0425053,0
                  -76.8393604,-12.0460959,0
                  -76.8123175,-12.0453192,0
                  -76.7941106,-12.0353703,0
                  -76.7844474,-12.0117701,0
                  -76.8192372,-11.9885033,0
                  -76.8203159,-11.982375,0
                  -76.8281268,-11.9844115,0
                  -76.8392875,-11.9909149,0
                  -76.8436381,-11.9990948,0
                  -76.8481104,-12.0012896,0
                  -76.8571319,-12.0031064,0
                  -76.8652084,-12.0037809,0
                  -76.8724465,-12.0044111,0
                  -76.883515,-12.0072656,0
                  -76.885704,-12.0078325,0
                  -76.8879017,-12.0082156,0
                  -76.8901144,-12.0085832,0
                  -76.8916163,-12.0088212,0
                  -76.8969485,-12.0104403,0
                  -76.9018628,-12.0131089,0
                  -76.9058111,-12.0088274,0
                  -76.9108246,-12.0076223,0
                  -76.915237,-12.0067526,0
                  -76.923041,-12.0110575,0
                  -76.9281072,-12.0109327,0
                  -76.9281054,-12.0105823,0
                  -76.9291321,-12.0109074,0
                  -76.9303245,-12.010878,0
                  -76.9305696,-12.011145,0
                  -76.9307677,-12.0108728,0
                  -76.9311266,-12.0108582,0
                </coordinates>
              </LinearRing>
            </outerBoundaryIs>
          </Polygon>
        </MultiGeometry>
      </Placemark>
    </Folder>
    <Folder>
      <name>Capa sin título</name>
    </Folder>
  </Document>
</kml>
