ter_id,nombre,lugar_over,direccion,provincia,departamento,telefono,latitud,longitud
2,CAJAMARCA / HUALGAYOC / BAMBAMARCA / BAMBAMARCA,BAMBAMARCA,"AV. TUPAC AMARU 1105, REFERENCIA: AL COSTADO DEL PARADERO AL CUMBE",HUALGAYOC,CAJAMARCA,(01) 500 7878,-6.677.954,-78.525.601
3,AMAZONAS / CHACHAPOYAS / CHACHAPOYAS / CHACHAPOYAS CO DOS DE MAYO,CHACHAPOYAS CO DOS DE MAYO,"JR. DOS DE MAYO CDRA. 15 S/N CHACHAPOYAS, REFERENCIA: JUNTO A TERMINAL DE COMBIS ETSA",CHACHAPOYAS,AMAZONAS,(01) 500 7878,-6.238.673.290.149.490,-7.786.800.826.533.630
4,LIMA / LIMA / LA VICTORIA / AV MEXICO CO,AV MEXICO CO,"AV. MEXICO 1125, LA VICTORIA - LIMA",LIMA,LIMA,(01) 500 7878,-12.073.430.785.867,-7.701.758.370.586
6,LIMA / LIMA / LOS OLIVOS / AV. LAS PALMERAS,AV. LAS PALMERAS,AV. LAS PALMERAS N° 5236 URB. VILLA NORTE - LOS OLIVOS ,LIMA,LIMA,01 5007878,-11.975.852.939.682.600,-7.707.207.437.848.110
7,AREQUIPA / AREQUIPA / AREQUIPA / AV PARRA 379 CO,AV PARRA 379 CO,AV. PARRA 379 - Arequipa,AREQUIPA,AREQUIPA,01 5007878,-16.414.719.927.538,-71.547.783.910.033
8,ICA / ICA / ICA / ICA SAN JOAQUIN,ICA SAN JOAQUIN,Pasaje Grau N° 101 San Joaquin - ICA  REFERENCIA : A 1 cdra de Petro Peru,ICA,ICA,01 5007878,-140.643.326,-757.409.599
9,APURIMAC / ANDAHUAYLAS / ANDAHUAYLAS / ANDAHUAYLAS,ANDAHUAYLAS,"AV. MALINAS 1355 POCHCCOTA, ANDAHUAYLAS - ANDAHUAYLAS -  APURÍMAC, REF. AL COSTADO DE LA EX CANCHA EL CENTENARIO O ALTURA DE LA UNIVERSIDAD UNSAAC",ANDAHUAYLAS,APURIMAC,01 5007878,-13.660.854.303.166,-73.375.429.023.314
10,PIURA / PIURA / 26 DE OCTUBRE / CALLE EMAÚS,CALLE EMAÚS,"CALLE TRES N° 102, SUBLOTE N° 1D MZ. Y - ZONA INDUSTRIAL II, DISTRITO 26 DE OCTUBRE - REFERENCIA: AL COSTADO DE SENATI",PIURA,PIURA,01 5007878,-51.799.717.074.005,-80.652.250.843.267
11,PASCO / PASCO / CHAUPIMARCA / CERRO DE PASCO,CERRO DE PASCO,"JR. HUARICAPCHA S/N A.H. TUPAC AMARU CHAUPIMARCA, REFERENCIA: FRENTE AL NUEVO TERMINAL",PASCO,PASCO,(01) 500 7878,-10.686.749,-76.246.862
12,CAJAMARCA / CAJAMARCA / CAJAMARCA / CAJAMARCA CO,CAJAMARCA CO,Av. Independencia N° 787 Barrio Santa Elena,CAJAMARCA,CAJAMARCA,01 5007878,-71.712.133,-785.120.151
13,JUNIN / JAUJA / JAUJA / JAUJA,JAUJA,"Jr. ESTANISLAO MARQUEZ 286, YAUYOS - JAUJA - JUNÍN, REF. ESQUINA CON JR. 4 DE ENERO",JAUJA,JUNIN,(01) 500 7878,-11.785.629.433.895,-75.493.856.236.131
14,SAN MARTIN / MOYOBAMBA / MOYOBAMBA / OVALO ORQUIDEAS CO,OVALO ORQUIDEAS CO,JR. 20 de abril  2138 -  REFERENCIA : Altura de la  pampa del  hambre,MOYOBAMBA,SAN MARTIN,01 500 7878,-60.465.912,-769.725.996
15,APURIMAC / ABANCAY / ABANCAY / ABANCAY,ABANCAY,"AV. PANAMERICANA S/N - ABANCAY - APURÍMAC, REF. A 100 METROS DE LA COMISARÍA DE BELLAVISTA, AL COSTADO DE MADERERA VEGA",ABANCAY,APURIMAC,(01) 500 7878,-13.638.156.277.625,-72.898.993.460.113
16,LIMA / BARRANCA / BARRANCA / BARRANCA,BARRANCA,"JR. ANDRES REYES BUITRON 416. BARRANCA - BARRANCA – LIMA, REF. A 2 CDRS. DEL PARQUE EL OLVIVAR / A MTRS. DE LA CASA DEL MAESTRO",BARRANCA,LIMA,(01) 500 7878,-10.752.972.858.777.600,-7.775.544.507.054.770
17,ANCASH / SANTA / CHIMBOTE / AV ENRIQUE MEIGGS,AV ENRIQUE MEIGGS,Av. Enrique Meiggs N° 2457.,SANTA,ANCASH,01 5007878,-90.939.502.716.064,-78.568.466.186.523
18,CUSCO / CUSCO / WANCHAQ / CUSCO PARQUE INDUSTRIAL,CUSCO PARQUE INDUSTRIAL,"AV. LAS AMERICAS MZ. E LT. 20, 2DA ETAPA, URB. PARQUE INDUSTRIAL, WANCHAQ - CUSCO, REF. AL FRENTE DE TALLERES PFURO, AL FRENTE DE MEDERERA URPI, PARALELA A LA AV VIA EXPRESA.",CUSCO,CUSCO,15007878,-13.532.971.798.458,-71.944.027.560.633
19,LIMA / HUAURA / HUACHO / SALAVERRY HUACHO CO,SALAVERRY HUACHO CO,PROLONGACIÓN salaverry  n° 764  huacho -  referencia : cruce con la av la paz  ,HUAURA,LIMA,(01) 500 7878,-111.094.203,-775.991.073
20,MOQUEGUA / ILO / ILO / ILO CO PAMPA INALAMBRICA,ILO CO PAMPA INALAMBRICA,"URB. CIUDAD DEL PESCADOR, MZ. J LT. 18-19, REFERENCIA: A DOS CUADRAS DEL PODER JUDICIAL",ILO,MOQUEGUA,(01) 500 7878,-17.646.726.685.783,-71.332.508.637.667
21,AYACUCHO / HUAMANGA / AYACUCHO / AYACUCHO CO,AYACUCHO CO,AA.HH  COMPLEJO ARTESANAL T1 LT1 - ayacucho  -  rEFERENCIA :  a una cuadra de la puerta 2 del terminal terrestre libertadores de AMÉRICA,HUAMANGA,AYACUCHO,01 5007878,-131.349.252,-742.326.602
22,LIMA / CAÑETE / SAN VICENTE DE CANET / CAÑETE SAN VICENTE,CAÑETE SAN VICENTE,"AA.HH. VÍCTOR ANDRÉS BELAUNDE MZ. B LT. 12, SAN VICENTE DE CAÑETE - CAÑETE - LIMA",CAÑETE,LIMA,01 5007878,-13.076.518.251.018.400,-7.639.128.869.885.430
23,ICA / CHINCHA / CHINCHA ALTA / PROLONG LUIS MASSARO,PROLONG LUIS MASSARO,PROLONGACION LUIS MASSARO  N°247 -  CHINCHA ALTA,CHINCHA,ICA,01 5007878,-13.417.292,-76.139.622
24,JUNIN / HUANCAYO / EL TAMBO / AV MARISCAL CASTILLA CO PARQUE INDUSTRIAL,AV MARISCAL CASTILLA CO PARQUE INDUSTRIAL,AV MARISCAL CASTILLA 2769  RefERENCIA : Frente al colegio Andres bello,HUANCAYO,JUNIN,(01) 500 - 7878,-120.428.748,-752.267.209
25,LAMBAYEQUE / CHICLAYO / LA VICTORIA / AV VICTOR R. HAYA CO,AV VICTOR R. HAYA CO,av. VÍCTOR RAUL HAYA DE LA TORRE 2470 La Victoria - Chiclayo  REFERENCIA : ENTRE LA VIA EVITAMIENTO Y PANAMERICANA,CHICLAYO,LAMBAYEQUE,01 5007878,-68.003.757,-79.830.527
26,JUNIN / CONCEPCION / CONCEPCION / CONCEPCION,CONCEPCION,"CARRETERA CENTRAL LT. 7 - MZ. E5, CONCEPCIÓN - CONCEPCIÓN - JUNÍN, REF. ESQUINA CON TUPAC AMARU",CONCEPCION,JUNIN,01 5007878,-11.918.185.909.992,-75.322.057.252.364
27,HUANUCO / HUANUCO / HUANUCO / JR AGUILAR,JR AGUILAR,Jr. Aguilar N° 872 -  Huánuco,HUANUCO,HUANUCO,(01) 500 7878,-9.933.953,-76.240.018
28,CAJAMARCA / JAEN / JAEN / JAEN,JAEN,AV. PAKAMMUROS CUADRA 6 S/N - referencia: ESQUINA CON CALLE LIBERTAD N° 490,JAEN,CAJAMARCA,(01) 500 7878,-57.098.471.730.858,-7.880.305.781.963
29,PUNO / SAN ROMAN / JULIACA / JR. MAMA OCLLO,JR. MAMA OCLLO,Jr. Mama Ocllo 915 - B ( Cruce con Jr Azángaro ),SAN ROMAN,PUNO,01 5007878,-15.490.571,-70.119.498
32,SAN MARTIN / RIOJA / NUEVA CAJAMARCA / NUEVA CAJAMARCA,NUEVA CAJAMARCA,"AV. CAJAMARCA NORTE MZ. 51 LT. 15, REFERENCIA: AL COSTADO DE ESSALUD",RIOJA,SAN MARTIN,15007878,-592.927.759.481,-773.132.981.226
33,PUNO / PUNO / PUNO / AV COSTANERA,AV COSTANERA,AV. COSTANERA N° 211 CON JR. LOS INCAS - PUNO,PUNO,PUNO,(01) 500 7878,-15.834.283.484.814,-70.018.396.968.946
34,CUSCO / CANCHIS / SICUANI / SICUANI CO OVALO SAN ANDRES,SICUANI CO OVALO SAN ANDRES,"PROLONG. AV. AREQUIPA 1010  S/N, REF: AL COSTADO DEL GRIFO GUADALUPE EN EL ÓVALO SAN ANDRÉS",CANCHIS,CUSCO,15007878,-14.285.420.707.913,-71.225.136.970.083
35,PIURA / SULLANA / SULLANA / SULLANA SANTA ROSA,SULLANA SANTA ROSA,Carretera Panamericana Norte Nº 790 SULLANA   REFERENCIA : FRENTE AL COLEGIO CHIQUITITOS,SULLANA,PIURA,01 5007878,-4.908.899,-80.697.109
36,TACNA / TACNA / TACNA / TACNA CO AV. JORGE BASADRE,TACNA CO AV. JORGE BASADRE,Av. Jorge Basadre Grohmann Oeste n° 366 - tACNA,TACNA,TACNA,01 5007878,-18.014.034.875.512,-70.259.915.218.194
37,PIURA / TALARA / PARINAS / TALARA  CO ASOC CALIFORNIA,TALARA  CO ASOC CALIFORNIA,"ASOCIACIÓN CALIFORNIA C - 03 FRENTE A CARRETERA NEGRITOS, TALARA - PARIÑAS, REFERENCIA: AL COSTADO DEL RESTAURANTE MI TORETE",TALARA,PIURA,01 5007878,-45.895.156.321.892,-8.127.349.917.493
38,SAN MARTIN / SAN MARTIN / TARAPOTO / TARAPOTO CO JR ALFONSO UGARTE,TARAPOTO CO JR ALFONSO UGARTE,"JR. ALFONSO UGARTE N°2283 - TARAPOTO - SAN MARTIN - SAN MARTIN, REF. FRENTE A LA CANCHA SINTÉTICO EL GOLAZO",SAN MARTIN,SAN MARTIN,(01) 500 7878,-64.952.242.568.055,-76.383.499.958.709
39,LA LIBERTAD / TRUJILLO / TRUJILLO / CALLE LIVERPOOL,CALLE LIVERPOOL,Calle LiverpoOl N° 329 / Urb. Santa Isabel - Trujillo.  referencia : a una cuadra antes de la Iglesia de Mansiche,TRUJILLO,LA LIBERTAD,(01) 500 - 7878,-8.103.728,-79.042.822
40,TUMBES / TUMBES / TUMBES / TUMBES - AV ARICA,TUMBES - AV ARICA,Av. Arica N° 227 - Tumbes.,TUMBES,TUMBES,01 5007878,-35.654.275,-804.590.402
41,MOQUEGUA / MARISCAL NIETO / MOQUEGUA / SAN ANTONIO,SAN ANTONIO,Av. Santa Fortunata Mz. N5 Lt. 10 Asoc. Villa Moquegua San Antonio. referencia : A una cuadra de la Casa de la Mujer,MARISCAL NIETO,MOQUEGUA,01 5007878,-172.102.839,-709.480.949
43,LIMA / LIMA / LA VICTORIA / JR. RAYMONDI,JR. RAYMONDI,JR. ANTONIO RAYMONDI NRO. 113,LIMA,LIMA,15007878,-12.061.097.830.007.300,-770.344.310.742.025
44,LIMA / LIMA / SAN JUAN DE LURIGANCHO / AV SANTA ROSA URB LOS ALAMOS,AV SANTA ROSA URB LOS ALAMOS,Av. Santa Rosa MZ. D1 lote 1 Urb. Los Alamos 2da Etapa  - referencia altura de la cuadra 13 del paradero canto grande,LIMA,LIMA,(01) 500 7878,-11.965.189.930.601,-76.997.693.918.962
45,LIMA / LIMA / VILLA MARIA DEL TRIUNFO / LAS CONCHITAS,LAS CONCHITAS,"AV. PACHACUTEC 6779, MZ. N, LT. 20, VILLA MARIA DEL TRIUNFO - REFERENCIA: A UNA CDRA. DEL GRIFO REPSOL LAS CONCHITAS",LIMA,LIMA,(01) 500 7878,-12.208.631,-769.259.818
48,AMAZONAS / UTCUBAMBA / BAGUA GRANDE / BAGUA GRANDE,BAGUA GRANDE,"AV. CHACHAPOYAS 1094 SECTOR GONCHILLO, REF. A 2 CUADRAS DE LA CLÍNICA SEÑOR DE LOS MILAGROS",UTCUBAMBA,AMAZONAS,(01) 500 7878,-57.502.771.328.253,-78.449.191.047.248
49,AMAZONAS / BONGARA / JAZAN / PEDRO RUIZ,PEDRO RUIZ,"AV. SACSAHUAMAN N° 513 - PEDRO RUIZ, REF. A MEDIA CUADRA DE LA UGEL",BONGARA,AMAZONAS,(01) 500 7878,-59.481.590.587.064,-77.979.191.086.497
50,CAJAMARCA / CHOTA / CHOTA / CHOTA,CHOTA,AV. FRAY JOSÉ ARANA N 805 - REFERENCIA : frente al terminal angel divino,CHOTA,CAJAMARCA,(01) 500 7878,-6.562.775,-78.653.349
52,LORETO / MAYNAS / IQUITOS / IQUITOS JR FRANCISCO BOLOGNESI,IQUITOS JR FRANCISCO BOLOGNESI,Jr. Francisco Bolognesi Nro 203 - 215  IQUITOS.  REFERENCIA : esquina con Putumayo,MAYNAS,LORETO,(01) 500 7878,-37.468.824,-732.484.034
53,UCAYALI / CORONEL PORTILLO / PUCALLPA CALLERIA / CALLERIA JR JOSE GALVEZ,CALLERIA JR JOSE GALVEZ,Jr. Jose Galvez 147 calleria - CORONEL PORTILLO - Ucayali.  RefERENCIA :  a media cuadra de la Av. Centenario,CORONEL PORTILLO,UCAYALI,01 5007878,-8.382.759,-74.545.825
55,HUANUCO / LEONCIO PRADO / RUPA RUPA / TINGO MARIA CO BUENOS AIRES,TINGO MARIA CO BUENOS AIRES,"CALLE ROSARIO CENTRAL, REFERENCIA: SEGUNDA ENTRADA DE BUENOS AIRES, EN LA MISMA ESQUINA",LEONCIO PRADO,HUANUCO,(01) 500 7878,-93.212.843,-759.933.975
56,ICA / PISCO / PISCO / AV ABRAHAM VALDELOMAR CO,AV ABRAHAM VALDELOMAR CO,"AV. ABRAHAM VALDELOMAR NRO. PUERTA 965 PISCO - PISCO - ICA, REF. A UNA CDRA. POR LA POSTA SAN MARTIN",PISCO,ICA,,-13.717.889.589.276,-76.207.415.719.224
58,JUNIN / CHUPACA / CHUPACA / CHUPACA,CHUPACA,"JR. RAMON CASTILLA 201, CHUPACA - CHUPACA - JUNIN, REF. A UNA CDRA. DE LA PLAZA PRINCIPAL DE CHUPACA",CHUPACA,JUNIN,(01) 500 7878,-12.061.264.754.772,-75.286.272.902.005
60,LIMA / LIMA / ATE-VITARTE / HUAYCAN ENTRADA,HUAYCAN ENTRADA,"Carretera central km 17 MZ. E LT. 1,  Ref. Entrada de Huaycan al costado del grifo PRIMAX. ex grifo el negro.",LIMA,LIMA,(01) 500 7878,-119.988.136,-768.368.031
66,LIMA / LIMA / SAN JUAN DE LURIGANCHO / AV. 13 DE ENERO,AV. 13 DE ENERO,"AV. 13 DE ENERO Nº2057, URB. SAN HILARIÓN, REFERENCIA: CERCA A LA ESTACIÓN LOS POSTES",LIMA,LIMA,(01) 500 7878,-11.997.585,-77.005.279
67,LIMA / LIMA / COMAS / AV UNIV.  RETABLO,AV UNIV.  RETABLO,"AV. UNIVERSITARIA N° 7241, REFERENCIA: EX BOULEVARD DE RETABLO / A 2 CDRAS DEL METRO DE BELAUNDE",LIMA,LIMA,(01) 500 7878,-11.937.314.524.134.500,-7.705.809.407.916.100
68,LIMA / LIMA / SAN MARTIN DE PORRES / FIORI,FIORI,"AV. MIGUEL ANGEL N° 235 - URB. FIORI 4TA ETAPA MZ. N-1 LT. 04 U.I N°6, SAN MARTÍN DE PORRES - LIMA, REF. A 1 CDRA. DEL CRUCE CON AV. MARCO POLO",LIMA,LIMA,(01) 500 7878,-12.009.873.681.812.500,-7.705.573.138.335.190
70,LIMA / LIMA / CHORRILLOS / CHORRILLOS CO,CHORRILLOS CO,"AV. SANTA ANITA N.° 580, CHORRILLOS - LIMA, REF. AL COSTADO DEL MERCADO SANTA ANITA, CRUCE CON SAN GENARO",LIMA,LIMA,(01) 500 7878,-1.219.049.228.146.920,-7.701.532.743.242.800
72,CALLAO / CALLAO / CALLAO / CALLAO FAUCETT,CALLAO FAUCETT,AV. ELMER FAUCETT N° 492,CALLAO,CALLAO,(01) 500 7878,-12.049.958.017.539.400,-7.709.809.500.001.090
73,LIMA / LIMA / PUENTE PIEDRA / PUENTE ARICA,PUENTE ARICA,"PANAMERICANA NORTE  KM 32.5 , A 1/2  CUADRA DEL PUENTE ARICA  - AL COSTADO DEL GRIFO REPSOL",LIMA,LIMA,(01) 500 7878,-118.531.295,-77.088.719
75,CUSCO / ESPINAR / YAURI ( ESPINAR ) / ESPINAR,ESPINAR,"CALLE SAN JOSE N° 703 BARRIO PROGRESO, YAURI (ESPINAR) - ESPINAR - CUSCO, REF.  A MEDIA CDRA. DEL GRIFO SAN JOSE / A MEDIA CDRA. DE LA AV. TINTAYA",ESPINAR,CUSCO,(01) 500 7878,-14.794.805.680.154,-7.140.547.176.079
85,SAN MARTIN / RIOJA / RIOJA / RIOJA,RIOJA,"CTRA. FERNANDO BELAÚNDE TERRY N° 415, REFERENCIA: AL COSTADO DE LA CLÍNICA CHILCON HOPE",RIOJA,SAN MARTIN,(01) 500 7878,-6.053.861.100.001.360,-7.716.166.602.945.000
90,LIMA / LIMA / PACHACAMAC / LA CURVA DE MANCHAY,LA CURVA DE MANCHAY,"AV. PROLONGACIÓN DE LA AV. LA MOLINA MZ. E LOTE 21. AH PAUL POBLET LIND, PACHACAMAC - LIMA, REF. A MEDIA CDRA. DE MI BANCO",LIMA,LIMA,(01) 500 7878,-12.084.751.211.026.500,-768.761.664.787.276
92,LIMA / LIMA / LA MOLINA / AV  LA FONTANA,AV  LA FONTANA,Av la fontana 440 - La Molina (CC La Rotonda II local 1018),LIMA,LIMA,(01) 500 7878,-12.072.691,-769.548.488
93,LA LIBERTAD / CHEPEN / CHEPEN / CHEPEN,CHEPEN,"PROLONGACION EZEQUIEL GONZALES CACEDA 193 - SEC. CHEPEN, FRENTE AL COLISEO",CHEPEN,LA LIBERTAD,(01) 500 7878,-72.211.028,-79.436.371
94,LA LIBERTAD / PACASMAYO / PACASMAYO / PACASMAYO LAS PALMERAS,PACASMAYO LAS PALMERAS,"CTRA. PANAMERICANA NORTE N° MZ. P LT. 4A - A.H. LAS PALMERAS, REFERENCIA: ENTRE AV. SUCRE Y AV. LEONCIO PRADO",PACASMAYO,LA LIBERTAD,(01) 500 7878,-73.942.461.776.644,-79.564.250.835.777
95,LIMA / LIMA / VILLA EL SALVADOR / AV. CESAR VALLEJO,AV. CESAR VALLEJO,"AV. CESAR VALLEJO, MZ. F LT. 1 - SECT. 2, REFERENCIA: FRENTE A ESSALUD, AL COSTADO DEL MERCADO VILLA SUR",LIMA,LIMA,(01) 500 7878,-12.210.718.983.393.400,-769.327.330.431.671
97,LIMA / LIMA / SAN JUAN DE MIRAFLORES / ATOCONGO,ATOCONGO,AV. DE LOS HÉROES N° 228 - SAN JUAN DE MIRAFLORES - (ESTACIÓN ATOCONGO),LIMA,LIMA,(01) 500 7878,-121.518.357,-769.781.867
98,PIURA / MORROPON / CHULUCANAS / CHULUCANAS,CHULUCANAS,JR. HUANCAVELICA N° 548   REFERENCIA : AL LADO DEL TERMINAL DE RONCO,MORROPON,PIURA,(01) 500 7878,-50.955.589,-801.629.195
99,PIURA / SECHURA / SECHURA / SECHURA,SECHURA,AV. BAYOVAR N° 311  REFERENCIA : AL COSTADO DE ANTENA 10 RADIO,SECHURA,PIURA,(01) 500 7878,-55.556.999,-8.081.829
100,PIURA / PIURA / LA UNION / LA UNION,LA UNION,AV. LIMA N° 590  REFERENCIA : frente a tiendas chancafe,PIURA,PIURA,(01) 500 7878,-53.993.284,-80.742.189
101,PIURA / PIURA / CATACAOS / CATACAOS,CATACAOS,"AV. FRANCISCO BOLOGNESI MZ. 60 LT. 37 CATACAOS - PIURA - PIURA, REF. AL LADO DEL EX PRONEI",PIURA,PIURA,(01) 500 7878,-5.267.972.200.001,-80.672.388.229.458
102,PIURA / PAITA / PAITA / PAITA,PAITA,"MZ. H LT. 14 URB. SOL Y MAR  - PAITA, REFERENCIA: AL COSTADO DE LA EMPRESA SAN MIGUEL",PAITA,PIURA,(01) 500 7878,-50.867.947.730.703,-81.093.009.488.701
103,PIURA / MORROPON / MORROPON / MORROPON,MORROPON,"JR. ADRIANZÉN N° 099, MORROPON - MORROPON - PIURA, REF, A ESPALDAS DE DEL TERMINAL TERRESTRE DE TRAMPSA",MORROPON,PIURA,(01) 500 7878,-51.891.950.678.039,-79.972.304.929.448
104,CALLAO / CALLAO / VENTANILLA / PARAD.  LOS LICENCIADOS,PARAD.  LOS LICENCIADOS,"CALLE 19, Mz. J Lt. 26 ZN - URB. Coop. De La Marina, REFERENCIA: AL COSTADO DE LUBRICENTRO PABLITO ROMERO",CALLAO,CALLAO,(01) 500 7878,-1.187.987.048.810.650,-7.712.691.298.460.290
105,LIMA / LIMA / PUEBLO LIBRE / AV. LA MARINA,AV. LA MARINA,AV. LA MARINA 1640 - REFERENCIA :  A UNA CUADRA DEL CENTRO COMERCIAL PLAZA SAN MIGUEL ,LIMA,LIMA,(01) 500 7878,-120.775.694,-770.799.465
106,LIMA / LIMA / SAN MARTIN DE PORRES / AV. CANTA CALLAO  CON ALISOS,AV. CANTA CALLAO  CON ALISOS,"AV. CANTA CALLAO, MZ. A LT. 3 URB. ARIZONA - 2DA ETAPA  ",LIMA,LIMA,(01) 500 7878,-1.197.783.423,-7.709.336.287
107,LIMA / LIMA / SAN MARTIN DE PORRES / AV BERTELLO SMP,AV BERTELLO SMP,"AV. ALEJANDRO BERTELLO BOLLATI MZ. H LT. 2-A - ASOC. DE VIV. SAN REMO II ETAPA, SAN MARTÍN DE PORRES - LIMA - LIMA, REF. A MEDIA CDRA. DEL CRUCE CON AV. CANTA CALLAO",LIMA,LIMA,(01) 500 7878,-11.995.717.209.191,-77.113.550.598.391
108,LIMA / LIMA / CARABAYLLO / CARABAYLLO ESTABLO,CARABAYLLO ESTABLO,"AV. TUPAC AMARU N? 441 - 443, MZ. O2 LT. 35, REFERENCIA: PARADERO ESTABLO, A UNA CUADRA DE LA URB. SANTA ISABEL",LIMA,LIMA,(01) 500 7878,-119.035.821,-770.309.854
109,LIMA / LIMA / ATE-VITARTE / AV  MARCO PUENTE,AV  MARCO PUENTE,"AV. MARCO PUENTE LLANOS 309, MZ. A, LT. 03",LIMA,LIMA,(01) 500 7878,-12.032.176.320.938.600,-7.692.178.990.219.480
111,LIMA / LIMA / SURQUILLO / REP. DE PANAMA,REP. DE PANAMA,"AV REPÚBLICA DE PANAMÁ N° 5115, REFERENCIA: costado del grifo Repsol.",LIMA,LIMA,(01) 500 7878,-121.155.255,-7.701.815.066
112,LA LIBERTAD / VIRU / CHAO / CHAO,CHAO,"AV. VICTOR RAUL HAYA DE LA TORRE 575 CHAO - VIRU, REF. A MEDIA CDRA. DE LA COMISARÍA DE CHAO",VIRU,LA LIBERTAD,(01) 500 7878,-85.379.739.271.001,-78.678.412.960.146
116,LIMA / LIMA / EL AGUSTINO / PUENTE NUEVO,PUENTE NUEVO,AV 1° DE MAYO 3071 - URB HUANCAYO  referencia : FRENTE AL GRIFO REPSOL,LIMA,LIMA,(01) 500 7878,-120.300.919,-769.991.156
117,LA LIBERTAD / OTUZCO / OTUZCO / OTUZCO,OTUZCO,AV. ALFREDO GUTIÉRREZ N° 120 - Otuzco - Otuzco - La Libertad.,OTUZCO,LA LIBERTAD,01 5007878,-79.063.204,-785.644.849
118,LA LIBERTAD / SANCHEZ CARRION / HUAMACHUCO / HUAMACHUCO,HUAMACHUCO,"JR. SIMON BOLIVAR 763, HUAMACHUCO SANCHEZ CARRION - LA LIBERTAD, REF. ENTRE JR. INDEPENDECIA Y JR. ALFONSO UGARTE",SANCHEZ CARRION,LA LIBERTAD,,-78.123.777.275.905,-78.049.513.218.584
121,LA LIBERTAD / ASCOPE / PAIJAN / PAIJAN,PAIJAN,AV. PANAMERICANA NORTE N° 1320 - paijan,ASCOPE,LA LIBERTAD,01 5007878,-77.338.355,-793.006.298
122,LIMA / LIMA / LURIN / NUEVO LURIN,NUEVO LURIN,AV. ANTIGUA PANAMERICANA SUR KM 37 MZ C LT 17 - FUNDO LAS SALINAS  - referencia a cuadra y media del mercado virgen de las mercedes.,LIMA,LIMA,(01) 500 7878,-122.819.873,-768.658.386
123,LIMA / LIMA / BRENA / AV VENEZUELA,AV VENEZUELA,"AV. VENEZUELA 1670 - BREÑA, REFERENCIA: AL COSTADO DEL POLICLÍNICO DE BREÑA",LIMA,LIMA,(01) 500 7878,-12.055.384.807.465.600,-7.705.571.332.375.150
124,LIMA / HUARAL / HUARAL / HUARAL,HUARAL,"AV. JORGE CHAVEZ 647, REFERENCIA: ENTRE LA AV. GRAU Y BOLOGNESI (CERCA AL PARADERO MOTO NATURALES)",HUARAL,LIMA,,-114.922.796.340.686,-772.052.552.735.911
125,ANCASH / HUARAZ / HUARAZ / HUARAZ,HUARAZ,"AV. 27 DE NOVIEMBRE CDRA. 20 S/N - VILLON BAJO, REFERENCIA: AL COSTADO DEL GRIFO PRIMAX",HUARAZ,ANCASH,(01) 500 7878,-9.541.547,-77.531.075
128,CAJAMARCA / CUTERVO / CUTERVO / CUTERVO,CUTERVO,av. SALOMÓN VILCHEZ murga  S/N. CDRA 9  REFERENCIA : FRENTE A LA CLÍNICA CUTERVO,CUTERVO,CAJAMARCA,(01) 500 7878,-637.884,-78.812.233
130,ICA / NAZCA / NAZCA / AV CIRCUNVALACION NAZCA,AV CIRCUNVALACION NAZCA,"EN LA ESQUINA DE LA AV. CIRCUNVALACIÓN CON CALLE S/N, HOY CALLE LAS MERCEDES S/N NASCA - REFERENCIA: AL LADO DE LA IEP JEAN PIAGET",NAZCA,ICA,01 5007878,-148.252.316,-749.463.744
131,ICA / NAZCA / MARCONA / SAN JUAN DE MARCONA,SAN JUAN DE MARCONA,"AA.HH. SAN MARTÍN DE PORRES E-4 SAN JUAN DE MARCONA - NAZCA - ICA, REF. CRUCE DE AV. LAS ORQUÍDEAS CON AV. SAN MARTIN DE PORRAS A DOS PUERTAS DEL HOTEL SAN MARTIN",NAZCA,ICA,(01) 500 7878,-15.372.099.353.436,-751.568
132,PASCO / PASCO / HUAYLLAY / HUAYLLAY,HUAYLLAY,calle Lima S/N Barrio Arenales  Huayllay  Pasco   - REFERENCIA: AL COSTADO DEL COLEGIO CESAR VALLEJO,PASCO,PASCO,(01) 500 7878,-110.007.095,-763.672.417
133,PIURA / TALARA / EL ALTO / EL ALTO,EL ALTO,"AV. BOLOGNESI O-37 CENTRO EL ALTO, REFERENCIA: A ESPALDAS DE LA MUNICIPALIDAD DE EL ALTO",TALARA,PIURA,(01) 500 7878,-4.268.178,-81.221.744
134,TUMBES / ZARUMILLA / AGUAS VERDES / AGUAS VERDES,AGUAS VERDES,"AV TUMBES S/N LOTE 09 MZ 17 , A.H TOMAS ARIZOLA OLAYA , SECTOR II - REFERENCIA : A UNA CUADRA DEL PARQUE TOMAS ARIZOLA.",ZARUMILLA,TUMBES,(01) 500 7878,-34.805.719,-802.469.869
135,PIURA / TALARA / LOS ORGANOS / LOS ORGANOS,LOS ORGANOS,"Av. Panamericana Norte P-29 - URB. Cercado zona URBANA,  Referencia al frente de grifo de troncos o grifo San Pedro",TALARA,PIURA,(01) 500 7878,-41.747.753.095.423,-81.123.411.684.872
136,TUMBES / CONTRALMIRANTE VILLA / ZORRITOS / ZORRITOS,ZORRITOS,"AV. 28 DE JULIO N° 205 MZ. 14 LT. 04 LOS PINOS TUMBES, CONTRALMIRAANTE VILLAR - ZORRITOS - TUMBES",CONTRALMIRANTE VILLA,TUMBES,01 5007878,-36.826.429.893.427,-80.686.485.170.117
137,HUANUCO / AMBO / AMBO / AMBO,AMBO,"AV. LAS AMERICAS 501, REF. AL FRENTE DEL COLEGIO JUAN JOSÉ CRESPO Y CASTILLO",AMBO,HUANUCO,01 5007878,-10.120.588.660.119,-76.206.691.676.387
138,LAMBAYEQUE / FERRENAFE / FERRENAFE / FERREÑAFE,FERREÑAFE,"AV. ANDRÉS A. CÁCERES N°550A, REFERENCIA: AL COSTADO DEL GRIFO PRIMAX",FERRENAFE,LAMBAYEQUE,01 5007878,-6.646.179,-79.790.525
139,CAJAMARCA / SAN IGNACIO / SAN IGNACIO / SAN IGNACIO,SAN IGNACIO,"PASAJE TRES N° 113 URB SANTA ROSA, CAJAMARCA - SAN IGNACIO, REF. FRENTE AL ESTADO MUNICIPAL",SAN IGNACIO,CAJAMARCA,(01) 500 7878,-51.428.081.364.603,-78.998.320.738.098
140,AREQUIPA / AREQUIPA / CERRO COLORADO / CIUDAD MUNICIPAL,CIUDAD MUNICIPAL,"MZ. A, SUB LT. 2 A, ASENTAMIENTO POBLACIONAL ASOCIACIÓN CENTRO INDUSTRIAL LAS CANTERAS, CERRO COLORADO - AREQUIPA, REF. AL COSTADO DEL GRIFO PRIMAX",AREQUIPA,AREQUIPA,01 5007878,-16.327.887.664.431,-71.594.528.470.558
141,LIMA / BARRANCA / PARAMONGA / PARAMONGA,PARAMONGA,"AV. CENTRAL N° 305 MZ. N1 LT. 17, rEF. URB. MIGUEL GRAU",BARRANCA,LIMA,(01) 500 7878,-10.673.598,-77.815.645
142,AREQUIPA / AREQUIPA / CERRO COLORADO / ASOC LAS FLORES -  AV 54,ASOC LAS FLORES -  AV 54,asoc. las flores zn.2  mz.j  lt.8  - cerro colorado  -  referencia: AV 54 - A MEDIA CUADRA DE FERRETERÍA GINO,AREQUIPA,AREQUIPA,01 5007878,-16.327.233.470.874,-71.569.310.892.237
143,AYACUCHO / HUANTA / HUANTA / HUANTA,HUANTA,"JR. GERVASIO SANTILLANA N°976 - HUANTA - AYACUCHO. REF, CRUCE CON JR. REVOLUCIÓN",HUANTA,AYACUCHO,01 5007878,-12.937.385.673.235,-74.255.491.005.798
144,LIMA / LIMA / SAN JUAN DE LURIGANCHO / CRUZ DE MOTUPE,CRUZ DE MOTUPE,AV. FERNANDO WIESSE MZ. Q LOTE 1 AA.HH. CRUZ DE MOTUPE,LIMA,LIMA,(01) 500 7878,-11.938.267.731.665.000,-7.697.569.645.009.720
146,AREQUIPA / AREQUIPA / CAYMA / PLAZA LA TOMILLA,PLAZA LA TOMILLA,AV. RAMÓN CASTILLA N° 1000 - B  LA TOMIllA  CAYMA  -  REFERENCIA: EN LA MISMA PLAZA TOMIlla,AREQUIPA,AREQUIPA,(01) 500 7878,-163.575.544,-715.437.086
148,AREQUIPA / AREQUIPA / CERRO COLORADO / AV PUMACAHUA,AV PUMACAHUA,"URB. SAN FELIPE AV PUMACAHUA LT 14, CERRO COLORADO AREQUIPA, ref. A DOS CDRAS. ANTES DE LLEGAR AL METRO CENCOSUD / EX NOTARIA CONCHA REVILLA.",AREQUIPA,AREQUIPA,(01) 500 - 7878,-16.377.530.805.257.400,-7.155.688.960.685.170
151,LIMA / LIMA / SANTIAGO DE SURCO / HIGUERETA,HIGUERETA,"Calle Barlovento N° 134 REFERENCIA: A 3 CDRAS DE POLVOS ROSADOS, CERCA AL ÓVALO HIGUERETA, surco",LIMA,LIMA,(01) 500 7878,-12.128.290.656.591,-76.999.440.079.644
152,PIURA / TALARA / MANCORA / MÁNCORA,MÁNCORA,"AV. GRAU NRO. 432 MÁNCORA - TALARA - PIURA, REF. FRENTE AL PARADERO DE AUTOS DE LOS ÓRGANOS EN TODA LA PANAMERICANA NORTE.",TALARA,PIURA,(01) 500 7878,-41.067.198.549.527,-81.048.832.633.167
153,AREQUIPA / AREQUIPA / MARIANO MELGAR / MARIANO MELGAR,MARIANO MELGAR,"CALLE ANCASH N° 202 - MARIANO MELGAR, REF. A LA ALTURA DEL COLISEO DEL NIÑO",AREQUIPA,AREQUIPA,(01) 500 7878,-1.640.347.178.489.040,-715.114.991.875.102
155,AREQUIPA / AREQUIPA / SOCABAYA / AV SOCABAYA - LOS TORITOS,AV SOCABAYA - LOS TORITOS,"AV. SOCABAYA 301 - URB. SAN MARTÍN DE SOCABAYA, REF. AL FRENTE DEL PARQUE VICTOR BARRIGA",AREQUIPA,AREQUIPA,(01) 500 7878,-1.643.784.754.394,-71.529.989.703.615
156,LIMA / CAÑETE / MALA / MALA,MALA,"Av. Marchand # 250, distrito de Mala .    referencia:  a unas casas frente a la distribuidora primax gas",CAÑETE,LIMA,01 5007878,-126.571.028,-766.366.831
157,LAMBAYEQUE / LAMBAYEQUE / OLMOS / OLMOS,OLMOS,"AV. AUGUSTO B. LEGUÍA MZ. 87 LT. 32  - OLMOS - LAMBAYEQUE, REF. AL FRENTE DE LA COMISARIA DE OLMOS.",LAMBAYEQUE,LAMBAYEQUE,(01) 500 7878,-59.871.924.350.643,-79.743.017.122.659
158,LAMBAYEQUE / CHICLAYO / CHICLAYO / MIRAFLORES CHICLAYO,MIRAFLORES CHICLAYO,"AV. PANAMERICANA 975 PP JJ LUIS ALBERTO SANCHEZ, CHICLAYO - CHICLAYO - LAMBAYEQUE, REF. A MEDIA CDRA. DEL OVALO SEÑOR DE SIPAN / AL FRENTE DE DERCO CENTER",CHICLAYO,LAMBAYEQUE,(01) 500 7878,-67.587.235.317.862,-79.862.861.099.996
159,LIMA / LIMA / SAN JUAN DE LURIGANCHO / SJL- LAS FLORES,SJL- LAS FLORES,"AV. CANTO GRANDE N°. 2570 - URB. GANIMEDES, REFERENCIA: A 3 CDRAS. DE PLAZA VEA",LIMA,LIMA,(01) 500 7878,-11.986.444.455.930.900,-7.701.549.062.944.760
160,LAMBAYEQUE / LAMBAYEQUE / MOTUPE / MOTUPE,MOTUPE,CALLE LOS PINOS N°116 - LOTIZACION LA PRIMAVERA  REFERENCIA :  A MEDIA CUADRA DE LA PANAMERICANA CARRETERA FERNANDO BELAUNDE TERRY,LAMBAYEQUE,LAMBAYEQUE,(01) 500 7878,-61.504.717.509.297,-79.711.388.575.277
161,LIMA / HUARAL / CHANCAY / CHANCAY,CHANCAY,PROLONGACIÓN SAN MARTÍN N°403 CHANCAY - REFERENCIA: A UNA CDRA. DE LA AV. PANAMERICANA NORTE,HUARAL,LIMA,(01) 500 7878,-115.643.122,-772.673.802
162,AREQUIPA / AREQUIPA / MIRAFLORES / MIRAFLORES AREQUIPA,MIRAFLORES AREQUIPA,"URB. RESIDENCIAL FELIPE SANTIAGO SALAVERRY - CALLE TENIENTE RODRÍGUEZ MZ. H LT. 11, MIRAFLORES - AREQUIPA - AREQUIPA, REF. A MEDIA CDRA. DE LA COMPAÑIA DE BOMBERO DE MIRAFLORES",AREQUIPA,AREQUIPA,(01) 500 7878,-16.391.344.690.541,-71.513.189.845.233
163,AREQUIPA / AREQUIPA / PAUCARPATA / URB MANUEL PRADO,URB MANUEL PRADO,CALLE BELÉN N°100 - A URB. MANUEL PRADO - PAUCARPATA  REFERENCIA: A ESPALDAS DEL CC. MALL AVENTURA PORONGOCHE,AREQUIPA,AREQUIPA,01 5007878,-164.169.283,-715.124.596
164,JUNIN / SATIPO / SATIPO / SATIPO,SATIPO,"JR. FRANCISCO IRAZOLA 1077 - JUNÍN , REF. FÁBRICA LA SATIPEÑA",SATIPO,JUNIN,01 5007878,-11.259.616.493.652,-7.464.248.165.158
165,JUNIN / CHANCHAMAYO / SAN RAMON / SAN RAMÓN,SAN RAMÓN,"JR. UCAYALI 102 - SAN RAMÓN, REFERENCIA: FRENTE A LA CAJA HUANCAYO Y EL PARQUE EL AVIÓN",CHANCHAMAYO,JUNIN,(01) 500 7878,-11.124.126,-75.355.581
166,JUNIN / CHANCHAMAYO / LA MERCED / LA MERCED,LA MERCED,"AV. PERU 931 SECTOR PAMPA DEL CARMEN, LA MERCED  -CHANCHAMAYO - JUNÍN, REF. FRENTE A LA COOPERATIVA CHANCHAMAYO",CHANCHAMAYO,JUNIN,01 5007878,-11.070.138.136.554,-75.336.406.736.317
167,JUNIN / CHANCHAMAYO / BAJO PICHANAQUI / PICHANAKI,PICHANAKI,AV. VENUS LT. 20 CIUDAD SATÉLITE - REF. ( A 1 CUADRA Y MEDIA DEL PARQUE DE SATÉLITE),CHANCHAMAYO,JUNIN,15007878,-10.919.270.732.705,-74.878.801
168,JUNIN / TARMA / TARMA / TARMA,TARMA,"JR. AMAZONAS NRO. 1164 TARMA - JUNÍN, REF. ENTRE JR. AMAZONAS CON AV. VIENRICH",TARMA,JUNIN,(01) 500 7878,-11.417.779.771.838,-75.693.027.799.999
169,LIMA / LIMA / LURIGANCHO / CHOSICA,CHOSICA,EL SOL 124 (PARQUE ECHENIQUE) LURIGANCHO - CHOSICA,LIMA,LIMA,(01) 500 7878,-1.193.352.928.120.610,-7.669.333.509.527.560
170,LIMA / LIMA / CHORRILLOS / CHORRILLOS LOS FAISANES,CHORRILLOS LOS FAISANES,"AV. LOS FAISANES 420, REFERENCIA: AL COSTADO DE LA TIENDA JOHN HOLDEN",LIMA,LIMA,(01) 500 7878,-12.176.072,-76.998.107
171,LAMBAYEQUE / LAMBAYEQUE / LAMBAYEQUE / LAMBAYEQUE PANAMERICANA,LAMBAYEQUE PANAMERICANA,"CALLE PARAGUAY MZ. D LT 2A UNIDAD VECINAL INDOAMÉRICA - LAMBAYEQUE, REF. AL COSTADO DE LA FÁBRICA DE KINKONES BRUNING / A 01 CUADRA DEL PUENTE LAMBAYEQUE",LAMBAYEQUE,LAMBAYEQUE,O1 5007878,-66.950.640.309.514,-79.903.733.032.828
172,LIMA / LIMA / INDEPENDENCIA / LA CINCUENTA,LA CINCUENTA,"AV. TUPAC AMARU N° 4708 - 4710, REF. A UNA CDRA. DEL PARADERO ESTACIÓN NARANJAL",LIMA,LIMA,(01) 500 7878,-11.978.882.502.306.400,-770.591.044.310.316
175,LIMA / LIMA / LOS OLIVOS / PRO,PRO,"AV. LOS PRÓCERES MZ. PP2 LT.21, URB. PUERTAS DE PRO - LOS OLIVOS",LIMA,LIMA,(01) 500 7878,-119.450.493,-770.775.764
176,LIMA / LIMA / RIMAC / RIMAC AV. AMANCAES,RIMAC AV. AMANCAES,Av. Amancaes Nro. 644 urb. Ciudad y campo - Rimac,LIMA,LIMA,01 500 7878,-120.220.967,-770.306.918
177,ANCASH / SANTA / NUEVO CHIMBOTE / OVALO DE LA FAMILIA,OVALO DE LA FAMILIA,Urbanización José Carlos Mariategui (ex UNICRETO) mz R 3 lt 3 Ref. A una cuadra del óvalo la familia,SANTA,ANCASH,01 5007878,-9.127.764,-78.517.709
181,JUNIN / HUANCAYO / HUANCAYO / HUANCAYO JR. ICA,HUANCAYO JR. ICA,"JR. ICA Nº 1143 - HUANCAYO, REFERENCIA: ENTRE EL JR. ICA Y EL JR. TACNA",HUANCAYO,JUNIN,(01) 500 7878,-120.739.582,-752.141.862
183,ANCASH / HUARMEY / HUARMEY / HUARMEY,HUARMEY,"CARR. PANAMERICANA NORTE N° KM 293 SECT. PANAMERICANA HUARMEY – ANCASH, REF. A 4 CDRAS. DEL TERMINAL TERRESTRE DE SUR A NORTE",HUARMEY,ANCASH,(01) 500 7878,-10.064.877.234.999,-78.156.818.888.783
184,LAMBAYEQUE / CHICLAYO / CHICLAYO / MARISCAL NIETO,MARISCAL NIETO,"CALLE MARISCAL NIETO N° 390, REFERENCIA: ENTRE MARISCAL NIETO Y MIGUEL GRAU",CHICLAYO,LAMBAYEQUE,(01) 500 7878,-67.748.775,-798.324.065
185,LIMA / LIMA / VILLA MARIA DEL TRIUNFO / PESQUERO,PESQUERO,"AV. PACHACUTEC N° 3548, REFERENCIA: FRENTE A REAL PLAZA, A 1 CDRA. DE MAYORSA",LIMA,LIMA,01 5007878,-12.179.083.535.105.900,-7.694.455.568.962.940
186,LIMA / LIMA / MAGDALENA DEL MAR / MAGDALENA DEL MAR,MAGDALENA DEL MAR,"JR. AYACUCHO N° 756, REFERENCIA: A UNA CDRA. DEL MERCADO MODELO DE MAGDALESY A 3 CDRAS. DE LA IGLESIA CÚPULA DE SUCRE",LIMA,LIMA,(01) 500 7878,-12.086.209.998.877.800,-7.707.142.297.178.570
187,LAMBAYEQUE / CHICLAYO / JOSE LEONARDO ORTIZ  / CALLE TAHUANTINSUYO,CALLE TAHUANTINSUYO,"CALLE TAHUANTINSUYO 995 - URB. SAN LORENZO - JOSE LEONARDO ORTIZ - CHICLAYO - LAMBAYEQUE, REF. ENTRE LA CDRA. 2 DE AV. AMÉRICA Y LA CALLE TAHUANTINSUYO/A MEDIA CDRA. DE LA IGLESIA LOS MORMONES",CHICLAYO,LAMBAYEQUE,(01) 500 7878,-67.606.203.740.115,-79.841.664.422.679
188,ANCASH / CASMA / CASMA / CASMA,CASMA,"AV. MIGUEL GRAU MZ. D 4 LT. 1 CASMA - ANCASH, REF. FRENTE AL JARDÍN DE INFANCIA",CASMA,ANCASH,(01) 500 7878,-94.718.613.228.196,-78.303.136.341.104
193,LIMA / LIMA / SAN MARTIN DE PORRES / SMP-AV. PROCERES,SMP-AV. PROCERES,"AV. PRÓCERES N° 588 URB. COVICEM, REF. A 2 CDRAS. DE TOMÁS VALLE ",LIMA,LIMA,01 5007878,-12.014.500.655.852.000,-7.708.699.865.886.140
197,LAMBAYEQUE / CHICLAYO / TUMAN / TUMAN,TUMAN,"AV. CHOTA N° 288 SECTOR ACAPULCO, TUMAN - CHICLAYO - LAMBAYEQUE, REF. AL COSTADO DEL RESTAURANT MANOS CHOTANAS",CHICLAYO,LAMBAYEQUE,(01) 500 7878,-67.435.012.497.878,-79.697.416.401.677
198,LIMA / LIMA / PUENTE PIEDRA / ZAPALLAL,ZAPALLAL,"AV. ANCÓN 678, REF. A LA ESPALDA DEL PRECIO UNO DE FUNDICION",LIMA,LIMA,01 5007878,-11.830.750.370.122.900,-7.711.410.941.944.560
199,PIURA / PIURA / TAMBO GRANDE / TAMBO GRANDE,TAMBO GRANDE,"AA. HH. EL HUERTO MZ. E LT. 08 TAMBO GRANDE – PIURA - PIURA, REF. ATRÁS DEL COLEGIO INA 54 AGROPECUARIO, A LA ALTURA DEL CAMPO CAMPESTRE RIVERA DEL RÍO",PIURA,PIURA,01 5007878,-49.350.843.412.188,-8.034.533.475.739
200,PIURA / PIURA / PIURA / AV. LUIS EGUIGUREN,AV. LUIS EGUIGUREN,"AV. MÁLAGA MZ. A LT.20 INT. 105 PIURA, REF. A MEDIA CUADRA DE HONDA DEL PERU S.A. EN EL CRUCE DE AV. LUIS EGUIGUREN CON SULLANA NORTE ",PIURA,PIURA,(01) 500 7878,-51.854.726.017.121.400,-8.063.332.306.469.520
202,LIMA / LIMA / ATE-VITARTE / PUENTE SANTA ANITA,PUENTE SANTA ANITA,Av. Nicolás Ayllón N° 3080  - Ate vitarte,LIMA,LIMA,01 5007878,-12.057.126.998.901.300,-7.696.934.509.277.340
203,CUSCO / CUSCO / SAN JERONIMO / SAN JERONIMO,SAN JERONIMO,"CALLE CIRO ALEGRÍA 226 - 224, REF. UNA CUADRA ANTES DEL PARADERO PENAL EN EL CARRIL DE BAJADA",CUSCO,CUSCO,01 5007878,-13.545.038.230.775,-71.895.806.395.877
208,PIURA / PIURA / PIURA / AV. GRAU,AV. GRAU,"Av. grau manzana N, lote 33 - urbanización la alborada. ref. Grau con marcavelica",PIURA,PIURA,15007878,-51.867.475,-806.547.354
211,LA LIBERTAD / TRUJILLO / LA ESPERANZA / AV TAHUANTINSUYO,AV TAHUANTINSUYO,"AV. TAHUANTINSUYO N° 739, LA ESPERANZA – TRUJILLO – LA LIBERTAD, REF. DIAGONAL A GRIFO EL AMIGO. / ENTRE PASAJE SANTA ANA Y AV. LOS LAURELES",TRUJILLO,LA LIBERTAD,(01) 500 7878,-80.860.539.275.375,-79.041.433.559.277
212,LA LIBERTAD / TRUJILLO / EL PORVENIR / AV HERMANOS ANGULO,AV HERMANOS ANGULO,"AV. HERMANOS ANGULO 628, TRUJILLO, REF. A ESPALDAS DE LA MUNICIPALIDAD EL PORVENIR",TRUJILLO,LA LIBERTAD,,-80.843.892.837.298,-79.000.249.497.004
213,CUSCO / CUSCO / SANTIAGO / AV ANTONIO LORENA,AV ANTONIO LORENA,"Prolongación Av. Antonio Lorena # 140 - Santiago, Cusco, Referencia: al frente del cementerio Almudena",CUSCO,CUSCO,15007878,-135.257.396,-719.879.012
214,JUNIN / HUANCAYO / CHILCA / CHILCA HUANCAYO,CHILCA HUANCAYO,"JR. 28 DE JULIO N° 935, REF. ESQUINA 28 DE JULIO Y SANTOS CHOCANO",HUANCAYO,JUNIN,(01) 500 7878,-12.084.192.324.029,-75.202.691.995.668
215,LIMA / LIMA / VILLA MARIA DEL TRIUNFO / AV. LIMA - VMT,AV. LIMA - VMT,"AV. LIMA 2208 JOSÉ GÁLVEZ- VILLA MARÍA  DEL TRIUNFO, REFERENCIA: A DOS CDRAS. DE LA CURVA JOSÉ GÁLVEZ",LIMA,LIMA,(01) 500 7878,-12.226.053,-76.908.879
216,LIMA / LIMA / ATE-VITARTE / HUAYCAN AV JOSE C MARIATEGUI,HUAYCAN AV JOSE C MARIATEGUI,"AV. JOSÉ CARLOS MARIÁTEGUI Z. E LT. 23 UCV 5 (ZONA COMERCIO) - PUEBLO JOVEN ""PROYECTO ESPECIAL HUAYCÁN"" ATE VITARTE - LIMA, REF. A DOS CDRAS. DEL CRUCE CON AV. 15 DE JULIO",LIMA,LIMA,01 5007878,-12.014.821.320.970.100,-7.682.313.108.705.990
217,LIMA / LIMA / ATE-VITARTE / LOS SAUCES,LOS SAUCES,AV. SANTA ROSA N°773 MANZANA “A” LOTE 6 URB LOS SAUCES - ATE - REFERENCIA: CRUCE CON LA AV SEPARADORA INDUSTRIAL,LIMA,LIMA,01 5007878,-120.709.298,-769.809.503
219,PIURA / PIURA / CASTILLA / AV TACNA,AV TACNA,"AV. TACNA 509 CASTILLA - PIURA, REFERENCIA: FRENTE A UGEL DE CASTILLA",PIURA,PIURA,,-52.024.612,-806.241.167
220,LIMA / LIMA / CERCADO LIMA / MALVINAS - JR. RICARDO TRENEMAN,MALVINAS - JR. RICARDO TRENEMAN,"JR. RICARDO TRENEMAN N° 920, REFERENCIA: DENTRO DEL LOCAL FARENET",LIMA,LIMA,(01) 500 7878,-12.046.751,-77.054.634
222,PIURA / PIURA / 26 DE OCTUBRE / PARQUE INDUSTRIAL CO PIURA FUTURA,PARQUE INDUSTRIAL CO PIURA FUTURA,"URB. PARQUE INDUSTRIAL PIURA FUTURA MZ. G, LT. 1A. 26 DE OCTUBRE - PIURA, REFERENCIA: AL FRENTE DEL GRIFO PETRO PERÚ",PIURA,PIURA,(01) 500 7878,-51.605.551.169.742,-80.690.649.236.109
223,CUSCO / ANTA / ANTA / ANTA IZCUCHACA,ANTA IZCUCHACA,"PARQUE DEL CARMEN LT. 1 MZ. B 2, ANTA - ANTA - CUSCO, REF. PARADERO CARMEN, PISTA PRINCIPAL IZCUCHACA",ANTA,CUSCO,(01) 500 7878,-13.469.611.752.105,-72.135.833.970.585
224,LIMA / LIMA / SAN MARTIN DE PORRES / AV. PERU 15,AV. PERU 15," Av. Perú 1589, San Martin de Porres -  Lima. Referencia: a dos cuadras del CruCe con la Av. Canadá.",LIMA,LIMA,01 5007878,-120.327.011,-770.626.605
225,CAJAMARCA / CAJAMARCA / CAJAMARCA / CAJAMARCA HORACIO ZEVALLOS,CAJAMARCA HORACIO ZEVALLOS,JR. EMILIO BARRANTES MZ X LOTE 3 URB. HORACIO ZEVALLOS - CAJAMARCA. REFERENCIA A UNA CUADRA DE LA UNIVERSIDAD PRIVADA DEL NORTE (UPN) Y VÍA DE EVITAMIENTO NORTE CUADRA 13.,CAJAMARCA,CAJAMARCA,01 5007878,-71.494.038,-785.064.654
227,LIMA / LIMA / LOS OLIVOS / AV. ANGELICA GAMARRA,AV. ANGELICA GAMARRA,"AV. ANGELICA GAMARRA DE LEON VALVERDE N° 621 URB EL TREBOL, LOS OLIVOS - LIMA, REF. A LA ALTURA DEL KFC / CRUCE CON AV. ALFA",LIMA,LIMA,(01) 500 7878,-1.200.564.059.430.330,-7.706.833.392.202.750
228,LIMA / LIMA / COMAS / AV. TRAPICHE,AV. TRAPICHE,"AV. TRAPICHE 886 A 16 2P 2 - URB. PINAR, REFERENCIA: FRENTE AL COMPLEJO DEPORTIVO WALON",LIMA,LIMA,(01) 500 7878,-1.191.918.929.266.530,-7.706.050.258.466.900
229,LIMA / LIMA / COMAS / AÑO NUEVO,AÑO NUEVO,"AV. TUPAC AMARU N° 7837- 7839 MZ. C LT. 010 URB. POPULAR SAN JUAN BAUTISTA I ETAPA, COMAS - LIMA, REF. A UNA CDRA. DE LA ENTRADA DE COLLIQUE",LIMA,LIMA,(01) 500 7878,-11.915.107.566.733.100,-7.704.066.226.893.430
230,LIMA / LIMA / CARABAYLLO / TUNGASUCA,TUNGASUCA,"AV. TRAPICHE MZ. P LT. 48, URB. TUNGASUCA REFERENCIA: AUX. AV. CHIMPU OCLLO CON AUX. CHILLÓN TRAPICHE, A 1 CUADRA DEL MERCADO QATUNA",LIMA,LIMA,01 5007878,-11.891.425.542.921.500,-7.704.442.551.681.060
232,SAN MARTIN / MARISCAL CACERES / JUANJUI / JUANJUÍ FERNANDO BELAUNDE TERRY CO,JUANJUÍ FERNANDO BELAUNDE TERRY CO,CARRETERA FERNANDO TERRY KM. 1 S/N REFERENCIA: AL COSTADO DE PARADERO DE AUTOS HUALLAGA EXPRESS,MARISCAL CACERES,SAN MARTIN,01 5007878,-71.779.108,-76.737.078
233,LIMA / LIMA / LA VICTORIA / AV. CANADA,AV. CANADA,"AV. CANADÁ 1603, REFERENCIA: ENTRE AV. CANADÁ CON AV. AVIACIÓN",LIMA,LIMA,01 5007878,-120.840.074,-770.058.111
234,LORETO / ALTO AMAZONAS / YURIMAGUAS / YURIMAGUAS,YURIMAGUAS,"CALLE JORGE CHÁVEZ N° 300, REFERENCIA: ESQUINA CON PROGRESO, AL COSTADO DE ENAPU",ALTO AMAZONAS,LORETO,(01) 500 7878,-58.863.186,-761.105.129
235,CUSCO / URUBAMBA / URUBAMBA / CUSCO URUBAMBA,CUSCO URUBAMBA,"LT. E-3 FRACCIÓN -1, SECTOR PATAHUASI, URUBAMBA – URUBAMBA - CUSCO, REF. A UNA CDRA. DE LA CARRETERA A OLLANTAYTAMBO / A MEDIA CDRA. DEL PARQUE TERESITA",URUBAMBA,CUSCO,(01) 500 7878,-13.300.611.752.565,-72.125.221.529.448
237,CUSCO / URUBAMBA / CHINCHERO / CHINCHERO,CHINCHERO,"AV. MATEO PUMACAHUA S/N, CHINCHERO - URUBAMBA - CUSCO, ref AL COSTADO DE LA CAJA CUSCO / EN LA MISMA CARRETERA A URUBAMBA",URUBAMBA,CUSCO,01 5007878,-133.916.558,-72.050.836.126.361
238,CUSCO / LA CONVENCION / SANTA ANA / QUILLABAMBA,QUILLABAMBA,"JR. PUNO LT. 10 Y 11 MZ. G URB. SANTA ANA, CUSCO - LA CONVENCION - SANTA ANA, REF. A MEDIA CDRA.l DEL ESTADIO MUNICIPAL DE QUILLABAMBA / CRUCE CON PROLONGACION Jr. MARTIN PIO CONCHA",LA CONVENCION,CUSCO,(01) 500 7878,-12.867.000.552.803,-72.691.361.212.547
239,LIMA / LIMA / SAN BORJA / AVIACION 2819,AVIACION 2819,"AV. AVIACIÓN 2819, URB. SAN BORJA SUR, REFERENCIA: AL FRENTE DE BEMBOS",LIMA,LIMA,(01) 500 7878,-120.966.861,-770.021.534
240,LIMA / LIMA / SAN JUAN DE LURIGANCHO / SJL-AV.PROCERES,SJL-AV.PROCERES,AV. PRÓCERES DE LA INDEPENDENCIA NRO.  1295 - 1299 REFERENCIA: AL COSTADO DEL BANCO DE LA NACIÓN DE AV. LOS TUSILAGOS OESTE,LIMA,LIMA,01 5007878,-12.012.724.544.095.400,-770.023.639.335.885
242,JUNIN / YAULI / LA OROYA / LA OROYA,LA OROYA,AV. ARÉVALO S/N (CARRETERA CENTRAL) - ANEXO EL TAMBO - SANTA ROSA DE SACCO,YAULI,JUNIN,(01) 500 7878,-115.707.657,-759.586.329
243,CAJAMARCA / CAJAMARCA / CAJAMARCA / BARRIO SAN JOSE,BARRIO SAN JOSE,"Jr. Chanchamayo N° 1162 - Barrio San José Cajamarca,  REFERENCIA: Paralela Con Jr. Huancavelica y Jr. Sara Macdougall.",CAJAMARCA,CAJAMARCA,01 5007878,-71.497.829.958.282,-785.206.235.201
245,PIURA / PIURA / CASTILLA / TACALA,TACALA,"CARR. PANAMERICANA A-2 AH. ALMIRANTE MIGUEL GRAU I ETAPA, CASTILLA - PIURA - PIURA, REF. AL COSTADO DE CERÁMICAS SAN LORENZO",PIURA,PIURA,,-51.904.180.356.006,-80.603.083.300.001
246,LIMA / LIMA / SAN JUAN DE MIRAFLORES / MARIA AUXILIADORA,MARIA AUXILIADORA,"AV. LOS HÉROES 1140 - SJM, REFERENCIA: UNA CDRA. ANTES DEL HOSPITAL MARÍA AUXILIADORA",LIMA,LIMA,(01) 500 7878,-12.158.926,-76.960.685
247,CAJAMARCA / CAJAMARCA / LOS BANOS DEL INCA / BAÑOS DEL INCA,BAÑOS DEL INCA,"JR. CAHUIDE N° 242 – LOTIZ. HURTADO MILLER – BAÑOS DEL INCA – CAJAMARCA, REF. A ESPALDAS DE SENATI Y A UNA CDRA. DE LA BASE DE SERENAZGO DE BAÑOS DEL INCA",CAJAMARCA,CAJAMARCA,(01) 500 7878,-7.163.558.261.272,-78.468.443.729.448
250,LIMA / LIMA / LOS OLIVOS / AV HUANDOY CON MARAÑON,AV HUANDOY CON MARAÑON,"AV. PRÓCERES, MZ. 3, LT. 23 A.H. LAURA CALLER - LOS OLIVOS, REFERENCIA: CRUCE ENTRE AV. HUANDOY Y MARAÑÓN",LIMA,LIMA,(01) 500 7878,-119.706.780,-770.803.560
251,LA LIBERTAD / CHEPEN / PACANGA / PACANGUILLA,PACANGUILLA,"CARRETERA PANAMERICANA  # 835 - URB. PACANGUILLA - DISTRITO PACANGA, REFERENCIA: EN LA MISMA PANAMERICANA",CHEPEN,LA LIBERTAD,01 5007878,-7.154.513,-79.446.302
254,LIMA / LIMA / VILLA EL SALVADOR / AV. PASTOR SEVILLA,AV. PASTOR SEVILLA,"MZ. B LT. 3 BARRIO 3 SECTOR 2 - 4TA ETAPA - VES, REFERENCIA: POR EL ÓVALO CERRO LOMAS, FRENTE AL COLEGIO VIRGEN DEL ROSARIO",LIMA,LIMA,(01) 500 7878,-12.242.278.748.260.600,-7.692.582.672.867.120
256,LIMA / LIMA / INDEPENDENCIA / PLAZA NORTE ENTREGAS,PLAZA NORTE ENTREGAS,Av. GERARDO UNGER NRO. 6917 INT. LB 19,LIMA,LIMA,,-12.004.946,-77.055.867
257,HUANCAVELICA / HUANCAVELICA / HUANCAVELICA / HUANCAVELICA,HUANCAVELICA,"AV. UNIVERSITARIA 1003 - HUANCAVELICA, REF. A 1 CDRA. DE LA ESCUELA SANTA ANA Y A 3 CDRAS. DEL PUENTE DEL EJÉRCITO (BARRIO SANTA ANA)",HUANCAVELICA,HUANCAVELICA,(01) 500 7878,-12.783.667.969.689,-74.964.528.087.041
258,CUSCO / CUSCO / WANCHAQ / AV PACHACUTEC,AV PACHACUTEC,"AV. PACHACUTEC 429 - WANCHAQ, REF. A 100 MTRS. DE LA PISCINA WANCHAQ",CUSCO,CUSCO,(01) 500 7878,-13.524.395.751.135,-71.970.136.579.029
260,TACNA / TACNA / CORONEL GREGORIO ALBARRACIN LANCHIPA / VILLA SAN FRANCISCO,VILLA SAN FRANCISCO,"ASOC. VILLA SAN FRANCISCO MZ. 94 LT. 22, REFERENCIA: CERCA A CAJA CUSCO",TACNA,TACNA,(01) 500 7878,-18.047.103.237.436,-70.255.889.232.014
277,PASCO / OXAPAMPA / OXAPAMPA / OXAPAMPA,OXAPAMPA,"MZ. 239 SUB LOTE H – 1 OXAPAMPA - OXAPAMPA - PASCO, REF. ENTRE AV. ANGÉLICA FREY Y JR. LIMA",OXAPAMPA,PASCO,(01) 500 7878,-10.582.583.283.003,-75.398.971.637.447
280,MADRE DE DIOS / TAMBOPATA / TAMBOPATA / TAMBOPATA AV LA JOYA CO,TAMBOPATA AV LA JOYA CO,"AV. LA JOYA N° 122 - PTO. MALDONADO, REFERENCIA: FRENTE AL ÓVALO DE LOS OTORONGOS",TAMBOPATA,MADRE DE DIOS,(01) 500 7878,-12.599.565,-691.949.842
281,PASCO / OXAPAMPA / VILLA RICA / VILLA RICA,VILLA RICA,"AV. LEOPOLDO KRAUSSE N° 442 VILLA RICA - OXAPAMPA - PASCO, REF. ENTRE EL JR. POZUZO Y JR. COOPERATIVA, AL COSTADO DE LA NOTARÍA GUERRA Y A 20 METROS DE LA PLAZA PRINCIPAL",OXAPAMPA,PASCO,(01) 500 7878,-10.735.805.270.593,-75.268.361.100.077
282,AREQUIPA / ISLAY / MOLLENDO / MOLLENDO CO,MOLLENDO CO,"MARISCAL CASTILLA 472 –A, AREQUIPA - ISLAY - MOLLENDO, REF. AL COSTADO DE CEI “MI CARRUSEL”",ISLAY,AREQUIPA,(01) 500 7878,-17.021.804.037.741,-72.013.916.892.237
284,LA LIBERTAD / TRUJILLO / LA ESPERANZA / WICHANZAO,WICHANZAO,"MZ. 1 LT. 23 AA.HH WICHANZAO – LA ESPERANZA – TRUJILLO – LA LIBERTAD, REF. AL COSTADO DEL ALMACÉN SUNAT. / DIAGONAL AL HOSPITAL DE ALTA COMPLEJIDAD VIRGEN DE LA PUERTA",TRUJILLO,LA LIBERTAD,(01) 500 7878,-80.521.209.280.154,-7.905.562.705.114
285,LIMA / LIMA / SAN MARTIN DE PORRES / AV. LIMA CDRA 38,AV. LIMA CDRA 38,"AV. LIMA 3899 - SMP, REF. A 3 CDRAS. DEL TOTTUS DE QUILCA CON AV. LIMA",LIMA,LIMA,(01) 500 7878,-12.028.420.907.156.500,-770.905.094.113.077
288,LAMBAYEQUE / LAMBAYEQUE / TUCUME / TUCUME,TUCUME,"AV. FEDERICO VILLARREAL N° 982 (CTRA. FERNANDO BELAUNDE TERRY), REFERENCIA: A MEDIA CDRA. DEL CEMENTERIO JARDINES DE LA PAZ",LAMBAYEQUE,LAMBAYEQUE,(01) 500 7878,-65.041.100.012.906,-79.859.217.670.553
290,TACNA / TACNA / TACNA / AV  VIGIL,AV  VIGIL,"AV. VIGIL 1636, REFERENCIA: A UNA CDRA. DE LA PLAZA GRAU",TACNA,TACNA,(01) 500 7878,-17.999.550.724.531,-70.239.101.658.895
293,AREQUIPA / CAMANA / CAMANA / CAMANA,CAMANA,"CALLE AGUSTÍN GAMARRA N° 451, CERCADO CAMANÁ, REFERENCIA: AL FRENTE DEL DELIVEY CASERITOS",CAMANA,AREQUIPA,(01) 500 7878,-16.618.666,-72.710.622
295,AREQUIPA / CAYLLOMA / MAJES / CALLE YARABAMBA,CALLE YARABAMBA,"CALLE YARABAMBA, MZ. Y LT 7. VILLA EL PEDREGAL, MAJES - CAYLLOMA - AREQUIPA, REF. A MEDIA CDRA. DE LA NOTARIA TERÁN BEJAR",CAYLLOMA,AREQUIPA,(01) 500 7878,-16.358.222.616.241,-72.190.472.238.385
296,JUNIN / HUANCAYO / SAN AGUSTIN / SAN AGUSTIN DE CAJAS,SAN AGUSTIN DE CAJAS,"CARRETERA CENTRAL KM 7.5 S/N SAN AGUSTIN – HUANCAYO – JUNÍN, REF. FRENTE A LA ENVASADORA SOLGAS",HUANCAYO,JUNIN,(01) 500 7878,-12.010.163.420.625,-75.246.695.070.583
297,ANCASH / SANTA / NUEVO CHIMBOTE / TRES DE OCTUBRE,TRES DE OCTUBRE,"AV. JOSÉ PARDO MZ. K, LT. 17 - TRES DE OCTUBRE, REFERENCIA: FRENTE AL ÓVALO LAS AMÉRICAS",SANTA,ANCASH,01 5007878,-91.178.189.102.457,-78.537.899.051.291
298,ANCASH / SANTA / CHIMBOTE / AV  JOSE GALVEZ,AV  JOSE GALVEZ,"AV. JOSÉ GÁLVEZ 791, CHIMBOTE - SANTA - ANCASH, REF. A 1 CDRA. ANTES DE LLEGAR AL PUENTE GÁLVEZ",SANTA,ANCASH,(01) 500 7878,-90.711.845.135.623,-7.858.882.269.437
299,MADRE DE DIOS / TAMBOPATA / INAMBARI / MAZUKO,MAZUKO,"AV. LOS PIONEROS, LT. 2 Y 3, INAMBARI – TAMBOPATA - MADRE DE DIOS, REF. AL COSTADO DEL TERMINAL TERRESTRE DE MAZUKO / AL PIE DE LA CARRETERA AL RIO INAMBARI",TAMBOPATA,MADRE DE DIOS,(01) 500 7878,-13.098.946.521.771.700,-7.036.991.732.806.850
300,LIMA / LIMA / CARABAYLLO / AV  TUPAC AMARU KM. 19,AV  TUPAC AMARU KM. 19,"MZ. 1A - LT. 8 AV. TUPAC AMARU N° 10472, CARABAYLLO - LIMA, REF. AL COSTADO DEL COLEGIO CIRO ALEGRÍA",LIMA,LIMA,(01) 500 7878,-11.881.139.994.572.400,-7.702.180.581.911.560
301,LA LIBERTAD / TRUJILLO / EL PORVENIR / ALTO TRUJILLO,ALTO TRUJILLO,"AV. PROLONGACIÓN 12 DE NOVIEMBRE, MZ. Q, LT. 25, REFERENCIA: A MEDIA CDRA. DE LA COMISARÍA ALTO TRUJILLO",TRUJILLO,LA LIBERTAD,(01) 500 7878,-80.688.863.115.724,-79.021.611.486.879
302,ANCASH / HUAYLAS / CARAZ / CARAZ,CARAZ,"AV. 9 DE OCTUBRE N° 259 - HUAYLAS, REFERENCIA: AL COSTADO DE LA EMPRESA MÓVIL TOURS",HUAYLAS,ANCASH,(01) 500 7878,-90.478.790.288.089,-77.803.470.533.954
303,PIURA / SULLANA / SULLANA / SULLANA CO ZONA INDUSTRIAL,SULLANA CO ZONA INDUSTRIAL,"CTRA. SULLANA Nº S/N MZ. K, LT. 06 - ZONA INDUSTRIAL MUNICIPAL, REFERENCIA: AL COSTADO DEL HOTEL COCO SUITE",SULLANA,PIURA,(01) 500 7878,-4.924.883,-80.696.031
307,LIMA / LIMA / SAN MARTIN DE PORRES / AV. CARLOS IZAGUIRRE CUADRA 23,AV. CARLOS IZAGUIRRE CUADRA 23,"AV. CARLOS IZAGUIRRE SUB LT. 8, MZ. C - ASOC. DE VIV. LOS NISPEROS, REFERENCIA: ENTRE AV. 12 DE OCTUBRE Y AV. SANTA ROSA",LIMA,LIMA,(01) 500 7878,-11.990.010,-77.094.590
308,MOQUEGUA / ILO / ILO / ILO PUERTO,ILO PUERTO,"JR. CALLAO PROLONGACIÓN MZ. N, LT. 19 - A, REFERENCIA: A MEDIA CDRA. DE LA COOPERATIVA CUAJONE",ILO,MOQUEGUA,(01) 500 7878,-17.644.710.705.275,-7.134.212.390.418
311,CUSCO / CUSCO / WANCHAQ / VELASCO ASTETE,VELASCO ASTETE,"VELASCO ASTETE D3 - WANCHAQ, REFERENCIA: A 2 CDRAS. DEL AEREOPUERTO",CUSCO,CUSCO,(01) 500 7878,-1.353.848.438.482.390,-7.194.663.732.182.270
312,UCAYALI / CORONEL PORTILLO / PUCALLPA YARINACOCHA / PUCALLPA CO FEDERICO BASADRE,PUCALLPA CO FEDERICO BASADRE,"CARRETERA FEDERICO BASADRE KM 6.800 YARINACOCHA - CORONEL PORTILLO - UCAYALI, REF. Entrada del Asentamiento Humano Alan Sisley/Al costado de la empresa JVJ Service Oriente SAC",CORONEL PORTILLO,UCAYALI,(01) 500 7878,-83.937.480.000.004,-74.588.120.999.999
313,UCAYALI / CORONEL PORTILLO / PUCALLPA YARINACOCHA / YARINACOCHA CENTRO,YARINACOCHA CENTRO,"JR. TUPAC AMARU, MZ. 50, LT. 07, REFERENCIA: A ESPALDA DE MAESTRANZA DE YARINACOCHA",CORONEL PORTILLO,UCAYALI,(01) 500 7878,-83.577.486.634.305,-74.576.310.341.108
314,JUNIN / CHANCHAMAYO / PERENE / PERENE,PERENE,"AV. MARGINAL S/N AA.VV SAN JACINTO - PERENE - CHANCHAMAYO - JUNIN, REF. ANTES DEL ULTIMO ROMPEMUELLE DE SAN JACINTO",CHANCHAMAYO,JUNIN,(01) 500 7878,-10.949.521.894.979,-75.223.239.171.096
315,CAJAMARCA / CELENDIN / CELENDIN / CELENDIN,CELENDIN,"JR. PEDRO ORTIZ MONTOYA 148, REFERENCIA: ESQUINA CON AV. AMAZONAS",CELENDIN,CAJAMARCA,(01) 500 7878,-68.714.795.543.587,-7.814.372.690.136
317,SAN MARTIN / SAN MARTIN / LA BANDA DE SHILCAYO / TARAPOTO LA BANDA DE SHILCAYO,TARAPOTO LA BANDA DE SHILCAYO,"JR. PERÚ N°186, REFERENCIA: A 2 CDRS. DE LA PLAZA DE LA BANDA DE SHILCAYO",SAN MARTIN,SAN MARTIN,(01) 500 7878,-64.914.695.349.871,-7.635.514.024.111
318,SAN MARTIN / LAMAS / LAMAS / LAMAS,LAMAS,"JR. 16 DE OCTUBRE N°1137, REFERENCIA: A LA ESPALDA DEL GRIFO VARGAS TELLO",LAMAS,SAN MARTIN,(01) 500 7878,-64.187.426.338.969,-76.517.489.745.486
319,SAN MARTIN / SAN MARTIN / MORALES / TARAPOTO JR. SARGENTO LOREZ,TARAPOTO JR. SARGENTO LOREZ,"JR. SARGENTO LOREZ N° 264, MORALES - SAN MARTIN, REF. A UNA CDRA. Y MEDIA DE LA PLAZA DE MORALES, FRENTE A VULCANO GAS",SAN MARTIN,SAN MARTIN,(01) 500 7878,-64.774.160.027.321,-76.385.222.238.053
320,SAN MARTIN / SAN MARTIN / TARAPOTO / JR LEONCIO PRADO,JR LEONCIO PRADO,"JR. LEONCIO PRADO N° 1175, REFERENCIA: A UNA CUADRA DEL INSTITUTO MARÍA PARADO DE BELLIDO",SAN MARTIN,SAN MARTIN,(01) 500 7878,-64.786.878.039.267,-76.365.822.199.258
321,ANCASH / SANTA / SANTA / SANTA,SANTA,"PANAMERICANA NORTE KM 442 - B, SANTA, REF. AL LADO DE LA FERRETERIA LA LLAVE",SANTA,ANCASH,(01) 500 7878,-89.894.225.762.046,-78.617.430.260.416
327,LIMA / LIMA / CHORRILLOS / LAS DELICIAS DE VILLA,LAS DELICIAS DE VILLA,"AV. 12 DE OCTUBRE MZ. A - 03, LT. 02, URB. ARIA - LAS DELICIAS DE VILLA, REF. A DOS CUADRAS DE LA AV. DEFENSORES DEL MORRO (EX AV. HUAYLAS) ",LIMA,LIMA,(01) 500 7878,-1.219.588.881.091.080,-7.699.802.766.343.370
350,ANCASH / CARHUAZ / CARHUAZ / CARHUAZ,CARHUAZ,"CARRETERA CENTRAL 00S/N CENT CARHUAZ - CARHUAZ - ÁNCASH, ref. MEDIA CUADRA ANTES DE LLEGAR AL ESTADIO MUNICIPAL CAPITAN CARLOS MEJIA",CARHUAZ,ANCASH,(01) 500 7878,-92.841.105,-776.468.648
355,HUANUCO / LEONCIO PRADO / RUPA RUPA / TINGO MARÍA - LEONCIO PRADO,TINGO MARÍA - LEONCIO PRADO,"AV. TITO JAIME 914, RUPA RUPA-  LEONCIO PRADO - HUANUCO, REF. A DOS CDRAS. DE LA PLAZA DE ARMAS LEONCIO PARDO",LEONCIO PRADO,HUANUCO,,-92.920.534.325.924,-75.997.412.332.603
356,AMAZONAS / CHACHAPOYAS / CHACHAPOYAS / CHACHAPOYAS JR GRAU,CHACHAPOYAS JR GRAU,"JR. GRAU 270, REF. JUNTO A LA AGENCIA DE VIAJES MONTEVERDE",CHACHAPOYAS,AMAZONAS,(01) 500 7878,-6.226.990.739.068.640,-7.787.195.979.113.720
357,SAN MARTIN / PICOTA / PICOTA / PICOTA,PICOTA,"AV. FERNANDO BELAUNDE TERRY LOTE 2B PICOTA - PICOTA - SAN MARTIN. REF, A UNA CDRA. DE LA COMISARIA DE PICOTA SALIDA A BELLAVISTA",PICOTA,SAN MARTIN,(01) 500 7878,-69.200.547.910.068,-7.633.327.738.221
358,PUNO / CHUCUITO / DESAGUADERO / DESAGUADERO,DESAGUADERO,"AV. 28 DE JULIO N° 564 - 566, CHUCUITO REF. A 50 MTRS. DEL BANCO DE LA NACION",CHUCUITO,PUNO,(01) 500 7878,-16.561.694.166.328,-6.904.113.822.944
359,SAN MARTIN / BELLAVISTA / BELLAVISTA / SAN MARTIN BELLAVISTA,SAN MARTIN BELLAVISTA,"AV. LIMA S/N C-4 MZ 71 – LOTE A – TERCER PISO, BELLAVISTA- BELLAVISTA- SAN MARTIN, REF. ESPALDAS DE FERRETERÍA EL IMAN",BELLAVISTA,SAN MARTIN,(01) 500 7878,-70.574.980.035.849,-76.590.528.470.552
362,PIURA / SULLANA / BELLAVISTA / BELLAVISTA SULLANA,BELLAVISTA SULLANA,"CALLE MOQUEGUA 381, BELLAVISTA, REF. REST. PARRILLADAS CHAVELOS",SULLANA,PIURA,(01) 500 7878,-48.911.773.362.203,-80.678.927.709.773
363,ANCASH / YUNGAY / YUNGAY / YUNGAY,YUNGAY,"JR. INDUSTRIAL, LTE. 14 - YUNGAY, REF. AL COSTADO DEL TERMINAL TERRESTRE Y LA TAPICERIA FREDY",YUNGAY,ANCASH,(01) 500 7878,-91.397.382.909.279,-77.747.211.445.572
365,LIMA / LIMA / LURIGANCHO / HUACHIPA CO,HUACHIPA CO,"HUACHIPA ESTE - MANZANA A18 LOTE 1, 2, 3 CALLE B, CALLE 08, CALLE A, REF. AL COSTADO DE INDUSTRIAS ELÉCTRICAS KBA",LIMA,LIMA,(01) 500 7878,-11.935.550.288.297.400,-7.686.833.430.093.900
366,MOQUEGUA / MARISCAL NIETO / MOQUEGUA / CALLE LIMA,CALLE LIMA,"CALLE LIMA 190 - MARISCAL NIETO - MOQUEGUA, REF. A DOS CUADRAS DEL PARQUE LOS HÉROES/ALAMEDA",MARISCAL NIETO,MOQUEGUA,(01) 500 7878,-17.194.764.722.676,-70.938.348.672.668
368,PUNO / EL COLLAO / ILAVE / ILAVE,ILAVE,"JR. BOLOGNESI NRO. 866 BARRIO CRUZANI, EL COLLAO - PUNO, REF. A UNA CUADRA DEL COLISEO Y DEL CEMENTERIO DE ILAVE",EL COLLAO,PUNO,(01) 500 7878,-16.082.861.100.001,-69.644.722.199.963
369,LIMA / LIMA / SANTA ROSA / SANTA ROSA,SANTA ROSA,"MZ. L 23 URB. COOVITIOMAR, ANCON - SANTA ROSA - LIMA, REF. CRUCE DE INGRESO A SANTA ROSA Y/O AL COSTADO DE IMAGEN DE SANTA ROSA",LIMA,LIMA,(01) 500 7878,-11.785.832.663.255,-77.154.776.871.103
370,PIURA / AYABACA / AYABACA / AYABACA,AYABACA,"CALLE BOLOGNESI N° 136, REF. A 2 CUADRAS DE LA PLAZA DE ARMAS DE AYABACA",AYABACA,PIURA,(01) 500 7878,-46.400.387.456.146,-79.714.678.136.096
371,CAJAMARCA / SAN MARCOS / PEDRO GALVEZ / SAN MARCOS,SAN MARCOS,"JR. ADOLFO AMORIN BUENO N° 140 SAN MARCOS – CAJAMARCA, REF. AL  FRENTE DE LA PLAZA AGROPECUARIA",SAN MARCOS,CAJAMARCA,(01) 500 7878,-73.343.555.505.042,-78.174.261.935.812
372,CAJAMARCA / CAJABAMBA / CAJABAMBA / CAJABAMBA,CAJABAMBA,"JR. LARA N° 100 ,CAJABAMBA - CAJABAMBA - CAJAMARCA, REF. A UNA CDRA. DEL COMPLEJO DEPORTIVO “SANTA ANA”",CAJABAMBA,CAJAMARCA,(01) 500 7878,-76.268.617.255.628,-78.048.167.560.925
373,CALLAO / CALLAO / BELLAVISTA / BELLAVISTA CALLAO,BELLAVISTA CALLAO,"AV. ELMER FAUCETT 1641 - URB. JARDINES VIRÚ MZ. B LT 46, BELLAVISTA - CALLAO, REF. A 2 CUADRAS DEL CRUCE DE AV. FAUCETT CON AV. VENEZUELA",CALLAO,CALLAO,(01) 500 7878,-12.060.813.729.761.100,-770.975.644.930.893
374,LIMA / LIMA / JESUS MARIA / JESUS MARIA,JESUS MARIA,"AV. MARISCAL LUZURIAGA 584-586 JESÚS MARÍA - LIMA, REF. A CUADRA Y MEDIA DEL PARQUE SAN JOSÉ, PARALELO A LA AV. MELLO FRANCO",LIMA,LIMA,(01) 500 7878,-12.076.277.049.292.100,-770.481.659.884.218
375,TUMBES / TUMBES / TUMBES / TUMBES PUYANGO,TUMBES PUYANGO,"URB. ANDRÉS ARAUJO MORÁN MZ. 28-A LOTE 03 CALLE JACINTO SEMINARIO, REF. AL COSTADO DEL MERCADO PUYANGO",TUMBES,TUMBES,(01) 500 7878,-35.630.010.344.404,-80.426.500.210.134
376,PIURA / AYABACA / PAIMAS / PAIMAS,PAIMAS,"AV. SULLANA S/N, REF. FRENTE AL COMPLEJO EDUCATIVO JUAN VELASCO ALVARADO",AYABACA,PIURA,(01) 500 7878,-462.382.798.467,-79.948.503.000.001
377,LIMA / LIMA / ATE-VITARTE / SANTA CLARA,SANTA CLARA,"Av. Pedro Ruíz Gallo Mz. H Lt. 3. Asoc. Viv. Villa San Luis, Santa Clara - Ate Vitarte - LimaRef: Entre el Real Plaza y la UTP Santa Clara",LIMA,LIMA,(01) 500 7878,-12.013.911.972.067.200,-7.688.419.892.952.260
378,LIMA / LIMA / VILLA EL SALVADOR / ÓVALO MARIÁTEGUI,ÓVALO MARIÁTEGUI,"AV. PASTOR SEVILLA SECT. 6 - GP 7 - MZ. A - LOTE 05  - V.E.S., REF. A 2 CUADRAS DEL ÓVALO MARIÁTEGUI CON 3 DE OCTUBRE",LIMA,LIMA,(01) 500 7878,-12.222.771.994.775.600,-7.694.317.697.476.000
379,LIMA / LIMA / VILLA EL SALVADOR / 01 DE MAYO,01 DE mayo,"AV. 01DE MAYO 1 SECT GP 23 - A MZ N LOTE 13 - V.E.S., REF. AV. PASTOR SEVILLA CON AV. 1 DE MAYO A 2 CUADRAS DEL HOSPITAL DE LA SOLIDARIDAD POR LA RUTA C",LIMA,LIMA,(01) 500 7878,-12.197.813.452.067.500,-7.695.645.150.975.590
380,LIMA / LIMA / SAN JUAN DE MIRAFLORES / AV. CANEVARO,AV. CANEVARO,"AV. CANEVARO 336 - A, REF. A 2 CUADRAS DE LA AV. VARGAS MACHUGA  Y A UNA CUADRA DE LA FISCALÍA PROVINCIAL PENAL DE S.J.M.",LIMA,LIMA,(01) 500 7878,-12.166.336.290.865.100,-769.690.565.560.943
381,LIMA / LIMA / VILLA MARIA DEL TRIUNFO / AV. VILLA MARIA,AV. VILLA MARIA,"AV VILLA MARIA  MZ. G12 LT. 9 - B PS 1 SECT. VILLA MARIA DEL TRIUNFO, REF. AV. VILLA MARIA  A 2 CUADRAS DE LA MUNICIPALIDAD DE VMT Y AL COSTADO DE ESSALUD",LIMA,LIMA,(01) 500 7878,-12.160.054.167.398.700,-7.694.150.305.828.280
382,LIMA / LIMA / SAN JUAN DE MIRAFLORES / AV MIGUEL GRAU  PAMPLONA ALTA,AV MIGUEL GRAU  PAMPLONA ALTA,"AV. ALMIRANTE MIGUEL GRAU MZ. Y3 LT. 29,PAMPLONA ALTA - SAN JUAN DE MIRAFLORES - LIMA, REF. A MEDIA CDRA. DEL MERCADO OLLANTAY PAMPLONAALTA",LIMA,LIMA,,-121.367.497.811.897,-769.658.882.149.969
383,LIMA / LIMA / SANTIAGO DE SURCO / SURCO MATEO PUMACAHUA,SURCO MATEO PUMACAHUA,"AV. SAN JUAN MZ A LOTE 01 MATEO PUMACAHUA - SURCO, REF. A 2 CUADRAS DE LA AV. TUPAC AMARU ENTRE EL LÍMITE DE CHORRILLOS Y SURCO",LIMA,LIMA,(01) 500 7878,-12.191.080.022.844.700,-7.698.405.895.275.960
384,LIMA / LIMA / CARABAYLLO / AV. TUPAC AMARU KM. 23.5,AV. TUPAC AMARU KM. 23.5,"AV. TÚPAC AMARU KM. 23.5 - CARABAYLLO, REF. FRENTE A LA IGLESIA DE MORMONES - A UNA CDRA. DEL ÚLTIMO PARADERO DEL RÁPIDO",LIMA,LIMA,(01) 500 7878,-11.844.310.757.655.700,-7.700.039.932.685.670
385,LIMA / LIMA / LOS OLIVOS / AV. DOS DE OCTUBRE,AV. DOS DE OCTUBRE,"AV. 2 DE OCTUBRE MZ. H LT. 2 - LOS OLIVOS - PRO, REF. AV. 2 DE OCTUBRE CON AV. CANTA CALLAO, AL COSTADO DEL CENTRO DE SAlUD PRO",LIMA,LIMA,(01) 500 7878,-1.195.057.177.592.810,-7.708.493.089.999.890
387,LIMA / LIMA / SAN MARTIN DE PORRES / AV. GERARDO UNGER CDRA 64,AV. GERARDO UNGER CDRA 64,"AV. GERARDO UNGER 6475, URB. SANTA LUISA, 1RA ETAPA, S.M.P., REF. ESQUINA CON AV. 22 DE AGOSTO, LÍMITE CON COMAS / A UNA CDRA. Y MEDIA DE LA COMISARIA SANTA LUZMILA",LIMA,LIMA,(01) 500 7878,-1.194.597.458.951.920,-770.665.273.461.935
389,LIMA / LIMA / SAN MARTIN DE PORRES / GERMÁN AGUIRRE,GERMÁN AGUIRRE,"AV. GERMAN AGUIRRE UGARTE 649 URB. SAN GERMAN - SAN MARTIN DE PORRES, REF. A LA ALTURA DE LA CUADRA 6 DE LA AV. GERMAN AGUIRRE Y A 3 CUADRAS DE AV. TOMAS VALLE",LIMA,LIMA,(01) 500 7878,-12.015.200.628.370.200,-7.707.138.320.411.390
390,LIMA / LIMA / ATE-VITARTE / AV  ESPERANZA,AV  ESPERANZA,"AV. ESPERANZA MZ. K LT. 06 LAS AMERICAS - ATE VITARTE - LIMA, REF. PASANDO MERCADO RAUCANA",LIMA,LIMA,(01) 500 7878,-1.203.197.489.814.290,-7.690.489.476.767.830
391,PIURA / PIURA / LAS LOMAS / LAS LOMAS,LAS LOMAS,"JR. MIGUEL GRAU MZ. H LT. 7, LAS LOMAS - PIURA, REF. AL COSTADO DE CAJA HUANCAYO Y AL COSTADO DE COMISARIA LAS LOMAS",PIURA,PIURA,(01) 500 7878,-46.565.833.861.674,-80.243.888.252.653
392,LIMA / LIMA / CERCADO LIMA / MALVINAS - JR. GARCIA VILLóN,MALVINAS - JR. GARCIA VILLóN,"JR. PRESBÍTERO GARCÍA VILLON NRO. 560 CERCADO LIMA - LIMA, REF. A LA ALTURA DE LA CDRA. 5 DE AV. OSCAR R. BENAVIDES (EX AV. COLONIAL), EN MEDIO DE LAS AV. GUILLERMO DANSEY Y AV. OSCAR R. BENAVIDES (EX COLONIAL)",LIMA,LIMA,(01) 500 7878,-1.204.638.719.584.980,-77.049.473.000.003
393,AREQUIPA / AREQUIPA / UCHUMAYO / UCHUMAYO,UCHUMAYO,"URB. EL CARMEN M. E. LT. 1 CONGATA DEL DISTRITO UCHUMAYO - AREQUIPA, REF. A DOS CDRAS. DE LA COMISARIA CONGATA",AREQUIPA,AREQUIPA,(01) 500 7878,-16.445.521,-7.161.994
394,LIMA / HUAURA / HUAURA / HUAURA,HUAURA,"AV. LAS MALVINAS MZ. C LOTE 16 URB. EL ROSARIO SUR HUAURA, REF. A ESPALDAS DE LA PLAZA DE ARMAS, A 1 CDRA. DE LA CALLE LOS ALAMOS",HUAURA,LIMA,,-110.713.592.723.957,-775.999.746.859.657
395,UCAYALI / PADRE ABAD / AGUAYTIA / AGUAYTÍA,AGUAYTÍA,"U. VECINAL BARRIO UNIDO MZ. 1 LT. 2, PADRE ABAD - UCAYALI, REF. AL COSTADO DEL TERMINAL TERRESTRE DE AGUAYTIA",PADRE ABAD,UCAYALI,(01) 500 7878,-90.356.284.532.572,-75.496.011.504.332
396,LA LIBERTAD / TRUJILLO / TRUJILLO / TRUJILLO LA PERLA,TRUJILLO LA PERLA,"AV. LA PERLA MZ. E LOTE 05 URB. INGENIERIA – TRUJILLO – LA LIBERTAD, REF. A 1 cDRA. DEL COLEGIO BRUNING",TRUJILLO,LA LIBERTAD,(01) 500 7878,-81.279.459.649.259,-79.027.663.092.444
397,TUMBES / ZARUMILLA / ZARUMILLA / ZARUMILLA,ZARUMILLA,"JIRON INDEPENDENCIA 309 ZARUMILLA, REF. ATRÁS DE LA PLAZA DE ARMAS Y FRENTE AL DORADO PASANDO 5 CASAS",ZARUMILLA,TUMBES,(01) 500 7878,-35.026.340.959.138,-80.274.779.168.572
398,PUNO / SAN ROMAN / JULIACA / AV. HUANCANE CDRA. 9,AV. HUANCANE CDRA. 9,"JR. SILLUSTANI N° 202, SAN ROMAN - JULIACA, REF. A 3 CDRAS. DEL HOSPITAL CARLOS MONGE MEDRANO",SAN ROMAN,PUNO,(01) 500 7878,-15.480.556.232.291,-70.117.833.304.412
399,PUNO / SAN ROMAN / JULIACA / LAS MERCEDES,LAS MERCEDES,"JR. PORVENIR N° 228 URB. LAS MERCEDES, SAN ROMAN - PUNO, REF. A UNA CDRA. DE LA AV. CIRCUNVALACION OESTE - A UNA CDRA. DEL TERMINAL LAS MERCEDES",SAN ROMAN,PUNO,(01) 500 7878,-15.483.920.800.815,-70.141.390.859.993
400,TUMBES / TUMBES / TUMBES / TUMBES CO - PANAMERICANA NORTE KM 2360,TUMBES CO - PANAMERICANA NORTE KM 2360,AV. PANAMERICANA NORTE S/N VILLA PRIMAVERA - TUMBES. REF. PASANDO SENATI FRENTE A AGRIPAC,TUMBES,TUMBES,(01) 500 7878,-35.524.449.279.815,-80.419.805.284.875
401,JUNIN / HUANCAYO / HUANCAYO / TERMINAL LOS ANDES,TERMINAL LOS ANDES,"AV. FERROCARRIL S/N - HUANCAYO - COUNTER N° 14, REF. TERMINAL TERRESTRE LOS ANDES, FRENTE AL OPEN PLAZA",HUANCAYO,JUNIN,(01) 500 7878,-12.061.289.165.519,-7.520.892.492.023
402,ICA / ICA / SANTIAGO / ICA SANTIAGO,ICA SANTIAGO,"CENTRO POBLADO SANTIAGO MZ. E, LT. 01 SECTOR II SANTIAGO - ICA - ICA, REF. FRENTE A LA COMISARIA DE SANTIAGO",ICA,ICA,(01) 500 7878,-14.184.709.950.323,-75.714.393.999.999
403,ICA / ICA / LA TINGUINA / LA TINGUIÑA,LA TINGUIÑA,"CALLE FRANCISCO SALES SOTELO N° 298 SUB LOTE 3, LA TINGUIÑA - ICA – ICA, REF. CRUCE DE LA AV.FRNCISCO SALES SOTELO Y AV. JOSE CARLOS MARIATEGUI",ICA,ICA,(01) 500 7878,-14.039.900.990.771,-75.711.601.465.608
404,ICA / ICA / SALAS / SALAS ICA,SALAS ICA,"SUB LOTE 01 ZONA PANAMERICANA SUR KM. 293.350, SALAS GUADALUPE -  ICA - ICA, REF. FRENTE AL ESTADIO DE SALAS GUADALUPE",ICA,ICA,(01) 500 7878,-13.988.307.260.089,-75.771.832.996.982
405,ICA / ICA / ICA / ICA AV. JJ ELIAS,ICA AV. JJ ELIAS,"MANZANA B, SUB-LOTE 02 DEL FUNDO LA PALMA ICA, REF. CRUCE DE AV. CUTERVO CON AV. J.J ELIAS",ICA,ICA,(01) 500 7878,-1.407.358.570.085,-75.731.736.729.448
410,LIMA / LIMA / SAN JUAN DE LURIGANCHO / CANTO GRANDE,CANTO GRANDE,"CALLE SAN MARTIN CON AV. COMERCIAL NORTE 189 - SAN JUAN DE LURIGANCHO, REF. A 1/2 CUADRA DE LA AV 6 DE CANTO GRANDE - AL COSTADO DEL PLAY PARK (PARQUE BOLOGNESI)",LIMA,LIMA,(01) 500 7878,-11.973.898.198.595.200,-7.700.615.208.127.300
411,LIMA / LIMA / SAN JUAN DE LURIGANCHO / LOS PINOS,LOS PINOS,"MZ. B1 LT. 25 URBANIZACIÓN LOS PINOS SAN JUAN DE LURIGANCHO, REF. AV. FERNANDO WIESSE - CERCA A LA ESTACIÓN SAN MARTÍN",LIMA,LIMA,(01) 500 7878,-11.973.859.486.208,-76.999.139.704.875
415,HUANUCO / LEONCIO PRADO / JOSE CRESPO Y CASTIL / AUCAYACU,AUCAYACU,"JR. CHICLAYO 247 0C-02 CENT AUCAYU, LEONCIO PRADO, HUÁNUCO, REF. ATRÁS DEL ESTADIO MUNICIPAL",LEONCIO PRADO,HUANUCO,(01) 500 7878,-89.322.596.556.481,-76.112.530.146.816
416,SAN MARTIN / RIOJA / PARDO MIGUEL / PARDO MIGUEL NARANJOS,PARDO MIGUEL NARANJOS,"JR. MIGUEL GRAU 101 MZ. 34 LT. 6, PARDO MIGUEL - RIOJA - SAN MARTIN, REF. AV. MARGINAL CDRA 5",RIOJA,SAN MARTIN,(01) 500 7878,-5.739.746.366.208,-77.501.779.316.434
417,ICA / ICA / ICA / ICA URB. MANZANILLA,ICA URB. MANZANILLA,"AV. MANUEL SANTANA CHIRI N°359 A1 – ICA, REF. CRUCE CON CALLE BALTAZAR CARAVEDO",ICA,ICA,(01) 500 7878,-14.075.173.411.545,-75.723.226.190.124
419,LIMA / CAÑETE / IMPERIAL / CAÑETE IMPERIAL,CAÑETE IMPERIAL,"JR. AUGUSTO B. LEGUÍA N.º 457, MZ E, CENTRO POBLADO IMPERIAL, IMPERIAL - CAÑETE - lima, ref. CEVICHERÍA BRISAS DEL MAR",CAÑETE,LIMA,(01) 500 7878,-13.059.358.624.396.900,-7.635.372.113.923.680
420,LA LIBERTAD / TRUJILLO / TRUJILLO / ATAHUALPA,ATAHUALPA,"CALLE ATAHUALPA 481 – TRUJILLO – LA LIBERTAD, REF. A 1/2 CDRA DE LA AV LOS INCAS",TRUJILLO,LA LIBERTAD,(01) 500 7878,-81.150.950.743.473,-79.023.006.204.424
421,LA LIBERTAD / VIRU / VIRU / PUENTE VIRU,PUENTE VIRU,"PANAMERICANA NORTE N° 933 PUENTE VIRÚ - VIRÚ - LA LIBERTAD, REF. a MEDIA CDRA. DEL GRIFO ZONA ETNA/MEDIA CDRA. DEL SEMAFORO ZONA ETNA",VIRU,LA LIBERTAD,(01) 500 7878,-84.283.352.899.314,-78.778.388.900.003
422,PIURA / HUANCABAMBA / HUANCABAMBA / HUANCABAMBA,HUANCABAMBA,"AV. RAMON CASTILLA 0351 HUANCABAMBA - PIURA, REF. A 1 CUADRA DE LA CAPILLA RAMON CASTILLA",HUANCABAMBA,PIURA,(01) 500 7878,-524.390.333.549,-79.453.353.341.105
423,LIMA / LIMA / LOS OLIVOS / AV. CARLOS IZAGUIRRE CDRA. 14,AV. CARLOS IZAGUIRRE CDRA. 14,"CALLE DAVID ALVA MANZANA H LOTE 4 URB. CAJABAMBA LOS OLIVOS - LIMA, REF. ENTRE LA AV. CARLOS IZAGUIRRE CON LA AV. UNIVERSITARIA (FRENTE AL COLEGIO PAMER)",LIMA,LIMA,(01) 500 7878,-11.991.719.564.562.700,-7.708.044.440.622.400
424,LA LIBERTAD / PACASMAYO / GUADALUPE / CIUDAD DE DIOS,CIUDAD DE DIOS,"MZ. A LT. 01 CPM CIUDAD DE DIOS - SEC. LOS ÁNGELES – GUADALUPE – LA LIBERTAD, REF. AL COSTADO DEL MOLINO SAMÁN Y A DOS CUADRAS DEL CRUCE A CAJAMARCA",PACASMAYO,LA LIBERTAD,(01) 500 7878,-73.078.077.719.091,-79.480.498.695.801
425,LA LIBERTAD / PACASMAYO / GUADALUPE / GUADALUPE LA LIBERTAD,GUADALUPE LA LIBERTAD,"AV. NILLA CERRUTY N° 299 - GUADALUPE – PACASMAYO – LA LIBERTAD, ref. AL COSTADO DEL GRIFO REPSOL - NEOTECH",PACASMAYO,LA LIBERTAD,(01) 500 7878,-72.469.439.071.577,-7.946.819.496.902
426,LIMA / LIMA / LA MOLINA / LOS FRESNOS,LOS FRESNOS,"AV. LOS FRESNOS 1305 TIENDA 2 - URB. PORTADA DEL SOL I ETAPA - LA MOLINA - LIMA, REF. A 3 CDRAS. DEL ÓVALO DE LOS CÓNDORES",LIMA,LIMA,(01) 500 7878,-12.104.084.611.289,-769.414.167
427,SAN MARTIN / TOCACHE / TOCACHE / AV FERNANDO BELAUNDE,AV FERNANDO BELAUNDE,"AV. FERNANDO BELAUNDE C-09 MZ H6 (21), LT. 04, CERCADO DE TOCACHE, REF. FRENTE AL MERCADILLO DE TOCACHE",TOCACHE,SAN MARTIN,(01) 500 7878,-8.186.307,-76.517.989
431,LIMA / LIMA / SAN MARTIN DE PORRES / AV JOSE GRANDA CDRA 38,AV JOSE GRANDA CDRA 38,"AV. JOSÉ GRANDA 3826 DE LA URB. CONDEVILLA SEÑOR Y VALDIVIESO MZ. M7 LT 20, 2 ETAPA, 2 SECTOR - S.M.P. , REF.  ENTRE AV. CONDEVILLA Y AV. LOS PRÓCERES",LIMA,LIMA,(01) 500 7878,-12.020.561.244.152.500,-7.708.705.644.110.370
432,LIMA / LIMA / SURQUILLO / AV. PRINCIPAL,AV. PRINCIPAL,"LT. 12 MZ. G, AV. PRINCIPAL 995 (EX AV. UNO) URB. LOS SAUCES 2DA ETAPA, SURQUILLO, REF. CRUCE CON A. MANUEL VILLARÁN",LIMA,LIMA,(01) 500 7878,-12.120.399.751.438,-77.003.503.247.772
438,AYACUCHO / HUAMANGA / JESUS NAZARENO / JESUS NAZARENO,JESUS NAZARENO,"JR. JOSÉ MARÍA EGUREN 451 - JESUS NAZARENO - HUAMANGA - AYACUCHO, REF. CRUCE CON JR. MARIANO MELGAR",HUAMANGA,AYACUCHO,(01) 500 7878,-13.154.760.305.912,-74.214.073.329.448
439,LIMA / LIMA / SAN JUAN DE LURIGANCHO / BAYOVAR,BAYOVAR,"AV. FERNANDO WIESSE MZ. E8. LOTE 38B, MARISCAL CÁCERES BAYOVAR - SAN JUAN DE LURIGANCHO - LIMA, REF. AUXILIAR PRÓCERES DE LA INDEPENDENCIA, AL FRENTE DE LA UNIVERSIDAD SAN MARCOS – AGROINDUSTRIAL",LIMA,LIMA,(01) 500 7878,-11.952.649.328.006.300,-769.868.396.646.944
440,JUNIN / HUANCAYO / HUANCAYO / SAN CARLOS HUANCAYO,SAN CARLOS HUANCAYO,"PJ. SAN FERNANDO 209 HUANCAYO - HUANCAYO - JUNIN, REF. ESQUINA DEL JR. SAN FERNANDO Y MÁRTIRES DEL PERIODISMO",HUANCAYO,JUNIN,(01) 500 7878,-12.054.983.032.705,-75.201.461.670.555
441,LIMA / HUAURA / HUACHO / HUACHO AV  INDACOCHEA,HUACHO AV  INDACOCHEA,"AV. MERCEDES INDACOCHEA 1276 HUACHO - HUAURA - LIMA, REF. INTERSECCIÓN CON PEDRO RUIZ GALLO, A 2 CDRAS. DE LA UNIVERSIDAD NACIONAL JOSÉ FAUSTINO SÁNCHEZ CARRIÓN",HUAURA,LIMA,,-111.185.268.130.511,-776.103.892.352.451
442,TACNA / TACNA / CIUDAD NUEVA / TACNA CIUDAD NUEVA,TACNA CIUDAD NUEVA,"CIUDAD NUEVA MZ 46 LT 12 COMITÉ 10 CIUDAD NUEVA - TACNA, REF. A UNA CDRA. DE LA PLAZA JOSÉ OLAYA DE CIUDAD NUEVA",TACNA,TACNA,(01) 500 7878,-17.984.471.588.057,-70.236.055.095.903
443,AREQUIPA / AREQUIPA / ALTO SELVA ALEGRE / AV LIMA,AV LIMA,"AV. LIMA N° 406 – ALTO SELVA ALEGRE - AREQUIPA, REF. ESQUINA CON AV. OBRERA CUADRA 20",AREQUIPA,AREQUIPA,(01) 500 7878,-16.373.025.713.808,-71.512.111.770.517
444,LA LIBERTAD / TRUJILLO / MOCHE / MOCHE,MOCHE,"AV. LA MARINA LOTE 25 - B – MOCHE – TRUJILLO - LA LIBERTAD, REF. A MEDIA CDRA DE LA COMISARÍA DE MOCHE",TRUJILLO,LA LIBERTAD,(01) 500 7878,-81.718.883.345.549,-79.011.334.590.606
447,CUSCO / CALCA / CALCA / CUSCO CALCA,CUSCO CALCA,"AV. VILCANOTA MZ. A LT 4 CALCA - CUSCO, REF. FRENTE AL GRIFO PETRO PERÚ O EL ÓVALO PUMA - ENTRADA DE CALCA",CALCA,CUSCO,(01) 500 7878,-1.332.544.905.492,-71.953.392.422.748
448,CALLAO / CALLAO / CALLAO / AV  QUILCA,AV  QUILCA,"UNIDAD INMOBILIARIA N° 1, AV. QUILCA MZ. G SUB LT. 11C, URB. AEROPUERTO – SEGUNDO SECTOR - CALLAO, REF. CRUCE CON CALLE 1, FRENTE A LA IGLESIA DE TESTIGOS DE JEHOVÁ",CALLAO,CALLAO,(01) 500 7878,-12.033.462.418.573.200,-770.964.266.665.613
449,LIMA / LIMA / CERCADO LIMA / LIMA AV TINGO MARÍA,LIMA AV TINGO MARÍA,"AV. TINGO MARÍA N°1252-A - CERCADO DE LIMA - LIMA, REF. A MEDIA CDRA. DEL CRUCE CON JR. GRAL. ORBEGOSO",LIMA,LIMA,(01) 500 7878,-120.606.406.907.256,-770.589.838.666.984
450,LIMA / LIMA / CHORRILLOS / MEGAPLAZA CHORRILLOS,MEGAPLAZA CHORRILLOS,"AV. ALAMEDA SUR 5, CHORRILLOS 15067, REF. CRUCE DE AV. ALAMEDA SUR CONAV. ALAMEDA SAN MARCOS",LIMA,LIMA,(01) 500 7878,-1.219.672.190.971.740,-7.701.160.198.642.160
451,LIMA / LIMA / RIMAC / RIMAC GUARDIA REPUBLICANA CDRA. 9,RIMAC GUARDIA REPUBLICANA CDRA. 9,"SECCIÓN INMOBILIARIA N°2 – PRIMER PISO LT. 11 DE LA MZ. 2, URB. VILLACAMPA RIMAC, REF. A UNA CDRA. DEL CRUCE CON AV. FELIPE ARANCIBIA",LIMA,LIMA,(01) 500 7878,-12.029.694.115.562.700,-7.703.647.277.723.020
452,ICA / CHINCHA / PUEBLO NUEVO / CHINCHA PUEBLO NUEVO,CHINCHA PUEBLO NUEVO,"AA. HH. LOS ALAMOS, CALLE LOS LAURELES MZ. 17 LT. 11- A, REF. A 2 CDRAS. DE LA POSTA LOS ÁLAMOS",CHINCHA,ICA,(01) 500 7878,-13.399.703.209.779,-76.140.172.536.272
453,LIMA / LIMA / SAN JUAN DE LURIGANCHO / CAMPOY,CAMPOY,"AV. MALECÓN CHECA MZ. B LT. 7, URB. CAMPOY, SAN JUAN DE LURIGANCHO, REF. A 1 CDRA. DEL CRUCE DE AV. MALECÓN CHECA CON AV. SAN MARTÍN",LIMA,LIMA,(01) 500 7878,-12.024.684.940.555.900,-7.696.870.763.756.480
454,LIMA / LIMA / SANTA ANITA / AV. HUAROCHIRÍ,AV. HUAROCHIRÍ,"AV. HUAROCHIRÍ MZ. E1 LT. 03 - URB. LOS CEDROS SANTA ANITA, REF. CRUCE DE AV. HUAROCHIRÍ CON AV. SANTA ANA",LIMA,LIMA,,-12.041.444.176.806.600,-769.522.978.000.373
455,JUNIN / SATIPO / MAZAMARI / MAZAMARI,MAZAMARI,"JR. JORGE CHAVEZ NRO 144 LT. 8A JUNÍN - SATIPO– MAZAMARI, REF. CERCA A LA VÍA PRINCIPAL, AL COSTADO DEL HOSPEDAJE LUJÁN 1ER PISO",SATIPO,JUNIN,(01) 500 7878,-11.328.194.232.542,-74.532.861.406.404
456,PUNO / MELGAR / AYAVIRI / AYAVIRI,AYAVIRI,"JR. SANTA ROSA PROLONGACIÓN S/N MAGISTERIAL - PUNO - MELGAR - AYAVIRI, REF. A 50 METROS DEL ÓVALO, SALIDA A JULIACA",MELGAR,PUNO,(01) 500 7878,-14.886.554,-70.598.362
457,LIMA / LIMA / SAN MARTIN DE PORRES / AV. DOMINICOS CDRA 14,AV. DOMINICOS CDRA 14,"AV. LOS DOMINICOS 1460 - URB. LOS CIPRESES MZ. Z LT. 4 - SAN MARTÍN DE PORRES, REF. A UNA CDRA. DEL CRUCE CON AV. SANTA ROSA AL LADO DEL MERCADO LOS CIPRESES",LIMA,LIMA,(01) 500 7878,-12.000.236.699.984.300,-7.710.181.607.059.470
459,LIMA / LIMA / SAN BORJA / AV. ANGAMOS,AV. ANGAMOS,AV. ANGAMOS ESTE 2521 (EX AV. PRIMAVERA) - CONJUNTO HABITACIONAL LIMATAMBO -  SAN BORJA. REF. CERCA AL CRUCE DE AV. ANGAMOS ESTE CON AV. PRINCIPAL,LIMA,LIMA,(01) 500 7878,-12.111.695.444.371,-77.004.615.170.566
460,LORETO / MAYNAS / IQUITOS / IQUITOS CO JR. PABLO ROSSELL,IQUITOS CO JR. PABLO ROSSELL,"JR. PABLO ROSSELL 590 CON NANAY, REF. CRUCE CON AV. NANAY FRENTE AL INSTITUTO CEPRO AMÉRICA COMPUTER",MAYNAS,LORETO,(01) 500 7878,-37.421.506.375.217,-7.324.346.254.642
461,JUNIN / SATIPO / PANGOA / PANGOA,PANGOA,"AV. MARGINAL S/N NÚMERO VILLA CHAVINI PANGOA - SATIPO - JUNÍN, REF. AL COSTADO DE LA TIENDA HONDA INVERSIONES ARAUCO SAN MARTÍN DE PANGOA",SATIPO,JUNIN,(01) 500 7878,-11.419.797.368.222,-74.489.787.911.117
462,LIMA / LIMA / SAN MARTIN DE PORRES / AV JOSE GRANDA CDRA. 25,AV JOSE GRANDA CDRA. 25,"AV. JOSE GRANDA 2546 - SAN MARTIN DE PORRES  -LIMA - LIMA, REF. A UNA CDRA. DEL ÓVALO JOSE GRANDA Y AV. UNIVERSITARIA",LIMA,LIMA,(01) 500 7878,-12.026.653.935.000.500,-7.707.307.865.890.110
463,TUMBES / TUMBES / CORRALES / CORRALES,CORRALES,"AV. HUÁSCAR Nº 311 INT. 01 CENTRO, CORRALES - TUMBES, REF. A ESPALDAS DE LA PLAZA DE ARMAS",TUMBES,TUMBES,(01) 500 7878,-3.602.026.086.071,-80.480.083.521.582
464,CALLAO / CALLAO / VENTANILLA / PACHACUTEC PDRO CHINITAS,PACHACUTEC PDRO CHINITAS,"AV. 225 MZ. H SUB LT. T. 11 - ASOC  PROY. ESP. CIUDAD PACHACUTEC, REF. A 1 CDRA. DEL CRUCE CON AV. LOS PROYECTISTAS, VENTANILLA - LIMA - LIMA",CALLAO,CALLAO,(01) 500 7878,-11.841.691.881.151,-77.137.115.856.604
465,LIMA / LIMA / CARABAYLLO / AV JOSE SACO ROJAS,AV JOSE SACO ROJAS,"AV. JOSÉ SACO ROJAS MZ. A LT. 15 PROGRAMA DE VIVIENDA EL PINO, SAN ANTONIO - CARABAYLLO, REF. FRENTE AL CHIFA HONG FU Y A 3 CUADRAS DEL GRAN MERCADO EL PINO",LIMA,LIMA,(01) 500 7878,-11.858.131.810.981.800,-7.704.414.250.346.560
466,LIMA / LIMA / LOS OLIVOS / AV. LOS PLATINOS,AV. LOS PLATINOS,"AV. LOS PLATINOS N°. 259, MZ. A - LT. 17, URB. LOTIZACIÓN INDUSTRIAL INFANTAS LOS OLIVOS - LIMA, REF. A DOS CDRAS. Y MEDIA DE LA AV. ALFREDO MENDIOLA Y/O PANAMERICANA NORTE (ALTURA DEL PARADERO CASETA)",LIMA,LIMA,(01) 500 7878,-11.970.038.188.057.000,-7.706.456.792.944.480
468,AMAZONAS / LUYA / LUYA / LUYA,LUYA,"JR. RAMÓN CASTILLA S/N, LUYA - AMAZONAS, REF. ENTRE EL COLEGIO SECUNDARIO RAMÓN CASTILLA Y EL JR. JOSÉ GÁLVEZ, A MEDIA CDRA. DEL AGENTE DE VENTA DE PASAJES DE CIVA, MÓVIL Y TRANSPORTE CHICLAYO",LUYA,AMAZONAS,(01) 500 7878,-6.159.612.028.355,-77.944.719.801.561
469,LIMA / LIMA / LURIGANCHO / SANTA MARÍA DE HUACHIPA,SANTA MARÍA DE HUACHIPA,"AV. CIRCUNVALACIÓN MZ. A LT. 1 - D C - P SANTA MARÍA DE HUACHIPA - LURIGANCHO - CHOSICA, REF. ENTRE LA AV. CIRCUNVALACIÓN Y LA AV. HUACHIPA",LIMA,LIMA,(01) 500 7878,-12.016.439.072.071.600,-7.691.240.974.118.330
470,PIURA / SULLANA / IGNACIO ESCUDERO / IGNACIO ESCUDERO,IGNACIO ESCUDERO,"AV. PANAMERICANA CALLE 26 LOTE 3, IGNACIO ESCUDERO - SULLANA - PIURA, REF. FRENTE A LA INSTITUCIÓN EDUCATIVA IGNACIO ESCUDERO",SULLANA,PIURA,(01) 500 7878,-48.464.431.521.603,-80.873.376.309.797
471,HUANUCO / HUANUCO / AMARILIS / AMARILIS CO,AMARILIS CO,"JR. LOS PINOS LOTE 3 -D2 URB LOS PINOS - AMARILIS - HUÁNUCO, REF. A LA ESPALDA DE TOYOTA HUÁNUCO",HUANUCO,HUANUCO,(01) 500 7878,-99.139.073.583.669,-76.233.213.644.157
472,ICA / PISCO / PISCO / LA VILLA  CRUCE PISCO,LA VILLA  CRUCE PISCO,"C. P. OBLACION VILLA LOS ANGELES MZ.A LT 13 B LA VILLA PISCO-PISCO-ICA, REF. A 100 METROS CON DIRECCIÓN AL SUR DEDL CRUCE PANAMERICANA ANTIGUA C/N AV. FERMÍN TANGÜIS",PISCO,ICA,(01) 500 7878,-13.714.378,-76.153.788
473,LIMA / HUAROCHIRI / SAN ANTONIO / JICAMARCA,JICAMARCA,"AV. SINCHI ROCA MZ. P LT. 16A P lote 16A, AAHH LAS PRADERAS DE JICAMARCA – SECTOR EL CERCADO – ANEXO 22 JICAMARCA – HUAROCHIRI, REF. CERCA AL ARCO PORTON DE JICAMARCA",HUAROCHIRI,LIMA,(01) 500 7878,-11.931.112.343.934.600,-7.696.588.399.999.960
474,ANCASH / SANTA / CHIMBOTE / AV. LOS PESCADORES CO,AV. LOS PESCADORES CO,"PAR. PARCELA N° 16757 - E SECTOR LA PERLA TRES CABEZAS - ANCASH, REF. FRENTE AL ESTADIO CENTENARIO",SANTA,ANCASH,(01) 500 7878,-90.982.171.678.222,-78.558.546.562.114
475,LIMA / LIMA / ATE-VITARTE / AV EL SOL,AV EL SOL,"AV. EL SOL MZ. S LT. 2 ZONA 03 - ASOC. PARQUE INDUSTRIAL EL ASESOR, SECTOR 010 ZONA 03 - ATE, REF. A UNA CUADRA Y MEDIA DE LA CARRETERA CENTRAL",LIMA,LIMA,(01) 500 7878,-12.038.365.169.091.500,-7.693.396.781.379.990
476,LIMA / LIMA / BRENA / JR. HUARAZ -  BREÑA,JR. HUARAZ -  BREÑA,"JR. HUARAZ 1633, BREÑA -LIMA, REF. EN MEDIO DEL CRUCE DE JR. GRAL ORBEGOSO Y JR. CENTENARIO CON JR. HUARAZ",LIMA,LIMA,(01) 500 7878,-12.065.815.746.489.500,-7.704.986.305.455.080
477,LAMBAYEQUE / CHICLAYO / PIMENTEL / PIMENTEL,PIMENTEL,"CALLE MIGUEL GRAU MZ B LOTE 3 - PIMENTEL - CHICLAYO - LAMBAYEQUE, REF. AL COSTADO DE LA COMISARIA DE PIMENTEL",CHICLAYO,LAMBAYEQUE,(01) 500 7878,-68.347.500.905.235,-79.935.907.463.187
479,AREQUIPA / AREQUIPA / LA JOYA / EL CRUCE LA JOYA,EL CRUCE LA JOYA,"LATERAL 12 C LT. 32, EL CRUCE LA JOYA - AREQUIPA, REF. AL COSTADO DEL GRIFO PRIMAX DE LA JOYA",AREQUIPA,AREQUIPA,(01) 500 7878,-16.492.806.242.963,-71.847.805.600.027
494,LAMBAYEQUE / LAMBAYEQUE / MORROPE / MORROPE,MORROPE,"CALLE TAHUANTINSUYO N° 821, MORROPE - LAMBAYEQUE, REF. FRENTE AL PARQUE INFANTIL DE MORROPE",LAMBAYEQUE,LAMBAYEQUE,(01) 500 7878,-6.543.444.405.424.580,-8.001.232.827.124.000
495,LIMA / LIMA / SANTA ANITA / AV  SANTA ROSA - STA ANITA,AV  SANTA ROSA - STA ANITA,"AV. SANTA ROSA #147 – URB. SANTA ANITA MZ. B1 LT. 08 UNIDAD INMOBILIARIA N° 1 - SANTA ANITA - LIMA, REF. A UNA CDRA. DE LA CARRETERA CENTRAL",LIMA,LIMA,(01) 500 7878,-1.205.226.684.612.810,-7.696.148.503.819.880
496,ICA / PISCO / SAN CLEMENTE / SAN CLEMENTE,SAN CLEMENTE,"AV. LOS LIBERTADORES GRUPO NÚMERO 1 MZ,91 LOTE 7ª SAN CLEMENTE - PISCO - ICA, REF. LIBERTADORES SEXTA CUADRA,FRENTE DEL GRIFO SANTA ROSA",PISCO,ICA,(01) 500 7878,-13.680.502.366.805,-76.151.887.445.621
497,LORETO / MAYNAS / IQUITOS SAN JUAN BAUTISTA / AV PARTICIPACION PARCELA,AV PARTICIPACION PARCELA,"AV. PARTICIPACIÓN PARCELA 9-A SAN JUAN BAUTISTA - MAYNAS - LORETO, REF. FRENTE AL LAVADERO OSITO Y A MEDIA CDRA. DEL PARQUE 1 DE ENERO",MAYNAS,LORETO,(01) 500 7878,-37.793.125.277.868,-7.327.991.317.086
498,CALLAO / CALLAO / LA PERLA / OVALO LA PERLA,OVALO LA PERLA,"AV. LA MARINA 530, URB. BENJAMIN DOIGG LOSSIO, LA PERLA, CALLAO, REF. A 3 CUADRAS DEL ÓVALO DE LA PERLA",CALLAO,CALLAO,(01) 500 7878,-12.068.000.755.732.900,-7.711.576.445.275.210
499,LIMA / LIMA / PUENTE PIEDRA / AV. SAN LORENZO,AV. SAN LORENZO,"AV. SAN LORENZO MZ C LT 20 - ADP VIRGEN DE COPACABANA, PUENTE PIEDRA - LIMA. REF, A MEDIA CUADRA DEL PARQUE VIRGEN DE COPACABANA  ",LIMA,LIMA,(01) 500 7878,-11.856.723.599.999.900,-7.706.764.117.055.220
500,LIMA / LIMA / JESUS MARIA / REAL PLAZA SALAVERRY,REAL PLAZA SALAVERRY,"CENTRO COMERCIAL REAL PLAZA SALAVERRY, AV. GRAL. SALAVERRY 2370, JESÚS MARÍA 15076, REF. FRENTE A LA ESCUELA DE POSTGRADO UTP",LIMA,LIMA,(01) 500 7878,-12.089.813.084.346.300,-7.705.264.319.872.400
501,SAN MARTIN / SAN MARTIN / TARAPOTO / JR. TAHUANTINSUYO,JR. TAHUANTINSUYO,"JR. TAHUANTINSUYO N° 158 - TARAPOTO - SAN MARTÍN, REF. AL COSTADO DEL GRIFO SAN MARTÍN",SAN MARTIN,SAN MARTIN,(01) 500 7878,-6.489.609.616.265,-76.363.556.270.566
502,LAMBAYEQUE / CHICLAYO / JOSE LEONARDO ORTIZ  / AV  BALTA CDRA. 36,AV  BALTA CDRA. 36,"AV. JOSE BALTA N° 3653 C.P.M. PRIMERO DE MAYO JOSE LEONARDO ORTIZ -CHICLAYO -LAMBAYEQUE, REF. ENTRE LA AV. BALTA Y NÉSTOR BARSALLO / A 2 CUADRAS DE LA AV. CHICLAYO",CHICLAYO,LAMBAYEQUE,(01) 500 7878,-67.475.994.398.994,-79.836.109.469.451
503,AREQUIPA / AREQUIPA / CERRO COLORADO / ZAMACOLA,ZAMACOLA,"CALLE YAVARÍ 507 B - ZAMACOLA - CERRO COLORADO – AREQUIPA, REF. A UNA CUADRA DE LA POSTA DE ZAMACOLA (MARCISA CAMPOS)",AREQUIPA,AREQUIPA,(01) 500 7878,-1.635.166.707.504,-71.560.805.179.972
504,AREQUIPA / AREQUIPA / CAYMA / AV CHARCANI,AV CHARCANI,"AV. CHARCANI 401 ASOC. JOSE OLAYA, REF. FRENTE AL COLEGIO MENDEL",AREQUIPA,AREQUIPA,(01) 500 7878,-16.339.917.952.103,-71.540.474.523.392
505,AREQUIPA / AREQUIPA / CERRO COLORADO / AV LOS INCAS,AV LOS INCAS,"AV. LOS INCAS N° 604 SEMIRURAL PACHACUTEC – CERRO COLORADO - AREQUIPA, REF. ESQUINA CON CALLE SAN MARTIN SEMIRURAL PACHACUTEC",AREQUIPA,AREQUIPA,(01) 500 7878,-16.392.024.899.212,-71.570.138.064.496
506,PUNO / AZANGARO / AZANGARO / AZANGARO,AZANGARO,"AV. PRÓCERES S/N, AZÁNGARO - PUNO, REF. A DOS CDRAS. DEL PARQUE DE LA MADRE / A ORILLAS DE LA MISMA AV. PROCERES",AZANGARO,PUNO,(01) 500 7878,-14.917.112.408.676,-70.198.471.956.773
507,LIMA / LIMA / SAN MARTIN DE PORRES / AV. CANTA CALLAO CON IZAGUIRRE,AV. CANTA CALLAO CON IZAGUIRRE,"AV. CANTA CALLAO MZ. A LT. 3 ASOC. BRISAS SANTA ROSA 1RA ETAPA, REF. A MEDIA CDRA. DEL COLEGIO AMISTAD Y/O A CUATRO CDRAS. DE LA AV. CARLOS IZAGUIRRE",LIMA,LIMA,(01) 500 7878,-11.985.684.244.067,-77.102.068.570.552
508,AREQUIPA / AREQUIPA / ALTO SELVA ALEGRE / AV AUGUSTO SALAZAR BONDY,AV AUGUSTO SALAZAR BONDY,"AUGUSTO SALAZAR BONDY MZ J LT 4 ALTO SELVA ALEGRE - AREQUIPA, REF.  A MEDIA CDRA. DE LA IGLESIA GUADALUPE",AREQUIPA,AREQUIPA,(01) 500 7878,-16.380.360.193.926,-71.525.778.403.804
509,SAN MARTIN / SAN MARTIN / TARAPOTO / JR. RAMÓN CASTILLA,JR. RAMÓN CASTILLA,"JR. RAMON CASTILLA N°1362 TARAPOTO - SAN MARTIN, REF. A MEDIA CDRA. DE MANNUCCI MOTOR S.A.",SAN MARTIN,SAN MARTIN,(01) 500 7878,-64.959.447.897.907,-76.372.085.319.981
510,CUSCO / CUSCO / SAN SEBASTIAN / CACHIMAYO - SAN SEBASTIAN,CACHIMAYO - SAN SEBASTIAN,"URB. CACHIMAYO A-37 AV. LA CULTURA – SAN SEBASTIAN – CUSCO, REF. ENTRE PARADERO ENACO Y PARQUE CACHIMAYO, A 2 CUADRA DE LA UNIVERSIDAD ANDINA.",CUSCO,CUSCO,(01) 500 7878,-13.534.609.281.872,-71.910.668.384.545
511,CUSCO / CANCHIS / COMBAPATA / COMBAPATA,COMBAPATA,"AV. SEÑOR DE HUANCA S/N - COMBAPATA - CANCHIS - CUSCO, REF. AL COSTADO DEL GRIFO SEÑOR DE QOYLLURITI - A ORILLAS DE LA MISMA CARRETERA A SICUANI",CANCHIS,CUSCO,(01) 500 7878,-14.102.278.291.534,-71.427.169.751.185
512,LA LIBERTAD / VIRU / VIRU / VIRU CENTRO,VIRU CENTRO,"CALLE PUNO N° 125 - MZ. 32 LT. 7A - VIRÚ - LA LIBERTAD, REF. A MEDIA CDRA. DEL CRUCE DE LA AV. VIRU CON LA CALLE JORGE CHAVEZ / A MEDIA CDRA. DE LA PLAZUELA MARIA PARADO DE BELLIDO",VIRU,LA LIBERTAD,(01) 500 7878,-84.153.338.853.584,-7.875.430.648.376
513,PUNO / SAN ROMAN / JULIACA / AV. LAMPA,AV. LAMPA,"AV. LAMPA MZ. B2 LT. 3 URB. SANTA ADRIANA, JULIACA - SAN ROMÁN - PUNO, REF. A MEDIA CDRA. DE LA POSTA DE SALUD DE LA URB. SANTA ADRIANA",SAN ROMAN,PUNO,(01) 500 7878,-15.483.557.842.074,-7.015.544.291.753
514,PIURA / PIURA / 26 DE OCTUBRE / AV. GULLMAN,AV. GULLMAN,"A.A.H.H. CONSUELO DE VELASCO 1 ETAPA SECTOR B MZ LT.18  26 DE OCTUBRE – PIURA, REF. CRUCE AV. CIRCUNVALACIÓN CON AV. GULLMAN AL COSTADO DE LA FERRETERIA LOS REYES",PIURA,PIURA,(01) 500 7878,-51.979.627.644.128,-80.642.655.599.997
515,MOQUEGUA / ILO / PACOCHA / ILO PACOCHA,ILO PACOCHA,"AGRUPACIÓN DE FAMILIAS PUEBLO NUEVO M.Z E2 LT. COM2A SECT. II – ILO - MOQUEGUA, REF. AL COSTADO DEL BANCO BCP",ILO,MOQUEGUA,(01) 500 7878,-17.614.692.860.029,-71.338.305.548.056
516,MADRE DE DIOS / TAMBOPATA / TAMBOPATA / AV 15 DE AGOSTO,AV 15 DE AGOSTO,"AV. 15 DE AGOSTO N° 529, TAMBOPATA - TAMBOPATA - MADRE DE DIOS, REF. A ESPALDAS DEL COLEGIO CARLOS FERMIN FITZCARRALD / CRUCE CON JR. ICA",TAMBOPATA,MADRE DE DIOS,(01) 500 7878,-12.590.861.310.162,-69.189.889.605.433
517,CUSCO / CUSCO / SAN SEBASTIAN / VIA EXPRESA SUR,VIA EXPRESA SUR,"URB. TUPAC AMARU B-1-2 SAN SEBASTIAN – CUSCO, REF. TERMINANDO LA VIA EXPRESA ZONA SUR",CUSCO,CUSCO,(01) 500 7878,-13.539.137.908.489,-71.906.443.678.608
519,LIMA / HUAURA / SAYAN / SAYAN,SAYAN,"CALLE NARANJO N° 211.SAYAN - HUAURA - LIMA, REF. A MEDIA CDRA. DE LA PLAZA DE ARMAS Y DE LA MUNICIPALIDAD ",HUAURA,LIMA,(01) 500 7878,-11.135.195.879.940.500,-7.719.272.381.237.350
520,CUSCO / QUISPICANCHI / URCOS / URCOS,URCOS,"MAYUPATA S/N PAUCARBAMBA, URCOS - QUISPICANCHI - CUSCO REFERENCIA: AL FRENDE DEL ESTADIO MUNICIPAL DE URCOS / AL FRENTE DEL TERMINAL TERRESTRE DE URCOS",QUISPICANCHI,CUSCO,(01) 500 7878,-13.683.279.585.148,-71.623.473.408.855
521,CUSCO / CALCA / PISAC / PISAC,PISAC,"AV VILCANOTA S/N, PISAC - CALCA - CUSCO, REF. A MEDIA CDRA. DEL PUENTE DE PISAC / CARRETERA A TARAY",CALCA,CUSCO,(01) 500 7878,-13.423.507.817.134,-7.185.281.378.755
522,LIMA / LIMA / CIENEGUILLA / CIENEGUILLA KM. 14.5,CIENEGUILLA KM. 14.5,"AV. ARTERIAL HUAROCHIRI D MZ. B LT. 19, ASOC. DE VIVIENDAS LAS CUMBRES DE CIENEGUILLA, LIMA, REF. AL COSTADO DE LA TIENDA MASS",LIMA,LIMA,(01) 500 7878,-12.089.303.982.280.700,-7.685.365.371.221.060
524,LA LIBERTAD / TRUJILLO / TRUJILLO / CALLE SANTA CRUZ - AMERICA SUR,CALLE SANTA CRUZ - AMERICA SUR,"CALLE SANTA CRUZ N° 389 CHICAGO - TRUJILLO - LA LIBERTAD, REF. A MEDIA CDRA. DE LA AV. AMERICA SUR/A MEDIA CUADRA DEL ESTADIO CHAN CHAN.",TRUJILLO,LA LIBERTAD,(01) 500 7878,-81.169.719.966.571,-79.017.168.118.756
529,LA LIBERTAD / PACASMAYO / PACASMAYO / PACASMAYO CENTRO,PACASMAYO CENTRO,"AV. GONZALO UGAZ SALCEDO S/N - PACASMAYO - LA LIBERTAD, REF. AL COSTADO DEL ESTADIO MUNICIPAL DE PACASMAYO / A MEDIA CDRA. DEL SUPERMERCADO TOTTUS",PACASMAYO,LA LIBERTAD,(01) 500 7878,-73.998.619.490.134,-79.566.583.624.171
530,LIMA / LIMA / LURIN / PUENTE LURIN,PUENTE LURIN,"ANTIGUA PANAMERICANA SUR, LOTE 2, MZ. B, PRIMER PISO LURÍN - LIMA, REF. A CDRA. Y MEDIA DEL CRUCE CON AV. SANTA CRUZ",LIMA,LIMA,(01) 500 7878,-1.225.508.377.880.020,-7.689.009.010.408.140
531,LIMA / LIMA / LA MOLINA / AV. LA MOLINA CDRA. 35,AV. LA MOLINA CDRA. 35,"AV. LA MOLINA (EXAV. LA UNIVERSIDAD) #3551 TDA -7 MZ. H SUBLOTE 1C, URB. EL SOL DE LA MOLINA I ETAPA LA MOLINA - LIMA, REF. A MEDIA CDRA. DEL CRUCE CON AV. EL SOL",LIMA,LIMA,,-12.085.763.100.386,-76.913.409.441.937
532,LIMA / LIMA / INDEPENDENCIA / MEGAPLAZA INDEPENDENCIA,MEGAPLAZA INDEPENDENCIA,CENTRO COMERCIAL MEGA PLAZA AV. ALFREDO MENDIOLA 3698 LIMA - INDEPENDENCIA. REF. PRIMER PISO DE MEGA PLAZA / AL COSTADO DEL ESTACIONAMIENTO DE BICICLETA,LIMA,LIMA,(01) 500 7878,-11.993.286.670.554.000,-7.706.326.926.907.900
533,TACNA / TACNA / TACNA / AV. ARIAS ARAGUEZ,AV. ARIAS ARAGUEZ,"CALLE ARIAS ARAGUEZ N° 836  TACNA, REF. A UNA CDRA. ANTES DE LLEGAR AL COLISEO PERÚ",TACNA,TACNA,(01) 500 7878,-18.006.778.378.004,-70.252.973.965.232
534,CUSCO / CUSCO / SANTIAGO / URB. BANCOPATA AV. INDUSTRIAL,URB. BANCOPATA AV. INDUSTRIAL,"AV. INDUSTRIAL URB. BANCOPATA J-20, SANTIAGO - CUSCO, REF. A 2 CDRAS. DEL OVALO PACHACUTEC, FRENTE A LA EMPRESA COCA COLA",CUSCO,CUSCO,(01) 500 7878,-1.353.302.993.621,-71.970.140.480.922
535,PUNO / SAN ROMAN / JULIACA / AV. MODESTO BORDA,AV. MODESTO BORDA,"AV. MODESTO BORDA MZ. A LT. 04 URB. ARRABAL DON JULIO, JULIACA - SAN ROMAN - PUNO, REF. DOS CDRAS. ANTES DEL GRIFO BLANCO / A DOS CDRAS. DEL SALON DE EVENTOS PARAISO AZUL",SAN ROMAN,PUNO,(01) 500 7878,-15.507.584.214.102,-70.108.751.042.171
536,LIMA / LIMA / CARABAYLLO / SANTO DOMINGO,SANTO DOMINGO,"AV. A MZ. L2 LT. 20 URB. SANTO DOMINGO – VI ETAPA CARABAYLLO - LIMA, REF. EN EL CRUCE DE LAS AV. CHILLON TRAPICHE Y AV. CAMINO REAL ",LIMA,LIMA,(01) 500 7878,-11.873.004.724.827.000,-770.290.837.822.141
537,LIMA / LIMA / SAN JUAN DE LURIGANCHO / AV. DEL MERCADO,AV. DEL MERCADO,"PROGRAMA CIUDAD MRCAL. CACERES, SECTOR III MZ. Q8 LT. 11 SAN JUAN DE LURIGANCHO - LIMA, REF. A MEDIA CDRA. DEL CRUCE DE AV. DEL MERCADO CON AV. AMPLIACION OESTE",LIMA,LIMA,(01) 500 7878,-1.193.887.049.947.230,-769.899.343.671.839
538,LIMA / LIMA / CARABAYLLO / EL PROGRESO KM 22,EL PROGRESO KM 22,"AV. TUPAC AMARU 3493 – P.J. EL PROGRESO (PARTE BAJA) MZ. K LT. 11B ZONA II, CARABAYLLO - LIMA, REF. A UNA CDRA. DEL CRUCE CON LA AV. MANUEL PRADO",LIMA,LIMA,(01) 500 7878,-11.872.316.361.141.700,-7.701.521.214.760.110
539,LIMA / LIMA / SAN MARTIN DE PORRES / AV. UNIVERSITARIA CDRA. 16,AV. UNIVERSITARIA CDRA. 16,"AV. UNIVERSITARIA 1619 - URB. MARIA GRACIA DE ANTARES MZ. B LT. 25 – SAN MARTIN DE PORRES - LIMA, REF. FRENTE AL PLAZA VEA DE UNIVERSITARIA CON TOMAS VALLE",LIMA,LIMA,(01) 500 7878,-12.010.046.601.589,-77.081.589.491.522
541,CUSCO / CUSCO / CUSCO / TICA TICA,TICA TICA,"ARCO TICATICA PUSTIPATA, LT. N° A - 11 - 2, CUSCO, REF. EN LA AV. PRINCIPAL A 3 CDRAS. DEL MERCADO TICA TICA",CUSCO,CUSCO,(01) 500 7878,-13.507.250.998.862,-71.998.752.093.836
542,TACNA / TACNA / CORONEL GREGORIO ALBARRACIN LANCHIPA / AV. MUNICIPAL,AV. MUNICIPAL,"ASOCIACIÓN LAS VILCAS  MZ. E LT. 16, GREGORIO ALBARRACÍN LANCHIPA - TACNA REF. FRENTE AL MERCADO HÉROES DEL CENEPA",TACNA,TACNA,(01) 500 7878,-18.033.417.923.278,-70.250.918.108.114
543,PIURA / PIURA / 26 DE OCTUBRE / AAHH SANTA ROSA PIURA,AAHH SANTA ROSA PIURA,"URB. SANTA ROSA MZ. D LT. 7, SECT. 7, 26 DE OCTUBRE - PIURA. REF. AV. RAUL MATA LA CRUZ CON CIRCUNVALACIÓN AL FRENTE DE REPUESTOS FRANK|",PIURA,PIURA,(01) 500 7878,-51.891.416.643.432,-80.665.360.286.188
544,LA LIBERTAD / PACASMAYO / SAN PEDRO DE LLOC / SAN PEDRO DE LLOC,SAN PEDRO DE LLOC,"AV. VÍA DE EVITAMIENTO N° 407, SAN PEDRO DE LLOC - PACASMAYO - LA LIBERTAD, REF. A MEDIA CDRA. DE LA CALLE LIBERTAD/ A MEDIA CDRA. DEL PARADERO DE LA VIA DE EVITAMIENTO",PACASMAYO,LA LIBERTAD,(01) 500 7878,-7.432.359.975.376,-79.500.667.425.779
545,LIMA / LIMA / LA MOLINA / AV  FLORA TRISTAN,AV  FLORA TRISTAN,"AV. FLORA TRISTÁN N° 885, URB. SANTA PATRICIA III ETAPA, LA MOLINA - LIMA, REF.  A MEDIA CDRA. DE MOLISALUD",LIMA,LIMA,(01) 500 7878,-12.064.156.609.712.500,-769.455.208.508.212
547,PUNO / PUNO / PUNO / SALCEDO,SALCEDO,"URB. AZIRUNI TEPRO I ETAPA MZ. 18 LT. 52 JR LOS ROSALES – SALCEDO PUNO, REF. A UNA CDRA. DE LA AV. ESTUDIANTE / A DOS CDRAS. DE SENATI PUNO",PUNO,PUNO,(01) 500 7878,-15.871.121.071.441,-69.996.589.930.673
548,TUMBES / TUMBES / TUMBES / PAMPA GRANDE TUMBES,PAMPA GRANDE TUMBES,"MZ. 0U LT. 00A AA.HH. PAMPA GRANDE, TUMBES, REF. FRENTE A LA AV. UNIVERSITARIA, Y AL FRENTE A LA IGLESIA MORMONES Y AL LADO DE UN LAVADERO DE AUTOS.",TUMBES,TUMBES,(01) 500 7878,-35.777.440.688.748,-80.451.575.070.302
549,LAMBAYEQUE / LAMBAYEQUE / JAYANCA / JAYANCA,JAYANCA,"CALLE DIEGO FERRE N°1321 - JAYANCA - LAMBAYEQUE, REF. AL FRENTE DEL CENTRO DE SALUD DE JAYANCA / A MEDIA CDRA. DEL GRIFO ASIA",LAMBAYEQUE,LAMBAYEQUE,(01) 500 7878,-6.384.834.348.558,-79.818.776.772.611
550,JUNIN / HUANCAYO / EL TAMBO / PIO  PATA,PIO  PATA,"AV. HUANCAVELICA 1201, EL TAMBO - HUANCAYO - JUNÍN, REF. ESQUINA CON EL JR. LA VICTORIA",HUANCAYO,JUNIN,(01) 500 7878,-12.059.666.604.967,-75.221.244.266.004
551,MOQUEGUA / MARISCAL NIETO / MOQUEGUA / QUEBRADA LAS LECHUZAS CO,QUEBRADA LAS LECHUZAS CO,"SECTOR QUEBRADA LAS LECHUZAS MOQUEGUA CALLE N°1 MZ H LT. 04, MOQUEGUA - MARISCAL NIETO - MOQUEGUA, REF. QUEBRADA DE LECHUZAS",MARISCAL NIETO,MOQUEGUA,(01) 500 7878,-17.196.494.104.692,-7.094.804.437.675
552,TUMBES / TUMBES / LA CRUZ / LA CRUZ  TUMBES,LA CRUZ  TUMBES,"JR. PIURA 105 CALETA LA CRUZ, LA CRUZ - TUMBES, REF. FRENTE A CTR. PANAMERICANA NORTE Y AL FRENTE DE MOTOREPUESTOS Y MULTISERVICIOS LUJAN",TUMBES,TUMBES,(01) 500 7878,-36.376.008.662.908,-80.586.921.583.879
553,LIMA / LIMA / SAN JUAN DE LURIGANCHO / JR CHINCHAYSUYO CDRA 4,JR CHINCHAYSUYO CDRA 4,"JR. CHINCHAYSUYO 468 ZARATE, SAN JUAN DE LURIGANCHO - LIMA, REF. A 1 CDRA. DE TIENDAS 3 A",LIMA,LIMA,(01) 500 7878,-120.235.790,-770.007.220
554,CAJAMARCA / CAJAMARCA / JESUS / HUARACLLA,HUARACLLA,"MZ. A LOTE S/N CP HUARACLLA - JESUS - CAJAMARCA, REF. A UNA CDRA. DE LA I.E. JOSÉ OLAYA BALANDRA.",CAJAMARCA,CAJAMARCA,(01) 500 7878,-72.328.604.675.508,-78.410.917.671.899
555,CAJAMARCA / CAJAMARCA / CAJAMARCA / HUAMBOCANCHA BAJA,HUAMBOCANCHA BAJA,"MZ. A LOTE S/N – BARRIO HUAMBOCANCHA BAJA – CAJAMARCA, REF. A UNA CDRA. DEL PARADERO DE LA P13/AL COSTADO DEL CAMPO DEPORTIVO EL PATRIARCA",CAJAMARCA,CAJAMARCA,(01) 500 7878,-7.118.417.325.098,-78.528.418.064.811
556,AREQUIPA / AREQUIPA / JACOBO HUNTER / JACOBO HUNTER,JACOBO HUNTER,"CALLE ARGENTINA # 405 - A, JACOBO HUNTER - AREQUIPA, REF. FRENTE AL CAJERO DE CAJA AREQUIPA Y ESQUINA CON EL BANCO CAJA AREQUIPA",AREQUIPA,AREQUIPA,(01) 500 7878,-1.643.913.925.543,-71.559.500.110.635
558,MADRE DE DIOS / TAHUAMANU / IBERIA / IBERIA,IBERIA,"AV. JORGE CHAVEZ MZ. H1 SUB LOTE 11-B, IBERIA - TAHUAMANU - MADRE DE DIOS, REF. A UNA CDRA. DE LA EMPRESA REAL DORADO / A UNA CDRA. Y MEDIA DE LA AV JOSE ALDAMIZ",TAHUAMANU,MADRE DE DIOS,(01) 500 7878,-11.406.554.280.783,-69.487.970.049.644
559,CUSCO / CHUMBIVILCAS / SANTO TOMAS / SANTO TOMAS,SANTO TOMAS,"CALLE BOLOGNESI MZ. 02 LT. 25, SANTO TOMAS - CHUMBIVILCAS - CUSCO, REF. A ESPALDAS DE LA POLLERIA PICO DORADO Y A MEDIA CDRA. DE LA AV SANTA BARBARA",CHUMBIVILCAS,CUSCO,(01) 500 7878,-14.450.639.460.425,-72.084.860.024.965
560,LA LIBERTAD / TRUJILLO / EL PORVENIR / AV. LAS MAGNOLIAS,AV. LAS MAGNOLIAS,"AV. LAS MAGNOLIAS MZ. 25 LT. 2A NUEVO PORVENIR, EL PORVENIR - TRUJILLO - LA LIBERTAD, REF. A UNA CDRA. DEL PODER JUDICIAL CISAJ SEDE EL PORVENIR",TRUJILLO,LA LIBERTAD,(01) 500 7878,-80.701.613.262.859,-79.011.612.049.897
561,LA LIBERTAD / TRUJILLO / HUANCHACO / OVALO HUANCHACO CO,OVALO HUANCHACO CO,"CARRETERA VIA DE EVITAMIENTO 576.2 HUANCHAQUITO ALTO - TRUJILLO - LA LIBERTAD, REF. A 1 CDRA. DE OVALO HUANCHACO / AL COSTADO DE CONDOMINIO LAS BRISAS",TRUJILLO,LA LIBERTAD,(01) 500 7878,-80.940.006.638.734,-79.097.945.741.105
562,LIMA / LIMA / SAN JUAN DE LURIGANCHO / AV CENTRAL SJL,AV CENTRAL SJL,"AV. CENTRAL MZ R9 LOTE 3 PROGRAMA CIUDAD MRCAL. CACERES, SECTOR II, BARRIO 3, GRUPO RESIDENCIAL R - SAN JUAN DE LURIGANCHO, REF. EN MEDIO DEL CRUCE CON LAS AV. EL MURO Y AMPLIACION ESTE",LIMA,LIMA,(01) 500 7878,-11.948.238.651.609,-7.697.919.847.596
563,LIMA / LIMA / SAN JUAN DE LURIGANCHO / AV. SANTA ROSA CRUCE AV. EL SOL,AV. SANTA ROSA CRUCE AV. EL SOL,"AV. SANTA ROSA DE LIMA MZ. D LT. 4 - AAHH 2 DE SETIEMBRE - SAN JUAN DE LURIGANCHO, REF. A TRES CDRAS. DEL CRUCE CON AV. EL SOL",LIMA,LIMA,(01) 500 7878,-1.198.966.604.407.680,-7.699.894.440.000.020
564,ANCASH / SANTA / NUEVO CHIMBOTE / GARATEA,GARATEA,"URB. NICOLAS GARATEA MZ. 100 LT. 24 - NUEVO CHIMBOTE - SANTA - ANCASH, REF. FRENTE AL PARADERO AUTOS N.- GARATEA",SANTA,ANCASH,(01) 500 7878,-91.184.982.806.451,-78.506.110.723.207
565,ICA / ICA / PARCONA / PARCONA,PARCONA,"CP. DE PARCONA -CERCADO (PRIMERA ETAPA) MZ. B LOTE 16 PARCONA - ICA, REF. AV. 18 DE FEBRERO Y CRUCE DE AV. NATIVIDAD PACO",ICA,ICA,(01) 500 7878,-140.474.001.492,-75.708.398.960.386
566,SAN MARTIN / TOCACHE / TOCACHE / JR  FREDY ALIAGA CO,JR  FREDY ALIAGA CO,"JR. FREDY ALIAGA N°3046 -TOCACHE - TOCACHE - SAN MARTIN, REF. AL COSTADO DEL RECREO CAMPESTRE ESTRAGOS",TOCACHE,SAN MARTIN,(01) 500 7878,-81.900.825.478.844,-76.535.472.388.443
567,AREQUIPA / AREQUIPA / CERRO COLORADO / AUTOPISTA LA JOYA,AUTOPISTA LA JOYA,"ASOC. URBANIZADORA PERUARBO SECTOR PERU ZONA I MZ. B4 LT. 4 - AUTOPISTA LA JOYA - AREQUIPA, REF. AUTOPISTA AREQUIPA - LA JOYA, A DOS CDRAS. DEL SAUNA CANDAMO",AREQUIPA,AREQUIPA,(01) 500 7878,-16.346.111.743.448,-716.060.278
568,ANCASH / SANTA / NUEVO CHIMBOTE / AV. PACÍFICO BELEN,AV. PACÍFICO BELEN,"AA.HH. BELEN MZ O LT 28 - NUEVO CHIMBOTE - SANTA - ANCASH, REF. FRENTE AL GRIFO DOXA",SANTA,ANCASH,(01) 500 7878,-91.329.718.245.368,-78.509.082.613.845
569,AREQUIPA / AREQUIPA / PAUCARPATA / AV JESUS,AV JESUS,"AV. JESÚS N° 1100 PAUCARPATA – AREQUIPA, REF. CON ESQUINA ARTURO VILLEGAS N° 101.",AREQUIPA,AREQUIPA,(01) 500 7878,-16.414.803.670.337,-71.508.945.070.551
570,AREQUIPA / AREQUIPA / YURA / YURA,YURA,"MZ. O LT. 4 ZNA 2 CIUDAD DE DIOS - YURA - AREQUIPA, REF. CARRETERA YURA",AREQUIPA,AREQUIPA,(01) 500 7878,-16.306.749.604.497,-71.615.276.458.895
572,AREQUIPA / AREQUIPA / SOCABAYA / AV. HORACIO ZEVALLOS,AV. HORACIO ZEVALLOS,"ASENTAMIENTO URBANO MUNICIPAL HORACIO ZEBALLOS GAMEZ SECTOR E MZ. 1 LT. 18 SOCABAYA - AREQUIPA, REF. AL COSTADO DEL COLEGIO JOULE Y/O 2 CDRAS. DEL PENAL DE SOCABAYA",AREQUIPA,AREQUIPA,(01) 500 7878,-164.853.889,-71.501.417.370.552
573,SAN MARTIN / TOCACHE / UCHIZA / UCHIZA,UCHIZA,"AV. LEONCIO PRADO N°524 - UCHIZA - TOCACHE - SAN MARTIN, REF. A MEDIA CDRA. DE LA PLAZA CENTRAL / FRENTE A COOPACT",TOCACHE,SAN MARTIN,(01) 500 7878,-84.599.452.725.746,-76.462.081.959.446
574,LA LIBERTAD / TRUJILLO / EL PORVENIR / JR. CAHUIDE,JR. CAHUIDE,"JR. CAHUIDE N° 342 AA.HH LA MERCED - EL PORVENIR - TRUJILLO - LA LIBERTAD, REF. A UNA CDRA. DEL ARCO DEL PORVENIR / A UNA CDRA. DE LA PARROQUIA EL BUEN PASTOR",TRUJILLO,LA LIBERTAD,(01) 500 7878,-80.861.170.633.811,-79.004.310.200.334
575,AREQUIPA / AREQUIPA / CERRO COLORADO / ASOC. NUEVO HORIZONTE - AV. 54,ASOC. NUEVO HORIZONTE - AV. 54,"NUEVO HORIZONTE MZ.H LOTE 12 - CERRO COLORADO - AREQUIPA, REF. CON AV.54 A CUATRO CDRAS. DE INKAFARMA",AREQUIPA,AREQUIPA,(01) 500 7878,-16.327.308.817.549,-715.541.667
576,LIMA / LIMA / PUENTE PIEDRA / OVALO PUENTE PIEDRA ,OVALO PUENTE PIEDRA ,"AV. MIGUEL GRAUÂ MZ. A LT. 07 Y 08 URB. SAN MARTIN DE PORRES, CERCADO PUENTE PIEDRA - LIMA, REF. ESPALDAS DE TOTTUS DE PUENTE PIEDRA",LIMA,LIMA,,-118.690.911.986.368,-770.736.756.180.273
577,LIMA / LIMA / LOS OLIVOS / AV HUANDOY CON AV CENTRAL,AV HUANDOY CON AV CENTRAL,"AV. HUANDOY MZA. 72 LTE. 54 P.J. P.M.V. “CONFRATERNIDAD” - AAHH. ENRIQUE MILLA OCHOA LOS OLIVOS - LIMA, REF. A UNA CDRA. DEL CRUCE CON AV. CENTRAL",LIMA,LIMA,(01) 500 7878,-11.957.822.256.000.800,-7.707.594.487.055.070
578,LIMA / LIMA / SANTIAGO DE SURCO / AV TOMAS MARSANO - LA BOLICHERA,AV TOMAS MARSANO - LA BOLICHERA,"AV. SANTIAGO DE SURCO Nº 4348, URBANIZACIÓN LA VIRREYNA, SANTIAGO DE SURCO - LIMA, REF. AL LADO DE INTECI SEDE SURCO",LIMA,LIMA,(01) 500 7878,-1.214.075.536.666.270,-7.699.291.252.944.770
579,LIMA / LIMA / LINCE / JR CASANOVA CON PETIT THOUARS,JR CASANOVA CON PETIT THOUARS,"JR. DOMINGO CASANOVA N°318 LINCE - LIMA, REF. CRUCE CON PETIT THOUARS",LIMA,LIMA,(01) 500 7878,-12.089.639.700.017,-77.032.406.270.598
580,LIMA / LIMA / PACHACAMAC / MANCHAY TRES MARIAS,MANCHAY TRES MARIAS,"AV. VICTOR MALASQUEZ MZ. B11 SUB-LOTE 06-A - AAHH CENTRO POBLADO RURAL LOS HUERTOS DE MANCHAY SECTOR B PACHACAMAC - LIMA, REF.  A MEDIA CDRA. DEL PARADERO ",LIMA,LIMA,(01) 500 7878,-12.114.362.937.395.400,-7.687.350.734.288.510
581,CAJAMARCA / CONTUMAZA / YONAN / TEMBLADERA  CAJAMARCA,TEMBLADERA  CAJAMARCA,"JR. BOLOGNESI S/N – TEMBLADERA - YONAN - CONTUMAZÁ - CAJAMARCA, REF. AL FRENTE DEL PARQUE VÍCTOR RAÚL HAYA DE LA TORRE",CONTUMAZA,CAJAMARCA,(01) 500 7878,-72.525.846.006.918,-79.132.860.979.091
582,AREQUIPA / CARAVELI / CHALA / CHALA,CHALA,AV. EMANCIPACION NRO. S/N MZ. 78 LT. 10. REF. A MEDIA CDRA. DEL PARQUE DEL NIÑO CHALINO,CARAVELI,AREQUIPA,(01) 500 7878,-15.849.445.506.231,-7.425.530.717.556
583,CALLAO / CALLAO / CALLAO / AV BERTELLO CALLAO,AV BERTELLO CALLAO,"AV. ALEJANDRO BERTELLO BOLLATI MZ. B LT. 20 Y 21 – URB. PROGRESIVA BAHÍA BLANCA – CALLAO - CALLAO - CALLAO, REF. FRENTE AL MERCADO COSTA AZUL",CALLAO,CALLAO,(01) 500 7878,-11.985.684.611.868.900,-7.711.583.789.999.890
584,LIMA / CAÑETE / NUEVO IMPERIAL / NUEVO IMPERIAL CO,NUEVO IMPERIAL CO,"FUNDO SANTA ADELA, MZ. A, LOTES 8 Y 9 – CARRETERA CAÑETE A YAUYOS NUEVO IMPERIAL - CAÑETE - LIMA, REF. AL COSTADO DEL RESTAURANT LA RUTA BRAVA",CAÑETE,LIMA,(01) 500 7878,-13.071.831.653.175.800,-7.633.534.999.999.450
585,JUNIN / HUANCAYO / PILCOMAYO / PILCOMAYO,PILCOMAYO,"PLAZA INDEPENDENCIA 131, PILCOMAYO - HUANCAYO - JUNÍN, REF. PLAZA PRINCIPAL DE PILCOMAYO",HUANCAYO,JUNIN,(01) 500 7878,-12.054.989.295.684,-75.254.161.844.677
586,LIMA / LIMA / PACHACAMAC / AV MANUEL VALLE,AV MANUEL VALLE,"AV. MANUEL VALLE SUB - LOTE 2 - 1, NÚMERO DE PARCELA J, PROYECTO HUERTOS DE PACHACAMAC, VALLE LURÍN - PACHACAMAC - LIMA, REF. FRENTE AL ESTUDIO DE CANAL 4 (AMERICA TELEVISIÓN)",LIMA,LIMA,(01) 500 7878,-12.232.514.555.328.400,-7.686.432.399.999.710
587,LIMA / LIMA / PUEBLO LIBRE / AV  BOLIVAR ,AV  BOLIVAR ,"AV. BOLIVAR 1097, PUEBLO LIBRE - LIMA, REF. A MEDIA CDRA. DEL CRUCE AV. GRAL. JOSÉ MARÍA EGUSQUIZA",LIMA,LIMA,(01) 500 7878,-12.072.414.855.721.500,-7.706.500.307.055.020
588,LIMA / LIMA / INDEPENDENCIA / CALLE A  CON AV INDUSTRIAL,CALLE A  CON AV INDUSTRIAL,"CALLE A, MZ. D LT. 26 URBANIZACIÓN PANAMERICANA (PRIMER PISO) INDEPENDENCIA - LIMA - LIMA, REF. A 1 CDRA. DEL CRUCE CON AV. INDUSTRIAL (LATERAL DE MEGAPLAZA)",LIMA,LIMA,(01) 500 7878,-11.992.650.999.981.800,-7.706.030.747.047.940
589,LIMA / LIMA / SAN JUAN DE MIRAFLORES / AV  SAN JUAN PAMPLONA ALTA,AV  SAN JUAN PAMPLONA ALTA,"AV. SAN JUAN MZ. 24 LT. 1, SECT. NUEVO HORIZONTE, PP. JJ PAMPLONA ALTA - SAN JUAN DE MIRAFLORES, REF. A 3 CDRAS. DEL CRUCE CON AV. SALVADOR ALLENDE",LIMA,LIMA,,-121.462.220.555.428,-769.669.646
590,JUNIN / HUANCAYO / EL TAMBO / AV CIRCUNVALACIÓN CRUCE CON MARIATEGUI,AV CIRCUNVALACIÓN CRUCE CON MARIATEGUI,"AV. CIRCUNVALACIÓN 480 T-1, EL TAMBO - HUANCAYO - JUNIN, REF. ESQUINA CON PROLONGACIÓN MARIATEGUI",HUANCAYO,JUNIN,(01) 500 7878,-12.049.266.655.779,-75.210.464.658.895
591,LIMA / LIMA / LINCE / AV JOSE LEAL CDRA 6 ,AV JOSE LEAL CDRA 6 ,"AV. CORONEL JOSÉ LEAL 648, URB. FUNDO LOBATÓN, LINCE - LINCE, REF. PARALELA A LA CDRA. 6 DE LA AV. CANEVARO",LIMA,LIMA,(01) 500 7878,-12.085.366.655.704.400,-7.704.022.637.039.470
592,CAJAMARCA / SAN MIGUEL / SAN MIGUEL / SAN MIGUEL CAJAMARCA,SAN MIGUEL CAJAMARCA,"JR. BOLOGNESI N° 717 – SAN MIGUEL – CAJAMARCA - CAJAMARCA, REF. AL COSTADO DEL COLISEO Y EL PARADERO DE LLAPA Y COCHÁN.",SAN MIGUEL,CAJAMARCA,(01) 500 7878,-70.007.791.311.052,-78.849.751.341.107
593,CAJAMARCA / SAN PABLO / SAN PABLO / SAN PABLO  CAJAMARCA,SAN PABLO  CAJAMARCA,"JR. TNT. LORENZO IGLESIA N° 910 - SAN PABLO – CAJAMARCA - CAJAMARCA, REF. A MEDIA CDRA. DEL HOSPITAL SAN PABLO",SAN PABLO,CAJAMARCA,(01) 500 7878,-71.151.079.999.997,-78.823.372.000.001
594,LORETO / MAYNAS / IQUITOS SAN JUAN BAUTISTA / AV JOSE A. QUIÑONES,AV JOSE A. QUIÑONES,"AV. JOSÉ ABELARDO QUIÑONES # 2475 SAN JUAN BAUTISTA - MAYNAS - LORETO, REF. FRENTE A LA UNIVERSIDAD CIENTÍFICA DEL PERÚ (UCP)",MAYNAS,LORETO,(01) 500 7878,-37.704.160.308.984,-73.281.970.858.895
595,AYACUCHO / HUAMANGA / CARMEN ALTO / CARMEN ALTO,CARMEN ALTO,"ASENTAMIENTO HUMANO CARMEN ALTO MZ B1 LOTE 9 ZONA II ACUCHIMAY CARMEN ALTO – HUAMANGA- AYACUCHO, REF. A 1 CUADRA DE LA MUNICIPALIDAD DE CARMEN ALTO",HUAMANGA,AYACUCHO,(01) 500 7878,-13.178.399.652.891,-74.220.495.670.554
596,LA LIBERTAD / TRUJILLO / TRUJILLO / AV HNOS UCEDA - AMERICA NORTE,AV HNOS UCEDA - AMERICA NORTE,"AV. HERMANOS UCEDA MEZA N° 269 URB MIRAFLORES II ETAPA - TRUJILLO - TRUJILLO - LA LIBERTAD, REF. A UNA CDRA. DE AV. AMERICA NORTE. / ENTRE AV. MIRAFLORES Y AV. SALVADOR LARA",TRUJILLO,LA LIBERTAD,(01) 500 7878,-80.988.234.915.918,-7.902.339.297.055
597,CUSCO / QUISPICANCHI / OROPESA / OROPESA,OROPESA,"SEC. CHIMPAPAMPA APV. JOSE CCARLOS MAREATEGUI S/N, OROPESA - QUISPICANCHI - CUSCO, REF. A UNA CDRA. DE LA CARRETA A URCOS / A UNA CDRA. DE LA PANIFICADORA CACHITO AMARILLO",QUISPICANCHI,CUSCO,(01) 500 7878,-13.600.056.251.744,-7.176.866.737.056
598,PUNO / PUNO / PUNO / ALTO PUNO,ALTO PUNO,"URB. SAN PEDRO-ALTO PUNO, AV LA CULTURA N° 160, PUNO - PUNO - PUNO, REF. A TRES CDRAS. DE LA AV. QUE VA A JULIACA / A DOS CDRAS. DEL GRIFO BRONCO",PUNO,PUNO,(01) 500 7878,-15.817.227.035.489,-700.309.222
599,PIURA / TALARA / PARINAS / TALARA ALTA 9 DE OCTUBRE,TALARA ALTA 9 DE OCTUBRE,"MZ. N-10 AA.HH 9 DE OCTUBRE TALARA ALTA, PARIÑAS - TALARA - PIURA, REF. A 1 CDRA. ANTES DE AMECFA",TALARA,PIURA,(01) 500 7878,-4.591.314.005.199,-81.252.495.670.549
600,LAMBAYEQUE / CHICLAYO / MONSEFU / MONSEFU,MONSEFU,"AV. VENEZUELA N° 221, MONSEFÚ - CHICLAYO - LAMBAYEQUE, REF. REF 01: A MEDIA CDRA. DE LA CALLE DIEGO FERRE Y A CDRA. Y MEDIA DEL PARQUE ARTESANAL DE MONSEFÚ",CHICLAYO,LAMBAYEQUE,(01) 500 7878,-68.800.297.971.621,-79.868.249.329.452
601,CALLAO / CALLAO / CALLAO / AV SAENZ PEÑA ,AV SAENZ PEÑA ,"AV. SAENZ PEÑA N° 414 - 416 - CALLAO - CALLAO, REF. CRUCE CON AV. MARCO POLO",CALLAO,CALLAO,(01) 500 7878,-12.061.012.700.004.200,-7.714.257.909.998.510
602,LAMBAYEQUE / CHICLAYO / CHICLAYO / AV LAS AMERICAS,AV LAS AMERICAS,"AV. LAS AMÉRICAS LT. 42 MZ. D, URB. MONTERRICO - I ETAPA, CHICLAYO - CHICLAYO - LAMBAYEQUE, REF. A MEDIA CDRA. ENTRE LA AV. COLECTORA Y AV. LAS AMERICAS Y A MEDIA CDRA. DEL GRIFO SR. DE SIPÁN",CHICLAYO,LAMBAYEQUE,(01) 500 7878,-67.805.011.639.111,-79.852.166.441.757
603,ICA / CHINCHA / CHINCHA ALTA / CALLE LOS ANGELES,CALLE LOS ANGELES,"CALLE LOS ÁNGELES N° CASA 217 01 - A SIN BARRIIO CERCADO, CHINCHA ALTA - CHINCHA - ICA, REF. A 2 CDRAS. DE LA PLAZA DE ARMAS DE CHNCHA PASANDO ELECTRODUNAS",CHINCHA,ICA,(01) 500 7878,-13.416.193.893.866,-76.131.554.534.509
604,PUNO / SAN ROMAN / JULIACA / AV  INDEPENDENCIA,AV  INDEPENDENCIA,"AV. INDEPENDENCIA NRO. 1538 MZ. A1 LT. 04 URB. HORACIO ZEBALLOS GAMEZ, JULIACA - SAN ROMÁN - PUNO, AL FRENTE DEL GRIFO SAN CARLOS / CRUCE CON JR 21 DE ENEROREF.",SAN ROMAN,PUNO,(01) 500 7878,-15.467.833.299.999,-70.137.583.970.548
605,LORETO / MAYNAS / PUNCHANA / PUNCHANA,PUNCHANA,"CALLE BORJA N°648 PUNCHANA - MAYNAS - LORETO, REF. AL COSTADO DE LA FARMACIA SAN CARLOS CENTRO MÉDICO",MAYNAS,LORETO,(01) 500 7878,-37.299.283.680.047,-73.247.475.881.523
606,PIURA / TALARA / PARINAS / TALARA BAJA PARQUE 22,TALARA BAJA PARQUE 22,"PARQUE 22 – 03 LATERAL. TALARA BAJA, PARIÑAS - TALARA - PIURA. REF. FRENTE A MINSA",TALARA,PIURA,(01) 500 7878,-4.575.510.000.001,-81.268.615.329.431
607,CUSCO / CANCHIS / SICUANI / SICUANI AV MANUEL CALLO,SICUANI AV MANUEL CALLO,"JR. INAMBARI NRO. 208, SICUANI - CANCHIS - CUSCO, REF. AL FRENTE DEL BCP Y DE CAJA PIURA",CANCHIS,CUSCO,15007878,-14.268.306.864.713,-71.227.834.102.622
608,ICA / ICA / SUBTANJALLA / ICA SUBTANJALLA CO,ICA SUBTANJALLA CO,"C.P - SECTOR MACACONA /PREDIO PARCELA 214 LOTE 2, SUBTANJALLA - ICA - ICA, REF. PANAMERICANA SUR FRENTE A LA ENTRADA DEL ARRABAL",ICA,ICA,(01) 500 7878,-14.035.221.650.519,-7.575.583.767.055
609,UCAYALI / CORONEL PORTILLO / PUCALLPA MANANTAY / MANANTAY  AV AGUAYTIA,MANANTAY  AV AGUAYTIA,"AV. AGUAYTIA MZ., 26 LT. 20 MANANTAY - CORONEL PORTILLO - UCAYALI, REF. A MEDIA CDRA. DEL NUEVO MERCADO DE SAN FERNANDO",CORONEL PORTILLO,UCAYALI,(01) 500 7878,-83.978.536.633.598,-74.540.658.011.659
610,UCAYALI / CORONEL PORTILLO / PUCALLPA YARINACOCHA / YARINACOCHA  AV UNIVERSITARIA,YARINACOCHA  AV UNIVERSITARIA,"AV. UNIVERSITARIA MZA A LOTE 6, YARINACOCHA - CORONEL PORTILLO - UCAYALI, REF. A MEDIA CDRA. DEL LOCAL ROKALPA",CORONEL PORTILLO,UCAYALI,(01) 500 7878,-83.800.171.366.071,-74.568.467.158.895
611,UCAYALI / CORONEL PORTILLO / PUCALLPA MANANTAY / MANANTAY AV TUPAC AMARU,MANANTAY AV TUPAC AMARU,"AV. TUPAC AMARU 2315 MANANTAY - CORONEL PORTILLO - UCAYALI, REF. A MEDIA CDRA. DE LA POLLERIA EMANUEL",CORONEL PORTILLO,UCAYALI,(01) 500 7878,-83.984.739.366.528,-74.555.353.799.976
612,UCAYALI / CORONEL PORTILLO / PUCALLPA CALLERIA / CALLERIA AV SAENZ PEÑA,CALLERIA AV SAENZ PEÑA,"AV. SAENZ PEÑA 229, CALLERIA - CORONEL PORTILLO - UCAYALI, REF. A DOS CUADRAS DEL OVALO DE FEDERICO BASADRE Y SAENZ PEÑA",CORONEL PORTILLO,UCAYALI,(01) 500 7878,-83.798.995.267.862,-74.538.027.470.552
613,PIURA / PIURA / PIURA / AV RAUL MATA LA CRUZ- DOS GRIFOS,AV RAUL MATA LA CRUZ- DOS GRIFOS,"AV. RAÚL MATA LA CRUZ LT. 11 MZ. C URB. LOS JARDINES - CORPIURA, - PIURA - PIURA - PIURA, REF. A UNA CDRA. DE LOS 2 GRIFOS EN TODA LA AV. RAÚL MATA LA CRUZ",PIURA,PIURA,(01) 500 7878,-5.166.389,-80.653.667
614,LA LIBERTAD / TRUJILLO / HUANCHACO / EL MILAGRO,EL MILAGRO,"AV. INDUSTRIAL MZ 23 LT. 13 SECTOR II – EL MILAGRO, HUANCHACO - TRUJILLO - LA LIBERTAD, REF. A 2 CDRAS. DE LA PLAZA DE ARMAS DE EL MILAGRO",TRUJILLO,LA LIBERTAD,(01) 500 7878,-80.226.277.284.451,-79.068.544.041.134
615,SAN MARTIN / MOYOBAMBA / SORITOR / SORITOR,SORITOR,"JR. MIGUEL GRAU CDRA 7 N°741 MZ.05 LTE.16B, SORITOR - MOYOBAMBA - SAN MARTÍN, REF. A MEDIA CDRA. DE LA IGLESIA ASAMBLEAS DE DIOS",MOYOBAMBA,SAN MARTIN,(01) 500 7878,-61.398.617.667.064,-771.038.333
616,SAN MARTIN / EL DORADO / SAN JOSE DE SISA / SAN JOSE DE SISA,SAN JOSE DE SISA,"JR. BOLOGNESI CDRA 6, SAN JOSE DE SISA - EL DORADO - SAN MARTIN, REF. ALTURA DE JR LAMAS Y JR ELADIO TAPULLIMA",EL DORADO,SAN MARTIN,(01) 500 7878,-66.129.721.999.995,-76.691.166.029.444
617,MADRE DE DIOS / TAMBOPATA / TAMBOPATA / TAMBOPATA AV CIRCUNVALACION,TAMBOPATA AV CIRCUNVALACION,"AV. CIRCUNVALACION MZ. C LT. 01, TAMBOPATA - TAMBOPATA - MADRE DE DIOS, REF. A DOS CDRAS. DE LA CARRETERA INTEROCEANICA SUR / CRUCE CON JR. LAS MERCEDES CABELLO",TAMBOPATA,MADRE DE DIOS,(01) 500 7878,-12.581.888.331.368,-69.202.891.221.518
618,LAMBAYEQUE / LAMBAYEQUE / LAMBAYEQUE / LAMBAYEQUE CENTRO,LAMBAYEQUE CENTRO,"AV. FEDERICO VILLARREAL N° 491, LAMBAYEQUE - LAMBAYEQUE - LAMBAYEQUE, REF. A MEDIA CDRA. DE LA INTERSECCION DE LA AV. FEDERICO VILLARREAL CON CALLE EMILIANO NIÑO",LAMBAYEQUE,LAMBAYEQUE,(01) 500 7878,-67.051.384.276.932,-79.909.416.873.063
619,LIMA / LIMA / SAN JUAN DE LURIGANCHO / AV MALECON  CHECA CDRA. 1 ,AV MALECON  CHECA CDRA. 1 ,"AV. MALECÓN MIGUEL CHECA EGUIGUREN N° 167 Y 169 DE LA URB. ZÁRATE, SJL - LIMA, REF. ESQUINA CON AV. GRAN CHIMÚ",LIMA,LIMA,(01) 500 7878,-1.203.068.626.503.970,-7.701.069.288.124.660
620,LIMA / LIMA / ATE-VITARTE / HUAYCAN  EL DESCANSO,HUAYCAN  EL DESCANSO,"AV. JOSE CARLOS MARIATEGUI MZA. B LTE 06, RESIDENCIAL PARIACHI SEC. 031 ZON. 05, ATE - LIMA - LIMA, REF. CRUCE CON LA AV. LOS INCAS",LIMA,LIMA,(01) 500 7878,-12.004.388.120.507.400,-7.683.611.140.249.310
622,AMAZONAS / BAGUA / BAGUA / BAGUA CAPITAL,BAGUA CAPITAL,"JR. AMAZONAS C-9 MZ. 126 LT. 25, BAGUA - BAGUA - AMAZONAS, REF. FRENTE AL PARQUE JERUSALEN Y/O COSTADO DE AVICOLA YACEG",BAGUA,AMAZONAS,(01) 500 7878,-56.347.003.028.441,-78.528.378.922.503
623,PUNO / SAN ROMAN / JULIACA / JR AGUSTIN GAMARRA,JR AGUSTIN GAMARRA,"JR. AGUSTIN GAMARRA MZ. R1 LT. 09 URB. HUANCANE, JULIACA - SAN ROMÁN - PUNO, REF. A UNA CDRA. DE LA AV. HUANCANE / CRUCE CON JR. ALBERTO CUENTAS ZABALA",SAN ROMAN,PUNO,(01) 500 7878,-15.473.583.959.348,-70.112.417.233.275
624,LORETO / MAYNAS / IQUITOS / IQUITOS  AV TUPAC AMARU,IQUITOS  AV TUPAC AMARU,"AV.  TUPAC AMARU CON - CALLE LOURDES DE LEÓN #479 IQUITOS MAYNAS - LORETO, REF. FRENTE A LA BOTICA THIAGOFAMA",MAYNAS,LORETO,(01) 500 7878,-37.550.842.625.749,-73.269.944.604.887
626,LIMA / LIMA / SAN JUAN DE LURIGANCHO / AV CIRCUNVALACION SJL,AV CIRCUNVALACION SJL,"AV. CIRCUNVALACIÓN MZ. B-5 LT. 20 AA. HH. SARGENTO FERNANDO LORES TENAZOA COMUNA 20, SAN JUAN DE LURIGANCHO - LIMA, REF. A DOS CDRAS. DEL COLEGIO RAMIRO PRIALE",LIMA,LIMA,(01) 500 7878,-1.197.117.157.272.070,-769.893.916.747.466
627,LIMA / LIMA / VILLA MARIA DEL TRIUNFO / NUEVA ESPERANZA VMT,NUEVA ESPERANZA VMT,"AV. 26 DE NOVIEMBRE, 1728B - 1728C MZ. 90 SUB LOTE. 19B PUEBLO JOVEN NUEVA ESPERANZA, VILLA MARIA DEL TRIUNFO - LIMA, REF. A 3 CDRAS. DEL MERCADO VIRGEN DE LOURDES",LIMA,LIMA,(01) 500 7878,-12.167.552.525.986.500,-7.692.398.425.823.930
628,LIMA / LIMA / PUNTA HERMOSA / PUNTA HERMOSA ,PUNTA HERMOSA ,"AV. GARCIA RADA MZ.B LT.04, AAHH ASOCIACION DE VIVIENDA Y DESARROLLO INTEGRAL NUEVA GENERACION, PUNTA HERMOSA - LIMA, REF. A UNA CDRA. DEL PARADERO PEATONAL DE PUNTA HERMOSA",LIMA,LIMA,(01) 500 7878,-12.328.301.119.458.000,-7.682.488.673.250.220
629,LIMA / LIMA / COMAS / AV TUPAC AMARU CDRA. 57,AV TUPAC AMARU CDRA. 57,"AV. TUPAC AMARU 5725-5727 - URB. HUAQUILLAY I ETAPA, COMAS - LIMA - LIMA, REF. A MEDIA CDRA. DEL BANCO DE LA NACIÓN",LIMA,LIMA,(01) 500 7878,-11.945.312.645.664.800,-7.705.054.907.824.640
630,LIMA / LIMA / ATE-VITARTE / URB SANTA ELVIRA ,URB SANTA ELVIRA ,"AV. FERROCARRIL MZ. C LT. 19 PARCELA 3, URB. SANTA ELVIRA SEC. 018 ZONA 3, REF. A MEDIA CDRA. DEL CRUCE CON AV. DE LA CULTURA",LIMA,LIMA,(01) 500 7878,-12.028.531.299.993.400,-76.950.749.770.605
631,LIMA / BARRANCA / SUPE / SUPE,SUPE,"AV. FRANCISCO VIDAL 1120, SUPE - BARRANCA - LIMA, REF. AL COSTADO DE LUBRICENTRO CIRIACO Y MEDIA CDRA. DE LA CRUZ MISIONERA",BARRANCA,LIMA,(01) 500 7878,-10.797.690.682.632.200,-777.110.626.706.071
632,LA LIBERTAD / ASCOPE / CASA GRANDE / CASA GRANDE,CASA GRANDE,"CALLE LUIS SÁNCHEZ N° 152 SECTOR PARTE ALTA. CASA GRANDE - ASCOPE - LA LIBERTAD, REF. CRUCE CON AV. ESTADIO",ASCOPE,LA LIBERTAD,(01) 500 7878,-77.392.758.167.105,-79.187.860.328.116
633,LA LIBERTAD / TRUJILLO / TRUJILLO / OVALO PAPAL,OVALO PAPAL,"URB. VISTA HERMOSA MZ. F LT. 11 PISO °1 TRUJILLO - TRUJILLO - LA LIBERTAD, REF. A ESPALDAS DEL METRO DEL OVALO PAPAL",TRUJILLO,LA LIBERTAD,(01) 500 7878,-81.196.746.638.327,-79.042.061.399.999
634,JUNIN / HUANCAYO / EL TAMBO / CIUDAD UNIVERSITARIA,CIUDAD UNIVERSITARIA,"Jr Tarma Nro. 37 - 24, EL TAMBO - HUANCAYO - JUNÍN REF. AL COSTADO DE LA FACULTaD DE INGENIERÍA  METALÚRGICA UNCP",HUANCAYO,JUNIN,(01) 500 7878,-12.030.532.662.807,-75.235.135.251.462
635,LIMA / LIMA / PUENTE PIEDRA / AV BUENOS AIRES,AV BUENOS AIRES,"AV. BUENOS AIRES MZ. D, SUB-LOTE 188E1 ASOCIACIÓN DE POBLADORESMICAELA BASTIDAS, PUENTE PIEDRA - LIMA - LIMA, REF. A 2 CDRAS. DE LA DEMUNA DE PUENTE PIEDRA",LIMA,LIMA,,-118.466.089.579.004,-770.980.102.328.854
636,LIMA / LIMA / ATE-VITARTE / HUAYCAN AV HORACIO ZEVALLOS  ,HUAYCAN AV HORACIO ZEVALLOS  ,"AV. HORACIO ZEBALLOS MZ. V LT. 12 PROG. VIV. RESIDENCIAL PARIACHI (SEC. 031) ZONA 5, ATE - LIMA - LIMA, REF. FRENTE AL CIRCUITO DE MANEJO GARCILASO DE LA VEGA",LIMA,LIMA,(01) 500 7878,-12.007.693.484.031.500,-768.424.867.018.833
637,ICA / CHINCHA / SUNAMPE / SUNAMPE  CO,SUNAMPE  CO,"CARR. PANAMERICANA SUR NRO. 198 -B , SIN BARRIO CERCADO SUNAMPE, SUNAMPE - CHINCHA - ICA, REF. ANTIGUA PANAMERICANA SUR FRENTE A LA ENTRADA DE GROCIO PRADO.",CHINCHA,ICA,(01) 500 7878,-13.411.199.184.426,-76.161.001.005.329
638,CALLAO / CALLAO / MI PERU / MI PERU,MI PERU,"V. VICTOR RAUL HAYA DE LA TORRE MZ. A LT. 02 ASENTAMIENTO HUMANO CONFRATERNIDAD - III SECTOR - MI PERU – CALLAO - CALLAO, REF. CRUCE CON AV. AREQUIPA",CALLAO,CALLAO,(01) 500 7878,-11.857.445.566.174.300,-7.712.850.028.736.650
639,MADRE DE DIOS / TAMBOPATA / LAS PIEDRAS / EL TRIUNFO,EL TRIUNFO,"AV. INTEROCEANICA KM. 1 , LAS PIEDRAS - TAMBOPATA - MADRE DE DIOS, REF. AL COSTADO DEL GRIFO VIRGEN NATIVIDAD",TAMBOPATA,MADRE DE DIOS,01 5007878,-12.580.879,-69.172.572
640,SAN MARTIN / MOYOBAMBA / MOYOBAMBA / MOYOBAMBA  CENTRO,MOYOBAMBA  CENTRO,"JR. SERAFÍN FILOMENO N°279, MOYOBAMBA - MOYOBAMBA - SAN MARTÍN, REF. A UNA CUADRA IMEDIA DEL CUMO (CENTRO CULTURAL DE MOYOBAMBA)",MOYOBAMBA,SAN MARTIN,(01) 500 7878,-60.335.151.300.825,-76.971.054.929.448
641,TACNA / TACNA / TACNA / AV EJERCITO,AV EJERCITO,"AV. LITORAL NRO. 306 – PARA CHICO (ANTERIOR AV. EJÉRCITO PROLONGACIÓN 306 TACNA), TACNA - TACNA - TACNA, REF. DENTRO DEL ESTABLECIMIENTO DEL GRIFO PRIMAX",TACNA,TACNA,(01) 500 7878,-18.029.249.633.968,-70.274.333.272.827
642,MOQUEGUA / MARISCAL NIETO / MOQUEGUA / CHEN CHEN,CHEN CHEN,"MZ. C LT. 24 – ASOCIACIÓN CÉSAR VIZCARRA – CENTRO POBLADO CHEN CHEN , MOQUEGUA –MARISCAL NIETO – MOQUEGUA, REF. AL COSTADO DEL OVALO CHEN CHEN",MARISCAL NIETO,MOQUEGUA,(01) 500 7878,-17.199.167.770.597,-70.922.473.397.987
643,TACNA / TACNA / TACNA / POCOLLAY,POCOLLAY,"PUEBLO TRADICIONAL POCOLLAY MZ. T LOTE 01 , POCOLLAY - TACNA - TACNA, REF. A UNA CDRA. DEL CENTRO DE SALUD POCOLLAY",TACNA,TACNA,(01) 500 7878,-17.993.277.680.713,-70.218.443.730.944
644,SAN MARTIN / MARISCAL CACERES / JUANJUI / JUANJUI  CENTRO,JUANJUI  CENTRO,"JR. SARGENTO LOREZ N° 568, JUANJUI - MARISCAL CÁCERES - SAN MARTIN, REF. A UNA CDRA. DE DEL JR. HUALLAGA CDRA. 11 Y A UNA CDRA. DE IMPORTACIONES PATRICIA",MARISCAL CACERES,SAN MARTIN,(01) 500 7878,-71.799.173.139.874,-76.731.222.452.114
645,LAMBAYEQUE / CHICLAYO / REQUE / REQUE,REQUE,"AV. MARISCAL RAMON CASTILLA MZ. 4 LOTE 14, REQUE - CHICLAYO - LAMBAYEQUE, REF. A MEDIA CDRA. DE LA INTERSECCION CON CALLE SAN MARTIN / A UNOS MTRS DE ALBORADA EVENTOS Y RECEPCIONES",CHICLAYO,LAMBAYEQUE,(01) 500 7878,-68.670.559.848.257,-79.816.861.574.083
647,LAMBAYEQUE / CHICLAYO / CHONGOYAPE / CHONGOYAPE,CHONGOYAPE,"AV. ATAHUALPA N° 1200 - CHONGOYAPE - CHICLAYO - LAMBAYEQUE, REF. INTERSECCION CON CALLE IQUITOS / A 2 CDRAS. DE LA INTERSECCION CON LA AV. CHICLAYO",CHICLAYO,LAMBAYEQUE,(01) 500 7878,-66.378.895.883.335,-79.391.862.272.577
648,AREQUIPA / ISLAY / ISLAY / MATARANI,MATARANI,"ASENTAMIENTO HUMANO. PUERTO NUEVO MZ. I LT. 18 AV. BELLO HORIZONTE, ISLAY - ISLAY - AREQUIPA, REF. FRENTE AL PARQUE ECOLÓGICO",ISLAY,AREQUIPA,(01) 500 7878,-1.699.849.950.877,-72.096.777.058.153
649,LAMBAYEQUE / CHICLAYO / POMALCA / POMALCA,POMALCA,"CALLE 25 MZ. I LT. 6 SECT. 6 SAN JUAN, POMALCA - CHICLAYO - LAMBAYEQUE, REF. A UNA CDRA. Y MEDIA DE LA INTERSECCIÓN CON AV. SAN MARTIN/ AL FRENTE DE LA IGLESIA MORMON",CHICLAYO,LAMBAYEQUE,(01) 500 7878,-67.680.844.845.415,-79.780.749.746.733
650,CUSCO / CUSCO / SANTIAGO / HUANCARO ,HUANCARO ,"URB. VILLA UNION F-1-B HUANCARO, SANTIAGO - CUSCO - CUSCO, REF. FRENTE A LA IGLESIA DE LOS MORMONES/ A UNA CDRA. DEL MERCADO HUANCARO",CUSCO,CUSCO,(01) 500 7878,-13.538.445.249.518.200,-71.981.750.657.335
651,LIMA / LIMA / CERCADO LIMA / AV  NICOLAS DUEÑAS CDRA. 5 ,AV  NICOLAS DUEÑAS CDRA. 5 ,"AV. NICOLAS DUEÑAS 584 MZ. C LT. 4 – AAHH PRIMERO DE SETIEMBRE, CERCADO DE LIMA – LIMA - LIMA, REF. A MEDIA CDRA. DEL CRUCE CON JR. PEDRO GAREZON",LIMA,LIMA,(01) 500 7878,-12.041.685.469.771.800,-7.706.569.704.398.630
652,LIMA / LIMA / COMAS / AV. UNIV. PARQUE SINCHI ROCA,AV. UNIV. PARQUE SINCHI ROCA,"AV. UNIVERSITARIA NORTE MZN. Q1 LTE. 030 URB. PRIMAVERA,COMAS-LIMA - LIMA, REF. A MEDIA CDRA. DEL INGRESO AL PARQUE ZONA SINCHI ROCA",LIMA,LIMA,(01) 500 7878,-11.919.995.063.846.600,-7.705.093.521.974.250
653,LIMA / LIMA / SANTA ANITA / JR CESAR VALLEJO ,JR CESAR VALLEJO ,"JR. CESAR VALLEJO 302 MZ. B1 LT. 02 URB UNIVERSAL, SANTA ANITA- LIMA-LIMA, REF. A 1 CDRA. DEL CRUCE CON AV. TUPAC AMARU",LIMA,LIMA,(01) 500 7878,-12.043.267.502.694.600,-7.697.980.031.394.220
654,LIMA / LIMA / ANCON / ANCON,ANCON,"CARRETERA SERPENTÍN DE PASAMAYO MZ. G LT. 3 SUBLT. B - ASOC. DE PROP. CASA HUERTA IND. PECUARIAS SAN PEDRO ZONA 4, ANCÓN - LIMA-LIMA, REF. A 1 CDRA. DEL OVALO DE ANCÓN",LIMA,LIMA,(01) 500 7878,-11.774.039.837.812.800,-7.716.181.025.497.630
655,LIMA / LIMA / EL AGUSTINO / JIRON ANCASH,JIRON ANCASH,"JR. ANCASH MZ. B LT. 11 AAHH ANCIETA ALTA, EL AGUSTINO - LIMA - LIMA, REF. FRENTE AL INGRESO DE AGUSTINO PLAZA",LIMA,LIMA,(01) 500 7878,-12.041.365.477.648.600,-7.700.264.283.281.000
656,AREQUIPA / ISLAY / COCACHACRA / COCACHACRA,COCACHACRA,"CENTRO POBLADO COCACHACRA MZ. N5 SUB-LOTE 5B CALLE DEAN VALDIVIA, COCACHACRA - ISLAY - AREQUIPA, REF. DEL PARQUE SAN FRANCISCO UNA CDRA. HACIA ABAJO",ISLAY,AREQUIPA,(01) 500 7878,-17.096.111.691.038,-71.773.000.126.693
657,PUNO / SAN ROMAN / JULIACA / AV HEROES DEL PACIFICO CO,AV HEROES DEL PACIFICO CO,"AV. HÉROES DE LA GUERRA DEL PACIFICO KM 3.5, JULIACA - SAN ROMÁN - PUNO, REF. AL FRENTE DEL GRIFO LEON SERVICE",SAN ROMAN,PUNO,(01) 500 7878,-15.507.667.505.495,-70.165.000.342.215
658,SAN MARTIN / RIOJA / ELIAS SOPLIN VARGAS  / SEGUNDA JERUSALEN,SEGUNDA JERUSALEN,"JR. LIMA MZ. 43 LT. 08 , ELIAS SOPLIN VARGAS - RIOJA - SAN MARTIN, REF. AL COSTADO DE TIENDA CHINGAY",RIOJA,SAN MARTIN,(01) 500 7878,-59.887.225.879.191,-77.279.860.552.607
659,CALLAO / CALLAO / VENTANILLA / PACHACUTEC PDRO VC,PACHACUTEC PDRO VC,"AV. 225 MZ F LOTE 2 SECTOR A GRUPO RESIDENCIAL A2 - PROYECTO PILOTO NUEVO PACHACUTEC, VENTANILLA - CALLAO - CALLAO, REF. FRENTE AL CENTRO DE SALUD 3 DE FEBRERO",CALLAO,CALLAO,(01) 500 7878,-11.829.064.116.198,-77.158.289.677.599
660,LAMBAYEQUE / CHICLAYO / PATAPO / PATAPO,PATAPO,"AV. CHONGOYAPE N° S/N SECTOR CERRO MIRADOR, PATAPO - CHICLAYO - LAMBAYEQUE, REF. A UNA CDRA. Y MEDIA DE LA INTERSECCIÓN CON AV TRAPICHE / AL FRENTE DEL POLIDEPORTIVO DEL CERRO MIRADOR",CHICLAYO,LAMBAYEQUE,(01) 500 7878,-67.394.168.760.271,-79.637.638.965.613
661,LIMA / LIMA / MIRAFLORES / LARCOMAR,LARCOMAR,"MALECÓN DE LA RESERVA 610, MIRAFLORES 15074, MIRAFLORES - LIMA - LIMA, REF. SÓTANO NIVEL A",LIMA,LIMA,01 5007878,-1.213.176.251.520.770,-7.703.007.421.242.230
662,LIMA / LIMA / LA MOLINA / PARQUE LA MOLINA,PARQUE LA MOLINA,"AV. LA MOLINA 2448, LA MOLINA 15026, LA MOLINA - LIMA - LIMA, REF. ESTACIONAMIENTO NIVEL -3",LIMA,LIMA,(01) 500 7878,-1.207.532.253.461.300,-7.693.612.151.388.960
663,AREQUIPA / CASTILLA / APLAO / APLAO,APLAO,"UBICA EN LA MANZANA X1, LOTE 07, DE LA CALLE 8 DE SETIEMBRE, APLAO - CASTILLA - AREQUIPA, REF. A UNA CDRA. DE MINISTERIAL PÚBLICO FISCALÍA",CASTILLA,AREQUIPA,(01) 500 7878,-16.078.428.090.429,-72.491.853.483.296
664,CUSCO / CUSCO / SAN SEBASTIAN / CUSCO CO VIA EVITAMIENTO,CUSCO CO VIA EVITAMIENTO,"AV. EVITAMIENTO S/N UPS CHACAHUAYCO, SAN SEBASTIAN - CUSCO - CUSCO, REF. VÍA EVITAMIENTO EN EL PARADERO HORACIO",CUSCO,CUSCO,(01) 500 7878,-13.542.279.103.821,-71.918.194.399.996
665,LIMA / LIMA / LA MOLINA / AV ALAMEDA DEL CORREGIDOR,AV ALAMEDA DEL CORREGIDOR,"AV. ALAMEDA DEL CORREGIDOR MZ. U LT. 19 UI 1 - URB LA CAPILLA, LA MOLINA - LIMA - LIMA, REF. A 2 CDRAS. DEL CRUCE CON ALAMEDA DE LOS CÓNDORES",LIMA,LIMA,(01) 500 7878,-12.105.549.936.759,-76.946.964.207.289
666,CALLAO / CALLAO / VENTANILLA / PACHACUTEC  AV 150 ,PACHACUTEC  AV 150 ,"AV. 150 IZQUIERDA MZ. W2 LT. 01 PROYECTO PILOTO NUEVO PACHACUTEC, VENTANILLA - CALLAO - CALLAO, REF. A 1 CDRA. DEL CRUCE AV. CAMINO DEL INCA",CALLAO,CALLAO,(01) 500 7878,-11.838.273.352.411.600,-7.715.642.144.840.940
668,SAN MARTIN / HUALLAGA / SAPOSOA / SAPOSOA,SAPOSOA,"AV. LORETO S/N - SAPOSOA - EL HUALLAGA - SAN MARTIN, REF. EN EL HOSTAL EL GATO, A UNA CDRA. Y MEDIA DE LA PLAZA DE ARMAS",HUALLAGA,SAN MARTIN,(01) 500 7878,-69.342.505.921.754,-76.772.416.367.679
669,ICA / NAZCA / VISTA ALEGRE / VISTA ALEGRE CO,VISTA ALEGRE CO,"CARRETERA PANAMERICANA SUR N\u00b0 906, VISTA ALEGRE - NAZCA -\u00a0ICA, REF. FRENTE AL AEROPUERTO DE VISTA ALEGRE",NAZCA,ICA,,-14.850.980.032.038,-74.957.309.986.507
670,LIMA / CAÑETE / CHILCA / ANT PANAM SUR CDRA 11,ANT PANAM SUR CDRA 11,"ANTIGUA PANAMERICANA SUR CDRA. 11 MZ. 46, LT. 08. CHILCA - CAÑETE - LIMA, REF. A MEDIA CDRA. DEL HOTEL EL PACÍFICO",CAÑETE,LIMA,(01) 500 7878,-12.519.499.635.745.400,-7.673.222.309.911.320
672,AREQUIPA / CAYLLOMA / MAJES / AV COLONIZADORES  CO,AV COLONIZADORES  CO,"AV. LOTE COLONIZADORES. 4 PARCELA 180, MAJES - CAYLLOMA - AREQUIPA, REF. A MEDIA CDRA. DEL GRIFO EL EJE",CAYLLOMA,AREQUIPA,(01) 500 7878,-16.352.289.700.015.300,-7.218.092.614.106.090
673,LIMA / LIMA / VILLA EL SALVADOR / Prueba sistemas qa,Prueba sistemas qa,test sistemas,LIMA,LIMA,(01) 500 7878,-16.414.719.927.538,-76.992.912.529.448
674,TACNA / TACNA / CORONEL GREGORIO ALBARRACIN LANCHIPA / VIÑANIS,VIÑANIS,"PROMUVI VIÑANI, AMP. I ETAPA, MZ. 574, LT. 09 – CORONEL GREGORIO ALBARRACÍN LANCHIPA – TACNA - TACNA, REF. A MEDIA CDRA. DEL ÓVALO LOS MOLLES",TACNA,TACNA,(01) 500 7878,-18.062.945.787.541,-70.251.860.014.921
675,APURIMAC / COTABAMBAS / CHALLHUAHUACHO / CHALLHUAHUACHO,CHALLHUAHUACHO,"BARRIO WICHAYPAMPA LT. 13 - 15 - 16, CHALLHUAHUACHO - COTABAMBAS - APURÍMAC, REF. A DOS CDRAS DEL TERMINAL TERRESTRE DE CHALLHUAHUACHO / A ESPALDAS DEL TALLER E&L",COTABAMBAS,APURIMAC,(01) 500 7878,-14.123.588.600.655,-7.225.614.026.073
676,CAJAMARCA / CAJAMARCA / CAJAMARCA / BARRIO SAN MARTÍN,BARRIO SAN MARTÍN,"JIRÓN LOS GLADIOLOS N° 336 BARRIO SAN MARTÍN, CAJAMARCA – CAJAMARCA – CAJAMARCA, REF. A LA ALTURA DE LA CDRA. 13 DE LA VÍA DE EVITAMIENTO SUR /A UNA CDRA. DE LA UNIVERSIDAD NACIONAL DE CAJAMARCA",CAJAMARCA,CAJAMARCA,(01) 500 7878,-71.699.003.050.971,-78.499.003.664.337
677,AREQUIPA / AREQUIPA / AREQUIPA / MALL LAMBRAMANI,MALL LAMBRAMANI,"AV. LAMBRAMANI 325, AREQUIPA - AREQUIPA- AREQUIPA, REF. DENTRO DEL MALL LAMBRAMANI (SOTANO PISO -4)",AREQUIPA,AREQUIPA,(01) 500 7878,-16.410.501.929.707,-71.519.777.129.466
678,LORETO / MAYNAS / IQUITOS SAN JUAN BAUTISTA / CTRA IQUITOS NAUTA,CTRA IQUITOS NAUTA,"CARRETERA IQUITOS NAUTA, S/N MZ. K - LT. 20, SAN JUAN BAUTISTA - MAYNAS - LORETO, REF. AL COSTADO DE LA DISTRIBUIDORA AMAZON GAS.",MAYNAS,LORETO,(01) 500 7878,-37.960.541.680.007,-73.301.555.482.859
679,PUNO / PUNO / PUNO / AV  4 DE NOVIEMBRE CO,AV  4 DE NOVIEMBRE CO,"AV. 4 DE NOVIEMBRE N° 474-B Y 486-B BARRIO SANTA ROSA, PUNO - PUNO – PUNO, REF. A UNA CDRA. DE SUNAFIL",PUNO,PUNO,(01) 500 7878,-15.855.167.345.042,-70.015.778.470.551
680,CUSCO / QUISPICANCHI / OCONGATE / OCONGATE,OCONGATE,"SECT. MAYO UCJO S/N, OCONGATE - QUISPICANCHI - CUSCO, REF. A LA ESPALDA DEL TERMINAL DE BUSES DE OCONGATE / A ORILLAS DE LA CARRETA A MAZUKO",QUISPICANCHI,CUSCO,(01) 500 7878,-13.627.390.139.692,-71.388.750.657.298
686,AYACUCHO / HUAMANGA / SAN JUAN BAUTISTA / SAN JUAN BAUTISTA,SAN JUAN BAUTISTA,"AV. VENEZUELA N° 431 – URB. APROVISA, SAN JUAN BAUTISTA - HUAMANGA - AYACUCHO, REF. ALTURA DEL HOSTAL LA ORIENTAL, CERCA AL SEGURO DE ESSALUD",HUAMANGA,AYACUCHO,(01) 500 7878,-13.175.943.594.201,-74.199.324.499.991
687,LIMA / LIMA / COMAS / URB. REPARTICIÓN,URB. REPARTICIÓN,"AV. TUPAC AMARU 3184 URB. REPARTICION, COMAS - LIMA - LIMA, REF. A MEDIA CDRA. DE AV. VICTOR ANDRES BELAUNDE Y/O FRENTE A DOLLARCITY",LIMA,LIMA,(01) 500 7878,-11.939.410.443.955,-770.500.541
689,JUNIN / HUANCAYO / CHILCA / CHILCA LEONCIO PRADO,CHILCA LEONCIO PRADO,"JR. LEONICO PRADO 656, CHILCA – HUANCAYO - JUNÍN REFERENCIA: ESQUINA CON JIRON JOSE OLAYA",HUANCAYO,JUNIN,01 5007878,-12.075.860.337.839,-75.196.962.163.462
692,JUNIN / JAUJA / JAUJA / TERMINAL JAUJA,TERMINAL JAUJA,"JR.LUIS BARDALES S/N, JAUJA – JAUJA – JUNÍN, REF. TERMINAL TERRESTRE HATUN XAUXA",JAUJA,JUNIN,01 500 7878,-11.772.218.425.795,-75.492.098.458.891
694,LIMA / LIMA / SAN JUAN DE MIRAFLORES / AV LOS PRECURSORES / LAS AMERICAS,AV LOS PRECURSORES / LAS AMERICAS,"AV. LOS PRECURSORES MZ. B LT. 17 AA.HH EL INTI, SAN JUAN DE MIRAFLORES - LIMA - LIMA, REF. A 1 CDRA. DEL CRUCE CON AV. LOS PRÓCERES",LIMA,LIMA,01 500 7878,-12.187.290.105.723,-76.981.656.592.911
697,LIMA / LIMA / SAN MARTIN DE PORRES / AV  CENTRAL  SMP,AV  CENTRAL  SMP,"AV. CENTRAL MZ. A LT. 07, URB. PROGRAMA DE VIVIENDA LUCERITO DE NARANJAL, SAN MARTÍN DE PORRES - LIMA - LIMA, REF. A 5 CDRAS. DEL CRUCE CON AV. TANTAMAYO",LIMA,LIMA,01 500 7878,-11.959.972.288.593,-77.091.252.270.512
699,CAJAMARCA / CONTUMAZA / CHILETE / CHILETE - AGENTE,CHILETE - AGENTE,"JR. SANTA ROSA N° 121, CHILETE – CONTUMAZÁ – CAJAMARCA, REF. A UNA CDRA. DEL TERRAPUERTO Y A 100 MTS. DEL PUENTE DE INGRESO A CHILETE",CONTUMAZA,CAJAMARCA,(01) 500 7878,-72.225.019.957.084,-78.838.027.799.969